id,status_group
67999,functional
9256,functional
3168,functional
19684,functional
42303,functional
47818,functional
531,functional
26814,functional
31116,functional
73973,functional
73803,functional
6196,functional
56216,functional
12449,functional
45863,functional
31864,functional
6825,functional
65117,functional
36911,functional
69121,functional
62317,functional
1664,functional
29110,functional
38360,functional
56435,functional
70799,functional
48279,functional
8826,functional
42090,functional
26911,functional
37719,functional
65871,functional
41256,functional
36359,functional
24467,functional
71501,functional
27079,functional
14380,functional
56749,functional
43339,functional
13952,functional
9320,functional
34138,functional
2665,functional
62152,functional
54523,functional
38728,functional
29412,functional
31250,functional
31474,functional
30950,functional
61185,functional
16444,functional
73736,functional
1032,functional
40564,functional
55295,functional
18539,functional
34816,functional
44309,functional
38971,functional
49049,functional
18013,functional
16423,functional
12480,functional
38889,functional
27108,functional
48350,functional
35255,functional
49645,functional
59421,functional
45537,functional
23586,functional
27329,functional
39387,functional
40182,functional
52534,functional
34494,functional
70600,functional
49878,functional
6809,functional
14550,functional
11228,functional
13634,functional
43647,functional
22798,functional
37775,functional
15958,functional
16603,functional
18641,functional
24167,functional
26855,functional
16183,functional
17293,functional
1876,functional
586,functional
14505,functional
34304,functional
49605,functional
66274,functional
68318,functional
32226,functional
50975,functional
69150,functional
53937,functional
7611,functional
31893,functional
67133,functional
18409,functional
62393,functional
38914,functional
65402,functional
43720,functional
39425,functional
51139,functional
23730,functional
32978,functional
12986,functional
62345,functional
21676,functional
65726,functional
46797,functional
46053,functional
51050,functional
19297,functional
66443,functional
72538,functional
15765,functional
3323,functional
16702,functional
49132,functional
34064,functional
7572,functional
54914,functional
55807,functional
48068,functional
26340,functional
18860,functional
4345,functional
25696,functional
47253,functional
65740,functional
4208,functional
7,functional
27353,functional
180,functional
48865,functional
31861,functional
26660,functional
69854,functional
62016,functional
27184,functional
46987,functional
36985,functional
28811,functional
69741,functional
32414,functional
29944,functional
36437,functional
55154,functional
27545,functional
30881,functional
69188,functional
28670,functional
66055,functional
51283,functional
47348,functional
8058,functional
46784,functional
38595,functional
63319,functional
25302,functional
36402,functional
48253,functional
24683,functional
24242,functional
30060,functional
65646,functional
53353,functional
1063,functional
45108,functional
49278,functional
32270,functional
2878,functional
20455,functional
57007,functional
41681,functional
52139,functional
69358,functional
62448,functional
59278,functional
19246,functional
47138,functional
1221,functional
19793,functional
4346,functional
73666,functional
10797,functional
54806,functional
6759,functional
25025,functional
12611,functional
26364,functional
34598,functional
48860,functional
25442,functional
15038,functional
42283,functional
34524,functional
65992,functional
2746,functional
54558,functional
38764,functional
38700,functional
20101,functional
30992,functional
21896,functional
63788,functional
43402,functional
22651,functional
1705,functional
34368,functional
67884,functional
4043,functional
5882,functional
66222,functional
17213,functional
26828,functional
61586,functional
38602,functional
21591,functional
395,functional
5748,functional
61240,functional
13822,functional
15673,functional
8984,functional
65799,functional
38199,functional
35134,functional
64643,functional
47721,functional
38929,functional
67780,functional
650,functional
16532,functional
72199,functional
32195,functional
54437,functional
72418,functional
35236,functional
70894,functional
10759,functional
60966,functional
37323,functional
46298,functional
1253,functional
8309,functional
9168,functional
43059,functional
49916,functional
20993,functional
24873,functional
1476,functional
3817,functional
54378,functional
38323,functional
47884,functional
45553,functional
71126,functional
38966,functional
6507,functional
66420,functional
67959,functional
24856,functional
71504,functional
13879,functional
22458,functional
66249,functional
47105,functional
28066,functional
19004,functional
34012,functional
60927,functional
69415,functional
3464,functional
51161,functional
74141,functional
55393,functional
41327,functional
1897,functional
23083,functional
5360,functional
52411,functional
54430,functional
66710,functional
2686,functional
52947,functional
53965,functional
42204,functional
26099,functional
17560,functional
44513,functional
60782,functional
22723,functional
31018,functional
18403,functional
30809,functional
64656,functional
15126,functional
1902,functional
14753,functional
60661,functional
21989,functional
20982,functional
20443,functional
7144,functional
5749,functional
67955,functional
2897,functional
21252,functional
19070,functional
25262,functional
32976,functional
70200,functional
61026,functional
62347,functional
71140,functional
14074,functional
421,functional
5323,functional
54953,functional
13888,functional
2611,functional
50496,functional
61439,functional
65522,functional
35001,functional
45323,functional
14288,functional
16619,functional
17479,functional
14936,functional
25351,functional
17310,functional
5418,functional
50399,functional
20752,functional
7583,functional
40425,functional
59865,functional
58256,functional
10347,functional
37878,functional
60945,functional
26147,functional
38115,functional
29810,functional
22356,functional
35138,functional
6501,functional
63605,functional
48990,functional
25304,functional
65416,functional
38733,functional
18802,functional
27874,functional
49746,functional
19228,functional
37352,functional
42556,functional
30133,functional
33703,functional
50551,functional
29393,functional
13933,functional
321,functional
71678,functional
19906,functional
65101,functional
13766,functional
54974,functional
73492,functional
5352,functional
8583,functional
40346,functional
70931,functional
56857,functional
45230,functional
68125,functional
42161,functional
66961,functional
43795,functional
15340,functional
42892,functional
42652,functional
42578,functional
35571,functional
4888,functional
73459,functional
32187,functional
23733,functional
20037,functional
44935,functional
41488,functional
40541,functional
18503,functional
8464,functional
71544,functional
27030,functional
35919,functional
26890,functional
69892,functional
404,functional
14672,functional
7983,functional
17355,functional
40540,functional
64921,functional
26661,functional
71018,functional
65962,functional
22810,functional
48101,functional
22438,functional
27479,functional
72064,functional
8806,functional
60744,functional
16020,functional
6541,functional
11133,functional
27455,functional
10874,functional
49821,functional
52365,functional
70578,functional
63139,functional
61467,functional
30188,functional
1201,functional
44577,functional
24402,functional
45057,functional
50661,functional
46472,functional
10778,functional
25366,functional
68387,functional
40737,functional
15211,functional
67650,functional
62997,functional
27058,functional
7289,functional
17616,functional
59569,functional
73541,functional
26863,functional
61563,functional
49135,functional
70497,functional
30359,functional
68344,functional
19725,functional
72651,functional
60438,functional
72197,functional
1895,functional
67446,functional
10796,functional
63825,functional
26058,functional
19153,functional
16488,functional
67179,functional
61905,functional
43372,functional
33582,functional
7254,functional
363,functional
1764,functional
37051,functional
50195,functional
6170,functional
64360,functional
70488,functional
53101,functional
63863,functional
14192,functional
38627,functional
55306,functional
45575,functional
30295,functional
30364,functional
5150,functional
70043,functional
35949,functional
7726,functional
5103,functional
4676,functional
27235,functional
38591,functional
8899,functional
14530,functional
48621,functional
64156,functional
38474,functional
17582,functional
20869,functional
843,functional
49238,functional
71538,functional
72400,functional
6862,functional
45827,functional
1638,functional
62204,functional
49227,functional
16757,functional
69562,functional
4030,functional
18077,functional
22574,functional
50890,functional
13021,functional
4744,functional
51447,functional
23846,functional
54015,functional
59822,functional
54761,functional
31385,functional
60241,functional
46999,functional
21991,functional
7673,functional
62797,functional
64004,functional
71575,functional
15037,functional
61423,functional
2423,functional
63033,functional
36065,functional
28057,functional
63786,functional
27459,functional
16015,functional
30540,functional
67225,functional
52981,functional
174,functional
1446,functional
20398,functional
49378,functional
63297,functional
31884,functional
54646,functional
6214,functional
13855,functional
59354,functional
54692,functional
67342,functional
16171,functional
12691,functional
41651,functional
46563,functional
70670,functional
5229,functional
45456,functional
14979,functional
16091,functional
35647,functional
50044,functional
55413,functional
64765,functional
1796,functional
11287,functional
54162,functional
13897,functional
62215,functional
13024,functional
31287,functional
30047,functional
50138,functional
49552,functional
47281,functional
49570,functional
58153,functional
4771,functional
39749,functional
19842,functional
53479,functional
24278,functional
25308,functional
42297,functional
393,functional
34026,functional
6250,functional
49143,functional
21018,functional
29650,functional
37077,functional
65672,functional
22832,functional
27489,functional
48280,functional
70407,functional
40838,functional
32325,functional
66912,functional
34906,functional
60248,functional
69152,functional
25487,functional
52378,functional
67877,functional
14584,functional
41139,functional
41408,functional
57072,functional
64743,functional
42581,functional
45528,functional
52759,functional
35555,functional
672,functional
43078,functional
23377,functional
71786,functional
18280,functional
48885,functional
50329,functional
30977,functional
59378,functional
23390,functional
30013,functional
47525,functional
46974,functional
66240,functional
56909,functional
30640,functional
66127,functional
20311,functional
22411,functional
10107,functional
42562,functional
10566,functional
15576,functional
70359,functional
47131,functional
63461,functional
57948,functional
54783,functional
6117,functional
39178,functional
61637,functional
11636,functional
27999,functional
23076,functional
46705,functional
61883,functional
21443,functional
15667,functional
66200,functional
10411,functional
58788,functional
4792,functional
12654,functional
18596,functional
72953,functional
1709,functional
57649,functional
54617,functional
13942,functional
10330,functional
31966,functional
53906,functional
3972,functional
45956,functional
50597,functional
15819,functional
16881,functional
42230,functional
41305,functional
65462,functional
42538,functional
34344,functional
70139,functional
71462,functional
73287,functional
13181,functional
35274,functional
20943,functional
7820,functional
6390,functional
45902,functional
15603,functional
9439,functional
42866,functional
70953,functional
55696,functional
34506,functional
6946,functional
48491,functional
19722,functional
50202,functional
63908,functional
73900,functional
26603,functional
66530,functional
11644,functional
69905,functional
30826,functional
3841,functional
37462,functional
55458,functional
60975,functional
41922,functional
13472,functional
64726,functional
65980,functional
30630,functional
64962,functional
6145,functional
17438,functional
41740,functional
23775,functional
2845,functional
69114,functional
23968,functional
18495,functional
64506,functional
63922,functional
54292,functional
43754,functional
67661,functional
60299,functional
17464,functional
17537,functional
58735,functional
41270,functional
35830,functional
42356,functional
14438,functional
8879,functional
54214,functional
19577,functional
59643,functional
71632,functional
46732,functional
52968,functional
37234,functional
7092,functional
15393,functional
12487,functional
20375,functional
38087,functional
38798,functional
45368,functional
40134,functional
50599,functional
59977,functional
35811,functional
56564,functional
27494,functional
23466,functional
72226,functional
31223,functional
73016,functional
30197,functional
44472,functional
1920,functional
15326,functional
66452,functional
61012,functional
58794,functional
23613,functional
52866,functional
1956,functional
60176,functional
2582,functional
14122,functional
50974,functional
55636,functional
11097,functional
39132,functional
49577,functional
18113,functional
34714,functional
63789,functional
23230,functional
1928,functional
47980,functional
44103,functional
6104,functional
73720,functional
7961,functional
20386,functional
28979,functional
65471,functional
53519,functional
2113,functional
45054,functional
2907,functional
56830,functional
67262,functional
28163,functional
71723,functional
20767,functional
58361,functional
49798,functional
36547,functional
48766,functional
62184,functional
71907,functional
23455,functional
72662,functional
2985,functional
64867,functional
51706,functional
13768,functional
67244,functional
12194,functional
14039,functional
69666,functional
8346,functional
37696,functional
55512,functional
46890,functional
12688,functional
72870,functional
26154,functional
60511,functional
30691,functional
4262,functional
39855,functional
36338,functional
65850,functional
6218,functional
15838,functional
49387,functional
45122,functional
15297,functional
67981,functional
12116,functional
42728,functional
72773,functional
26711,functional
17833,functional
70733,functional
34477,functional
51477,functional
65108,functional
45218,functional
32463,functional
17201,functional
38202,functional
71105,functional
11451,functional
33686,functional
58107,functional
42571,functional
21229,functional
52496,functional
43580,functional
23126,functional
37099,functional
55181,functional
2541,functional
2562,functional
22595,functional
12012,functional
13294,functional
40748,functional
38106,functional
30377,functional
62942,functional
28226,functional
32632,functional
61757,functional
18966,functional
38330,functional
55687,functional
1613,functional
20815,functional
70830,functional
5939,functional
51678,functional
17830,functional
18732,functional
38206,functional
68453,functional
16568,functional
10692,functional
52064,functional
21697,functional
12243,functional
13849,functional
69431,functional
50573,functional
46177,functional
34770,functional
69675,functional
44210,functional
14266,functional
543,functional
2642,functional
61956,functional
73373,functional
50357,functional
9298,functional
64453,functional
58022,functional
37016,functional
57586,functional
42364,functional
43368,functional
13727,functional
15156,functional
7601,functional
21167,functional
45531,functional
11673,functional
46536,functional
27952,functional
17165,functional
67843,functional
20648,functional
60321,functional
55166,functional
39743,functional
50942,functional
25027,functional
54260,functional
70653,functional
70261,functional
60955,functional
60010,functional
41409,functional
23898,functional
20219,functional
34014,functional
44132,functional
13244,functional
44798,functional
68846,functional
40251,functional
40614,functional
20726,functional
63632,functional
35528,functional
11154,functional
71206,functional
29855,functional
13219,functional
292,functional
35369,functional
28792,functional
45702,functional
17478,functional
11263,functional
50786,functional
45659,functional
4528,functional
30791,functional
9843,functional
67944,functional
55286,functional
17912,functional
43500,functional
71602,functional
30474,functional
54513,functional
3969,functional
2072,functional
1834,functional
60140,functional
69165,functional
52521,functional
38059,functional
20887,functional
49289,functional
51357,functional
20202,functional
42947,functional
33947,functional
73975,functional
31829,functional
37048,functional
48149,functional
22481,functional
6011,functional
53738,functional
2200,functional
5484,functional
33441,functional
59849,functional
31296,functional
21258,functional
43041,functional
9812,functional
47969,functional
60071,functional
60027,functional
28019,functional
60193,functional
44422,functional
65737,functional
50992,functional
59856,functional
45061,functional
49535,functional
58781,functional
64312,functional
34000,functional
36225,functional
50517,functional
170,functional
73188,functional
5530,functional
23499,functional
23131,functional
56254,functional
18988,functional
42101,functional
20273,functional
5039,functional
45923,functional
2777,functional
69432,functional
60491,functional
14579,functional
13509,functional
74117,functional
33632,functional
69230,functional
8589,functional
15787,functional
16328,functional
31817,functional
66894,functional
12834,functional
73488,functional
27726,functional
70779,functional
63399,functional
66631,functional
32824,functional
20504,functional
40487,functional
26293,functional
1307,functional
31253,functional
1205,functional
50758,functional
19176,functional
44113,functional
14457,functional
25327,functional
1130,functional
65693,functional
50567,functional
71160,functional
18388,functional
59157,functional
27170,functional
73574,functional
38696,functional
63907,functional
8276,functional
27175,functional
3540,functional
11092,functional
23672,functional
1305,functional
1045,functional
69930,functional
60089,functional
56064,functional
70727,functional
9527,functional
28588,functional
61511,functional
67332,functional
32832,functional
53676,functional
32174,functional
54710,functional
17244,functional
25668,functional
11510,functional
55906,functional
66930,functional
22493,functional
37656,functional
3983,functional
43736,functional
22668,functional
53026,functional
38996,functional
52544,functional
67285,functional
11186,functional
51058,functional
70644,functional
45370,functional
35640,functional
71583,functional
23515,functional
73701,functional
60227,functional
56618,functional
18075,functional
54722,functional
66430,functional
17076,functional
7720,functional
49368,functional
7072,functional
39187,functional
5499,functional
25690,functional
10568,functional
14541,functional
19963,functional
22822,functional
65000,functional
61797,functional
8157,functional
54901,functional
26993,functional
43725,functional
31535,functional
20211,functional
50641,functional
1367,functional
45154,functional
8904,functional
65515,functional
31744,functional
73464,functional
51290,functional
10127,functional
18098,functional
32547,functional
70287,functional
45822,functional
37782,functional
24274,functional
30253,functional
1776,functional
68988,functional
4567,functional
61537,functional
35445,functional
55323,functional
35638,functional
61241,functional
37610,functional
19193,functional
48450,functional
52398,functional
47299,functional
42592,functional
73167,functional
37838,functional
46312,functional
58819,functional
59466,functional
7344,functional
45339,functional
17867,functional
49582,functional
66099,functional
62265,functional
40609,functional
4624,functional
58962,functional
3498,functional
69291,functional
7264,functional
55578,functional
60118,functional
5451,functional
40660,functional
27507,functional
59255,functional
53919,functional
44025,functional
68792,functional
65395,functional
33991,functional
72193,functional
70402,functional
12014,functional
10551,functional
57451,functional
11407,functional
59885,functional
23082,functional
527,functional
43697,functional
13743,functional
34694,functional
18843,functional
52888,functional
10571,functional
18145,functional
54021,functional
59493,functional
23281,functional
34648,functional
70395,functional
21319,functional
33814,functional
39421,functional
6592,functional
64298,functional
48090,functional
46799,functional
30011,functional
62381,functional
62798,functional
36798,functional
51175,functional
38513,functional
59118,functional
47596,functional
3115,functional
22204,functional
31194,functional
38721,functional
73565,functional
14595,functional
29160,functional
58831,functional
38714,functional
26305,functional
36872,functional
16119,functional
42689,functional
22928,functional
61857,functional
19587,functional
69796,functional
71129,functional
58925,functional
63135,functional
30040,functional
44270,functional
16152,functional
64494,functional
19368,functional
74144,functional
12650,functional
20851,functional
49276,functional
27447,functional
49074,functional
21415,functional
43100,functional
33220,functional
33779,functional
33713,functional
52520,functional
59781,functional
22442,functional
57613,functional
9782,functional
22327,functional
64444,functional
25742,functional
53626,functional
24997,functional
6615,functional
18143,functional
51099,functional
51502,functional
64293,functional
279,functional
34109,functional
17371,functional
62764,functional
18371,functional
16494,functional
65985,functional
56045,functional
43926,functional
64641,functional
41498,functional
57091,functional
35749,functional
23952,functional
13311,functional
9781,functional
49105,functional
49309,functional
19133,functional
10706,functional
11590,functional
29319,functional
50700,functional
44696,functional
31477,functional
2266,functional
42200,functional
43301,functional
9005,functional
73909,functional
67657,functional
50913,functional
50827,functional
33050,functional
63771,functional
31137,functional
73356,functional
19242,functional
45995,functional
46682,functional
7835,functional
73251,functional
73845,functional
12870,functional
20354,functional
65841,functional
27772,functional
46168,functional
66869,functional
71531,functional
72555,functional
55260,functional
44328,functional
21822,functional
73734,functional
59335,functional
14328,functional
18718,functional
63261,functional
58883,functional
6822,functional
60002,functional
31291,functional
67811,functional
23997,functional
46294,functional
18567,functional
57931,functional
26018,functional
45033,functional
12853,functional
38815,functional
18793,functional
13289,functional
36760,functional
41279,functional
2853,functional
23786,functional
60522,functional
43769,functional
17119,functional
30842,functional
53655,functional
17972,functional
32249,functional
52901,functional
28945,functional
53970,functional
13143,functional
22002,functional
51410,functional
61855,functional
41875,functional
63350,functional
43024,functional
32407,functional
11248,functional
22609,functional
61426,functional
4300,functional
63032,functional
40847,functional
62251,functional
32660,functional
39441,functional
34121,functional
71867,functional
639,functional
43706,functional
15242,functional
56183,functional
9813,functional
69625,functional
71333,functional
8901,functional
33095,functional
28584,functional
21034,functional
70503,functional
33344,functional
69900,functional
4757,functional
13664,functional
36556,functional
42481,functional
42272,functional
60542,functional
58701,functional
57742,functional
2614,functional
9411,functional
16236,functional
15143,functional
61789,functional
49623,functional
27984,functional
57095,functional
45899,functional
21775,functional
62298,functional
67679,functional
6115,functional
45625,functional
20200,functional
39269,functional
57768,functional
61370,functional
35730,functional
24612,functional
6313,functional
67165,functional
24260,functional
7208,functional
39124,functional
10544,functional
32545,functional
6512,functional
26442,functional
14644,functional
38615,functional
401,functional
14535,functional
49026,functional
55065,functional
18485,functional
42585,functional
45862,functional
36704,functional
63397,functional
70023,functional
12163,functional
16773,functional
31863,functional
36452,functional
60359,functional
8264,functional
66888,functional
49171,functional
56546,functional
39248,functional
29585,functional
35350,functional
23058,functional
56746,functional
53556,functional
10877,functional
21548,functional
40462,functional
41215,functional
10191,functional
41364,functional
1719,functional
42007,functional
31990,functional
64470,functional
2152,functional
33655,functional
42410,functional
1125,functional
26635,functional
16458,functional
24679,functional
31948,functional
11649,functional
59468,functional
759,functional
56824,functional
73392,functional
33931,functional
17905,functional
34584,functional
49629,functional
8115,functional
60006,functional
6516,functional
59656,functional
7552,functional
42169,functional
12114,functional
16535,functional
22856,functional
19856,functional
56919,functional
23724,functional
25377,functional
70431,functional
542,functional
7470,functional
70331,functional
70874,functional
56507,functional
61013,functional
29809,functional
20963,functional
12431,functional
37268,functional
5211,functional
41358,functional
67757,functional
9708,functional
24179,functional
44804,functional
17220,functional
56529,functional
11035,functional
14909,functional
61020,functional
20976,functional
58865,functional
30333,functional
17826,functional
73954,functional
27768,functional
73000,functional
45515,functional
64509,functional
35614,functional
65773,functional
34483,functional
38727,functional
58003,functional
31773,functional
17986,functional
60831,functional
23365,functional
41188,functional
70869,functional
40105,functional
39103,functional
51682,functional
1880,functional
38578,functional
17303,functional
71264,functional
241,functional
33288,functional
2533,functional
23335,functional
51151,functional
39169,functional
15119,functional
41119,functional
69547,functional
61180,functional
7715,functional
27182,functional
52721,functional
44908,functional
60476,functional
64899,functional
69470,functional
50200,functional
2971,functional
23512,functional
27448,functional
42936,functional
64701,functional
73391,functional
55516,functional
65667,functional
4190,functional
68303,functional
3490,functional
15955,functional
48726,functional
97,functional
69879,functional
44871,functional
38827,functional
37060,functional
67771,functional
32889,functional
23684,functional
53311,functional
70112,functional
2402,functional
6468,functional
49646,functional
23247,functional
17664,functional
67720,functional
52873,functional
51118,functional
5102,functional
35799,functional
25008,functional
73622,functional
11147,functional
58120,functional
34937,functional
59699,functional
6785,functional
25496,functional
35232,functional
71305,functional
31996,functional
31310,functional
57772,functional
69861,functional
68568,functional
39909,functional
19923,functional
44595,functional
63568,functional
55148,functional
33228,functional
37700,functional
4341,functional
42683,functional
55626,functional
63727,functional
73480,functional
27608,functional
69731,functional
72188,functional
66026,functional
49128,functional
27584,functional
56970,functional
19908,functional
27207,functional
49482,functional
66968,functional
5783,functional
25754,functional
11459,functional
71765,functional
37971,functional
38126,functional
5855,functional
72072,functional
67027,functional
60342,functional
38287,functional
16070,functional
9271,functional
28250,functional
30110,functional
67099,functional
59365,functional
64636,functional
123,functional
10288,functional
20538,functional
68564,functional
23017,functional
17231,functional
7039,functional
23748,functional
12406,functional
21112,functional
43212,functional
63852,functional
38298,functional
59763,functional
61945,functional
26535,functional
34206,functional
23984,functional
11898,functional
13741,functional
64880,functional
54009,functional
67546,functional
32946,functional
27461,functional
9431,functional
8664,functional
71467,functional
47632,functional
38637,functional
16500,functional
67275,functional
23336,functional
71772,functional
68310,functional
24080,functional
24473,functional
50643,functional
16429,functional
23573,functional
23267,functional
20096,functional
10823,functional
72005,functional
66960,functional
57968,functional
25805,functional
54468,functional
2026,functional
68965,functional
41522,functional
62863,functional
21471,functional
60699,functional
19920,functional
1030,functional
8545,functional
33489,functional
48079,functional
27472,functional
46492,functional
25952,functional
53702,functional
54268,functional
19561,functional
40516,functional
7262,functional
17018,functional
3487,functional
7018,functional
23705,functional
54380,functional
7999,functional
3256,functional
49573,functional
18126,functional
2936,functional
26355,functional
68369,functional
1800,functional
20753,functional
38211,functional
32791,functional
26521,functional
26486,functional
12410,functional
6369,functional
41046,functional
43198,functional
14642,functional
5204,functional
22012,functional
41656,functional
70765,functional
47263,functional
16268,functional
32601,functional
54194,functional
32992,functional
23816,functional
60237,functional
67566,functional
52944,functional
26519,functional
16986,functional
36864,functional
40486,functional
1159,functional
62914,functional
17444,functional
33906,functional
57907,functional
20029,functional
24932,functional
54008,functional
6392,functional
56495,functional
54222,functional
15990,functional
12132,functional
63947,functional
40771,functional
11751,functional
59803,functional
38172,functional
54776,functional
13572,functional
20055,functional
183,functional
60670,functional
1972,functional
34892,functional
32243,functional
43761,functional
37021,functional
38454,functional
18338,functional
44605,functional
29686,functional
17892,functional
22170,functional
8695,functional
58638,functional
23877,functional
63356,functional
63716,functional
47021,functional
61482,functional
64218,functional
39131,functional
6459,functional
20626,functional
74227,functional
57870,functional
70808,functional
33802,functional
55508,functional
8003,functional
17911,functional
61486,functional
13865,functional
7640,functional
55385,functional
41592,functional
42787,functional
8075,functional
66037,functional
28433,functional
12197,functional
44853,functional
13521,functional
28681,functional
71487,functional
70899,functional
1409,functional
29449,functional
29098,functional
26693,functional
37990,functional
16906,functional
60987,functional
18368,functional
64455,functional
16621,functional
32161,functional
23605,functional
38600,functional
45604,functional
59912,functional
74165,functional
70165,functional
19718,functional
14294,functional
16979,functional
17939,functional
58666,functional
7985,functional
60077,functional
39056,functional
1775,functional
57059,functional
2948,functional
23358,functional
13422,functional
10912,functional
61048,functional
33093,functional
48238,functional
69407,functional
6260,functional
49168,functional
16597,functional
25409,functional
3189,functional
5250,functional
51688,functional
7365,functional
4004,functional
41009,functional
28497,functional
27780,functional
34950,functional
46087,functional
25055,functional
7589,functional
24498,functional
55967,functional
39147,functional
71253,functional
63953,functional
21655,functional
69829,functional
59272,functional
60886,functional
70666,functional
53002,functional
56777,functional
48041,functional
70310,functional
65857,functional
18698,functional
42847,functional
61254,functional
8171,functional
67662,functional
33488,functional
18400,functional
25075,functional
1276,functional
45408,functional
72338,functional
58213,functional
38023,functional
61675,functional
36715,functional
73614,functional
48512,functional
10446,functional
31446,functional
10030,functional
25747,functional
49830,functional
17728,functional
29807,functional
60315,functional
35946,functional
40698,functional
70859,functional
51984,functional
17373,functional
51200,functional
4700,functional
36302,functional
41856,functional
5511,functional
21054,functional
53335,functional
33747,functional
25126,functional
30650,functional
18689,functional
53558,functional
36740,functional
38936,functional
42176,functional
24776,functional
18410,functional
15944,functional
46176,functional
15537,functional
68158,functional
48003,functional
36042,functional
26926,functional
53480,functional
2951,functional
10118,functional
5476,functional
28141,functional
40324,functional
17872,functional
37491,functional
11667,functional
20210,functional
33721,functional
158,functional
3233,functional
22794,functional
34730,functional
61368,functional
7171,functional
9201,functional
25834,functional
864,functional
24070,functional
19637,functional
66314,functional
51054,functional
63549,functional
47677,functional
2799,functional
28445,functional
62622,functional
1254,functional
43488,functional
41677,functional
12030,functional
73902,functional
7971,functional
14603,functional
6654,functional
14660,functional
61704,functional
72014,functional
63770,functional
64054,functional
24017,functional
59670,functional
4835,functional
30325,functional
63462,functional
52809,functional
64878,functional
61913,functional
46665,functional
39509,functional
50481,functional
52332,functional
53193,functional
9896,functional
582,functional
32520,functional
51061,functional
36104,functional
36999,functional
50951,functional
69179,functional
63656,functional
66821,functional
31242,functional
17708,functional
51150,functional
34103,functional
58955,functional
45342,functional
70523,functional
36170,functional
38128,functional
38667,functional
73179,functional
41156,functional
52785,functional
44940,functional
34315,functional
11153,functional
69822,functional
8038,functional
28729,functional
45201,functional
25156,functional
59535,functional
7439,functional
11886,functional
53394,functional
33186,functional
24890,functional
24088,functional
25697,functional
20900,functional
49609,functional
43186,functional
55587,functional
27944,functional
41020,functional
66609,functional
69145,functional
10253,functional
13236,functional
51609,functional
40427,functional
4643,functional
36492,functional
23612,functional
13940,functional
57203,functional
52736,functional
38588,functional
8962,functional
13679,functional
67860,functional
4685,functional
21270,functional
19015,functional
22836,functional
43207,functional
1408,functional
23692,functional
59059,functional
56186,functional
46596,functional
7604,functional
45920,functional
9920,functional
40742,functional
62517,functional
35388,functional
28603,functional
66910,functional
57308,functional
44727,functional
28536,functional
58579,functional
69777,functional
64980,functional
70652,functional
8626,functional
3457,functional
15244,functional
63034,functional
25549,functional
60056,functional
58365,functional
62037,functional
44203,functional
72091,functional
34105,functional
2993,functional
11377,functional
23867,functional
27890,functional
8101,functional
22580,functional
60415,functional
12341,functional
33386,functional
43682,functional
51623,functional
52370,functional
50509,functional
17436,functional
53968,functional
67423,functional
53207,functional
42611,functional
71621,functional
24953,functional
40383,functional
61541,functional
33883,functional
5732,functional
8248,functional
35508,functional
24377,functional
472,functional
4118,functional
6502,functional
57941,functional
43229,functional
62039,functional
28482,functional
6509,functional
61866,functional
72174,functional
71204,functional
37677,functional
59442,functional
52436,functional
55879,functional
42840,functional
61124,functional
43056,functional
73467,functional
2221,functional
23255,functional
47512,functional
17185,functional
65499,functional
40658,functional
73352,functional
52146,functional
24110,functional
60170,functional
40123,functional
72478,functional
59811,functional
23490,functional
73645,functional
19045,functional
23543,functional
44007,functional
5175,functional
38108,functional
14547,functional
56295,functional
63565,functional
23206,functional
36025,functional
16889,functional
68890,functional
24839,functional
24920,functional
51893,functional
9732,functional
73890,functional
16778,functional
73621,functional
47398,functional
27101,functional
67844,functional
67842,functional
17700,functional
63023,functional
40063,functional
20663,functional
31823,functional
7142,functional
5179,functional
71697,functional
9507,functional
19282,functional
69772,functional
33692,functional
8293,functional
55242,functional
61709,functional
6725,functional
19000,functional
30035,functional
41986,functional
18422,functional
68288,functional
41512,functional
31978,functional
1242,functional
61214,functional
44606,functional
23152,functional
66790,functional
8565,functional
56252,functional
26345,functional
23785,functional
37419,functional
59820,functional
23250,functional
54601,functional
38556,functional
9740,functional
23928,functional
34472,functional
66938,functional
20765,functional
25474,functional
21426,functional
42927,functional
18282,functional
19410,functional
33090,functional
43915,functional
36921,functional
53841,functional
9512,functional
1777,functional
62115,functional
8991,functional
13020,functional
45146,functional
15181,functional
54300,functional
60977,functional
68762,functional
39601,functional
51074,functional
16992,functional
11293,functional
62565,functional
5683,functional
15672,functional
8871,functional
35098,functional
67290,functional
73010,functional
41312,functional
22733,functional
43272,functional
4660,functional
12144,functional
49041,functional
1364,functional
34607,functional
4119,functional
63614,functional
7796,functional
15674,functional
18184,functional
40634,functional
66288,functional
55071,functional
33055,functional
9445,functional
37160,functional
34631,functional
17413,functional
71489,functional
54489,functional
21840,functional
48843,functional
73763,functional
20643,functional
56391,functional
58785,functional
29524,functional
38793,functional
18576,functional
58569,functional
47811,functional
41702,functional
42450,functional
50415,functional
35531,functional
48208,functional
64270,functional
59966,functional
1056,functional
63249,functional
19825,functional
59654,functional
18021,functional
17634,functional
30562,functional
49813,functional
64566,functional
51451,functional
14707,functional
69978,functional
24300,functional
45442,functional
73752,functional
12070,functional
70166,functional
45414,functional
26327,functional
37485,functional
60596,functional
42542,functional
44851,functional
38516,functional
13961,functional
1515,functional
45612,functional
67108,functional
17194,functional
44326,functional
44571,functional
36622,functional
18120,functional
39942,functional
58441,functional
19809,functional
39113,functional
42332,functional
17445,functional
12023,functional
13100,functional
55736,functional
41108,functional
30888,functional
52106,functional
6584,functional
24066,functional
12141,functional
4228,functional
12507,functional
57569,functional
61767,functional
15235,functional
22112,functional
69511,functional
37264,functional
67050,functional
49663,functional
29060,functional
9033,functional
19599,functional
22381,functional
41929,functional
67501,functional
58884,functional
2909,functional
43262,functional
73181,functional
24238,functional
34550,functional
15278,functional
17777,functional
44197,functional
55431,functional
28958,functional
27759,functional
24214,functional
67063,functional
64036,functional
26505,functional
20635,functional
24639,functional
16366,functional
48557,functional
66565,functional
31317,functional
6780,functional
52694,functional
3296,functional
65046,functional
61554,functional
22157,functional
38079,functional
63639,functional
8800,functional
1836,functional
66572,functional
10878,functional
28725,functional
30811,functional
57235,functional
2630,functional
33011,functional
32735,functional
64732,functional
30735,functional
66581,functional
25854,functional
12735,functional
9058,functional
12977,functional
73298,functional
67080,functional
766,functional
7575,functional
37888,functional
39775,functional
5206,functional
70793,functional
50711,functional
27929,functional
52029,functional
62000,functional
34293,functional
40002,functional
9473,functional
5513,functional
53147,functional
18648,functional
16331,functional
25464,functional
18964,functional
31483,functional
59800,functional
36442,functional
35104,functional
8224,functional
20567,functional
28970,functional
28375,functional
18139,functional
55624,functional
5713,functional
72637,functional
11210,functional
64574,functional
960,functional
63124,functional
43145,functional
8394,functional
4976,functional
18747,functional
1851,functional
67480,functional
48745,functional
59830,functional
66096,functional
4982,functional
34381,functional
50542,functional
56523,functional
17140,functional
6874,functional
34393,functional
34411,functional
10402,functional
14734,functional
37216,functional
33959,functional
33607,functional
32921,functional
24222,functional
6963,functional
24053,functional
45657,functional
48894,functional
60720,functional
26019,functional
7036,functional
63153,functional
21633,functional
64429,functional
42896,functional
28040,functional
49130,functional
50122,functional
53802,functional
8358,functional
3527,functional
65547,functional
36691,functional
55513,functional
17989,functional
67894,functional
60352,functional
43205,functional
12523,functional
53867,functional
69762,functional
43440,functional
45170,functional
69621,functional
39471,functional
68885,functional
60143,functional
21812,functional
8442,functional
66303,functional
10145,functional
53910,functional
63845,functional
12309,functional
56492,functional
7195,functional
57318,functional
65153,functional
66514,functional
66272,functional
10517,functional
45713,functional
71031,functional
70183,functional
48200,functional
5995,functional
59541,functional
33616,functional
47438,functional
8713,functional
28887,functional
3753,functional
50759,functional
45150,functional
60595,functional
22236,functional
45258,functional
13815,functional
45394,functional
39166,functional
47542,functional
66554,functional
66243,functional
15363,functional
59742,functional
65054,functional
51664,functional
59258,functional
71527,functional
73818,functional
51829,functional
69703,functional
11445,functional
20793,functional
15917,functional
63831,functional
65637,functional
61079,functional
14596,functional
70089,functional
66670,functional
21909,functional
50298,functional
3322,functional
17957,functional
14300,functional
50018,functional
50027,functional
47458,functional
9164,functional
10026,functional
62944,functional
16679,functional
37647,functional
11770,functional
40463,functional
22008,functional
7106,functional
52513,functional
57248,functional
28477,functional
15969,functional
41012,functional
58134,functional
57688,functional
55763,functional
70264,functional
48055,functional
42742,functional
44666,functional
51048,functional
73354,functional
65602,functional
681,functional
43728,functional
49374,functional
30848,functional
2599,functional
8921,functional
1808,functional
34864,functional
62560,functional
50433,functional
44745,functional
4532,functional
39993,functional
50893,functional
53363,functional
30734,functional
37607,functional
69462,functional
18016,functional
70401,functional
52418,functional
23931,functional
12147,functional
52270,functional
11488,functional
27239,functional
6485,functional
27991,functional
3059,functional
34438,functional
36210,functional
47857,functional
67990,functional
67638,functional
12603,functional
10441,functional
34089,functional
51543,functional
18739,functional
60870,functional
27004,functional
41316,functional
642,functional
1017,functional
56988,functional
43109,functional
55355,functional
7229,functional
11003,functional
69987,functional
7266,functional
44972,functional
62629,functional
30389,functional
67440,functional
30106,functional
7900,functional
28054,functional
10521,functional
37033,functional
23501,functional
38981,functional
34049,functional
55280,functional
48071,functional
12639,functional
73225,functional
27060,functional
44953,functional
940,functional
40441,functional
4909,functional
57824,functional
27220,functional
66535,functional
30249,functional
11271,functional
54469,functional
15619,functional
1070,functional
45291,functional
36055,functional
63311,functional
44751,functional
63205,functional
66678,functional
34271,functional
66172,functional
55542,functional
5189,functional
34591,functional
20702,functional
56386,functional
4337,functional
4416,functional
59986,functional
11213,functional
1809,functional
13959,functional
16411,functional
18931,functional
13015,functional
70519,functional
59238,functional
34258,functional
37799,functional
3444,functional
1304,functional
22885,functional
30733,functional
27832,functional
25259,functional
13885,functional
54772,functional
53072,functional
48668,functional
10359,functional
16279,functional
34117,functional
59526,functional
15271,functional
64544,functional
39430,functional
25178,functional
53205,functional
19811,functional
24265,functional
24551,functional
921,functional
16583,functional
37130,functional
7065,functional
31050,functional
44251,functional
23743,functional
62881,functional
37397,functional
15094,functional
17507,functional
3020,functional
40785,functional
20646,functional
5094,functional
55214,functional
60546,functional
39111,functional
65144,functional
36199,functional
61490,functional
36026,functional
67271,functional
59125,functional
979,functional
4683,functional
41369,functional
5338,functional
69326,functional
36120,functional
69126,functional
16143,functional
16606,functional
6329,functional
33155,functional
67462,functional
28782,functional
15924,functional
56842,functional
37905,functional
12565,functional
74026,functional
16779,functional
53978,functional
38470,functional
32740,functional
65682,functional
5268,functional
29850,functional
54360,functional
47130,functional
71194,functional
44630,functional
26425,functional
52755,functional
42813,functional
48619,functional
25787,functional
9768,functional
35805,functional
40937,functional
47845,functional
16358,functional
43731,functional
36189,functional
62501,functional
12907,functional
32881,functional
33871,functional
55086,functional
11727,functional
15458,functional
51221,functional
15369,functional
43764,functional
51456,functional
68653,functional
24355,functional
38539,functional
61898,functional
55325,functional
52994,functional
35342,functional
34893,functional
20886,functional
34415,functional
19273,functional
19573,functional
42532,functional
16802,functional
71235,functional
57767,functional
362,functional
46507,functional
10223,functional
14178,functional
5964,functional
67021,functional
18507,functional
6714,functional
66711,functional
1607,functional
61281,functional
58502,functional
67764,functional
56683,functional
32987,functional
62463,functional
41944,functional
62952,functional
52400,functional
42228,functional
48772,functional
48669,functional
21146,functional
23342,functional
17737,functional
32490,functional
15325,functional
54677,functional
53855,functional
25143,functional
70110,functional
60111,functional
66909,functional
24411,functional
26667,functional
39277,functional
16276,functional
30692,functional
47756,functional
23948,functional
69707,functional
72896,functional
62102,functional
22978,functional
31617,functional
73799,functional
69322,functional
59076,functional
32724,functional
29081,functional
7163,functional
45492,functional
1340,functional
56215,functional
63342,functional
36192,functional
19077,functional
4271,functional
38300,functional
58808,functional
12005,functional
58367,functional
26495,functional
35020,functional
47890,functional
20962,functional
52778,functional
46156,functional
22871,functional
46004,functional
37831,functional
58011,functional
17710,functional
59444,functional
60729,functional
45977,functional
22224,functional
71014,functional
22984,functional
46679,functional
44243,functional
40871,functional
48109,functional
5801,functional
21185,functional
32363,functional
56913,functional
38507,functional
51194,functional
210,functional
25954,functional
237,functional
19776,functional
40278,functional
64072,functional
31180,functional
5392,functional
18710,functional
36716,functional
71620,functional
47605,functional
41802,functional
53264,functional
564,functional
14408,functional
60575,functional
19396,functional
24876,functional
6099,functional
18263,functional
67719,functional
59088,functional
54371,functional
11234,functional
54932,functional
73029,functional
38931,functional
7619,functional
9355,functional
23393,functional
56858,functional
10072,functional
15758,functional
31490,functional
16182,functional
25753,functional
831,functional
41031,functional
15916,functional
6363,functional
22768,functional
43550,functional
22805,functional
3760,functional
28256,functional
23811,functional
7423,functional
41367,functional
13129,functional
6504,functional
20953,functional
23563,functional
5331,functional
45214,functional
46887,functional
28304,functional
17834,functional
65973,functional
32745,functional
6927,functional
562,functional
59814,functional
29900,functional
8120,functional
14373,functional
57008,functional
45949,functional
53283,functional
35401,functional
34463,functional
56952,functional
38467,functional
42905,functional
26615,functional
20617,functional
52758,functional
10053,functional
24305,functional
57459,functional
64589,functional
5008,functional
8937,functional
37685,functional
27410,functional
65628,functional
35670,functional
45803,functional
27214,functional
69483,functional
32288,functional
11276,functional
59570,functional
19613,functional
56837,functional
26064,functional
50813,functional
12690,functional
8353,functional
49098,functional
46975,functional
16703,functional
38642,functional
54967,functional
63741,functional
44584,functional
13004,functional
25210,functional
73174,functional
59617,functional
47217,functional
17420,functional
53302,functional
41679,functional
65177,functional
842,functional
28892,functional
51089,functional
68998,functional
24336,functional
74021,functional
68806,functional
46142,functional
30076,functional
48402,functional
56696,functional
23813,functional
45183,functional
14204,functional
12142,functional
70588,functional
22484,functional
52374,functional
63881,functional
2649,functional
33652,functional
36863,functional
19622,functional
1366,functional
62996,functional
29849,functional
24647,functional
18913,functional
62341,functional
44645,functional
3613,functional
67155,functional
60444,functional
57010,functional
71230,functional
70442,functional
68744,functional
34397,functional
1785,functional
27895,functional
16958,functional
13185,functional
24695,functional
41263,functional
63421,functional
30958,functional
11983,functional
26703,functional
65295,functional
24559,functional
26785,functional
71908,functional
13352,functional
46856,functional
61659,functional
49430,functional
40668,functional
13248,functional
40347,functional
69025,functional
32942,functional
31315,functional
9733,functional
5441,functional
2187,functional
47690,functional
54951,functional
38932,functional
10557,functional
38119,functional
47481,functional
25136,functional
31167,functional
14637,functional
52267,functional
60768,functional
248,functional
74046,functional
12800,functional
73812,functional
68405,functional
19837,functional
52638,functional
40905,functional
37245,functional
38849,functional
25736,functional
58202,functional
28896,functional
46073,functional
32565,functional
9893,functional
45,functional
66693,functional
15898,functional
43064,functional
68424,functional
71759,functional
7121,functional
26688,functional
34739,functional
37170,functional
29465,functional
28382,functional
26192,functional
13010,functional
53727,functional
44693,functional
61353,functional
55474,functional
32075,functional
56140,functional
13441,functional
52141,functional
317,functional
6768,functional
68918,functional
24488,functional
38691,functional
19913,functional
19878,functional
15866,functional
37861,functional
64992,functional
26878,functional
69619,functional
45171,functional
36232,functional
65297,functional
69482,functional
1737,functional
2771,functional
18741,functional
15512,functional
53640,functional
65508,functional
65216,functional
45206,functional
62585,functional
39210,functional
6194,functional
60942,functional
68510,functional
9139,functional
27377,functional
9098,functional
64426,functional
61820,functional
28045,functional
33843,functional
3213,functional
73984,functional
19493,functional
10160,functional
43334,functional
28068,functional
63108,functional
11522,functional
66666,functional
56302,functional
49294,functional
49859,functional
5730,functional
39706,functional
58352,functional
40827,functional
53212,functional
65201,functional
37183,functional
15193,functional
26090,functional
41836,functional
31289,functional
4761,functional
70063,functional
49280,functional
40882,functional
62123,functional
27454,functional
35125,functional
54805,functional
1756,functional
31372,functional
3813,functional
56937,functional
42725,functional
45626,functional
6216,functional
31767,functional
55700,functional
46727,functional
17661,functional
26386,functional
12302,functional
65632,functional
52668,functional
69816,functional
45307,functional
34890,functional
36415,functional
5837,functional
73405,functional
33323,functional
59518,functional
38473,functional
22829,functional
35094,functional
30727,functional
65994,functional
26730,functional
56979,functional
53633,functional
64238,functional
22027,functional
54032,functional
70351,functional
59785,functional
38451,functional
19607,functional
52470,functional
69739,functional
16781,functional
25395,functional
27193,functional
8006,functional
47006,functional
34996,functional
588,functional
69257,functional
70206,functional
65533,functional
49677,functional
18323,functional
12296,functional
29555,functional
67300,functional
22801,functional
54251,functional
38999,functional
3657,functional
1102,functional
52425,functional
3837,functional
37141,functional
4778,functional
48078,functional
35171,functional
39785,functional
11967,functional
59406,functional
2160,functional
70281,functional
2835,functional
45433,functional
67232,functional
64052,functional
66784,functional
51126,functional
71001,functional
27594,functional
53982,functional
49560,functional
13939,functional
73938,functional
55770,functional
70563,functional
26446,functional
38445,functional
46022,functional
27553,functional
54454,functional
45533,functional
37812,functional
28738,functional
50300,functional
32761,functional
56375,functional
17456,functional
35620,functional
27814,functional
35479,functional
34863,functional
55415,functional
52510,functional
69776,functional
6918,functional
61735,functional
47150,functional
46779,functional
49343,functional
39610,functional
33249,functional
50493,functional
23827,functional
19650,functional
51770,functional
39525,functional
6994,functional
51735,functional
2844,functional
53483,functional
17758,functional
49919,functional
6023,functional
67077,functional
23113,functional
67783,functional
28806,functional
25343,functional
33471,functional
43938,functional
49603,functional
18278,functional
53693,functional
3440,functional
55574,functional
58857,functional
23392,functional
54919,functional
23498,functional
9228,functional
40684,functional
3774,functional
24944,functional
29758,functional
20306,functional
64236,functional
38252,functional
31784,functional
26152,functional
63148,functional
12638,functional
18194,functional
10415,functional
48139,functional
23514,functional
52558,functional
65605,functional
26843,functional
10885,functional
55062,functional
30971,functional
60812,functional
7378,functional
11107,functional
65394,functional
64758,functional
61575,functional
73223,functional
51856,functional
7938,functional
32388,functional
63456,functional
70256,functional
47043,functional
44801,functional
70501,functional
48328,functional
10730,functional
50626,functional
60391,functional
61493,functional
59919,functional
39175,functional
31104,functional
15778,functional
34580,functional
29048,functional
71339,functional
17333,functional
67120,functional
31601,functional
57199,functional
33157,functional
16805,functional
36861,functional
2146,functional
41326,functional
25465,functional
61259,functional
71510,functional
44709,functional
44963,functional
34241,functional
28033,functional
66072,functional
1974,functional
39321,functional
41341,functional
471,functional
4798,functional
11681,functional
49434,functional
39486,functional
44803,functional
50739,functional
34948,functional
22973,functional
28194,functional
50242,functional
32758,functional
371,functional
55029,functional
41163,functional
31061,functional
15779,functional
29836,functional
37460,functional
9276,functional
15593,functional
21155,functional
4585,functional
63690,functional
51860,functional
980,functional
34966,functional
6767,functional
25347,functional
50383,functional
32502,functional
49086,functional
45576,functional
4617,functional
41449,functional
41518,functional
26544,functional
20924,functional
55897,functional
70004,functional
55593,functional
36688,functional
51038,functional
36142,functional
50094,functional
62696,functional
34309,functional
7491,functional
34356,functional
24945,functional
70443,functional
36134,functional
51395,functional
62987,functional
40042,functional
65745,functional
1173,functional
538,functional
442,functional
13098,functional
48145,functional
38373,functional
71382,functional
33483,functional
60629,functional
71277,functional
13419,functional
58433,functional
23388,functional
59478,functional
54688,functional
69061,functional
8491,functional
62834,functional
58823,functional
35701,functional
30475,functional
50678,functional
24442,functional
42700,functional
73306,functional
8456,functional
61463,functional
16262,functional
28771,functional
43068,functional
50088,functional
35883,functional
72118,functional
34299,functional
46603,functional
62279,functional
22429,functional
51086,functional
51796,functional
73710,functional
556,functional
38712,functional
5427,functional
49262,functional
58102,functional
51593,functional
47997,functional
73829,functional
30954,functional
38802,functional
17839,functional
48189,functional
18179,functional
49332,functional
23595,functional
36674,functional
55322,functional
8885,functional
10493,functional
5063,functional
21833,functional
31031,functional
24308,functional
22700,functional
73874,functional
38735,functional
27848,functional
17715,functional
24930,functional
65156,functional
15781,functional
46411,functional
43908,functional
31875,functional
34528,functional
26035,functional
34560,functional
19816,functional
37646,functional
65809,functional
61041,functional
26076,functional
10158,functional
39737,functional
43319,functional
17937,functional
72625,functional
29389,functional
50583,functional
70716,functional
65615,functional
57098,functional
29630,functional
47961,functional
22842,functional
63519,functional
51541,functional
68661,functional
68757,functional
44171,functional
41859,functional
51360,functional
48276,functional
61504,functional
7881,functional
22415,functional
28750,functional
33458,functional
1703,functional
24951,functional
66061,functional
52221,functional
32698,functional
30538,functional
3834,functional
32397,functional
60374,functional
32012,functional
25887,functional
46046,functional
3058,functional
10591,functional
14578,functional
56761,functional
25983,functional
34465,functional
66334,functional
2028,functional
64361,functional
24746,functional
17931,functional
3699,functional
26204,functional
14938,functional
17375,functional
45695,functional
72098,functional
42663,functional
4095,functional
24680,functional
70920,functional
72805,functional
21678,functional
28443,functional
66764,functional
19024,functional
16614,functional
31908,functional
11502,functional
53161,functional
53539,functional
73051,functional
20201,functional
37973,functional
39834,functional
8258,functional
4856,functional
58298,functional
56141,functional
58475,functional
36131,functional
34165,functional
39673,functional
53235,functional
9908,functional
24414,functional
2182,functional
67153,functional
29979,functional
41654,functional
17390,functional
65034,functional
39394,functional
18404,functional
12719,functional
51367,functional
29226,functional
71212,functional
21172,functional
11768,functional
51802,functional
23445,functional
4105,functional
60316,functional
40966,functional
1189,functional
70897,functional
19441,functional
6495,functional
52376,functional
73445,functional
16318,functional
72908,functional
7538,functional
17468,functional
48929,functional
70217,functional
6064,functional
60103,functional
66442,functional
67210,functional
311,functional
66089,functional
70565,functional
29352,functional
159,functional
69615,functional
63256,functional
9914,functional
61192,functional
18327,functional
22277,functional
20531,functional
56494,functional
42385,functional
68309,functional
44500,functional
13780,functional
6570,functional
73517,functional
71926,functional
22766,functional
28039,functional
43505,functional
11744,functional
28739,functional
12669,functional
2974,functional
6471,functional
49942,functional
14213,functional
11757,functional
24836,functional
30772,functional
30378,functional
2992,functional
36923,functional
52405,functional
11080,functional
49889,functional
34561,functional
28049,functional
56783,functional
21347,functional
58332,functional
9330,functional
56521,functional
13112,functional
29878,functional
43192,functional
60527,functional
37328,functional
35746,functional
66455,functional
39643,functional
32772,functional
59346,functional
29545,functional
15936,functional
4810,functional
69305,functional
59416,functional
69321,functional
48225,functional
66568,functional
64382,functional
73513,functional
6199,functional
72550,functional
2124,functional
27642,functional
30859,functional
67922,functional
25918,functional
11111,functional
24557,functional
59131,functional
64984,functional
15996,functional
23614,functional
23695,functional
52555,functional
42694,functional
4097,functional
5954,functional
58431,functional
14954,functional
21519,functional
4141,functional
31992,functional
62854,functional
66725,functional
34845,functional
70062,functional
70404,functional
15106,functional
6074,functional
57069,functional
53894,functional
38976,functional
11078,functional
52533,functional
18479,functional
3820,functional
39718,functional
29427,functional
47822,functional
56311,functional
39566,functional
17591,functional
17797,functional
48515,functional
73477,functional
56292,functional
20850,functional
66047,functional
9474,functional
45957,functional
68507,functional
32043,functional
16255,functional
32656,functional
38368,functional
70974,functional
5461,functional
1697,functional
2154,functional
69049,functional
25484,functional
50587,functional
65725,functional
294,functional
61965,functional
50385,functional
32391,functional
21820,functional
43897,functional
50750,functional
55129,functional
18932,functional
28574,functional
51882,functional
8994,functional
6143,functional
65506,functional
9973,functional
8980,functional
19621,functional
72629,functional
45274,functional
14969,functional
41991,functional
45798,functional
49754,functional
10774,functional
7157,functional
23551,functional
64131,functional
44497,functional
11006,functional
28067,functional
17920,functional
46611,functional
26465,functional
23182,functional
44009,functional
58454,functional
50164,functional
38561,functional
8282,functional
24317,functional
17291,functional
57927,functional
58863,functional
21839,functional
46986,functional
64530,functional
72596,functional
44667,functional
8587,functional
5016,functional
63493,functional
38606,functional
36246,functional
71401,functional
1856,functional
5409,functional
14272,functional
21861,functional
29842,functional
48022,functional
25342,functional
34821,functional
46700,functional
21365,functional
68708,functional
63923,functional
20842,functional
58121,functional
688,functional
66599,functional
74139,functional
437,functional
50126,functional
3339,functional
26551,functional
50407,functional
26787,functional
58599,functional
4077,functional
51922,functional
63488,functional
11337,functional
55719,functional
16077,functional
58687,functional
28500,functional
56057,functional
64319,functional
12099,functional
45933,functional
5697,functional
45460,functional
34515,functional
4052,functional
62844,functional
21789,functional
63170,functional
2299,functional
1454,functional
25083,functional
38877,functional
24406,functional
59826,functional
2223,functional
24409,functional
47585,functional
3642,functional
50897,functional
42226,functional
38831,functional
45094,functional
72100,functional
46646,functional
61336,functional
71933,functional
10249,functional
70801,functional
12150,functional
15812,functional
7757,functional
71377,functional
24163,functional
45681,functional
59002,functional
823,functional
4784,functional
23578,functional
34214,functional
61944,functional
67631,functional
71963,functional
58459,functional
64789,functional
71124,functional
40896,functional
439,functional
55922,functional
16782,functional
26760,functional
38217,functional
62761,functional
49327,functional
64555,functional
50356,functional
61658,functional
34122,functional
70363,functional
13453,functional
12570,functional
56116,functional
26707,functional
49572,functional
50516,functional
1192,functional
10804,functional
68771,functional
35055,functional
4735,functional
29291,functional
15889,functional
62638,functional
56283,functional
27477,functional
15110,functional
60112,functional
60590,functional
44643,functional
56437,functional
16838,functional
74040,functional
3635,functional
15313,functional
12629,functional
10645,functional
61099,functional
31905,functional
43185,functional
59183,functional
32607,functional
15681,functional
34034,functional
17043,functional
49435,functional
44431,functional
65050,functional
38825,functional
24847,functional
55175,functional
2204,functional
18525,functional
56665,functional
20232,functional
12011,functional
29488,functional
63898,functional
8556,functional
60745,functional
64222,functional
21635,functional
59307,functional
58177,functional
46943,functional
43364,functional
18583,functional
20969,functional
40030,functional
19074,functional
28360,functional
52577,functional
1716,functional
70963,functional
30368,functional
47917,functional
45313,functional
7045,functional
71636,functional
63264,functional
11577,functional
14248,functional
12412,functional
53129,functional
2804,functional
44999,functional
23142,functional
5563,functional
52341,functional
60722,functional
2335,functional
68312,functional
26234,functional
596,functional
41528,functional
679,functional
65913,functional
30181,functional
33787,functional
15988,functional
21487,functional
63709,functional
54793,functional
42805,functional
60948,functional
25873,functional
49711,functional
832,functional
48536,functional
59587,functional
71039,functional
12591,functional
58521,functional
46080,functional
62954,functional
12885,functional
47780,functional
32777,functional
65065,functional
31492,functional
42064,functional
68480,functional
53423,functional
39944,functional
13819,functional
67109,functional
5357,functional
11832,functional
62931,functional
9743,functional
21238,functional
22026,functional
15261,functional
48908,functional
19879,functional
14073,functional
71101,functional
38220,functional
6258,functional
42678,functional
45673,functional
62698,functional
10751,functional
43562,functional
65986,functional
45396,functional
48017,functional
6415,functional
48356,functional
52136,functional
26438,functional
55114,functional
28932,functional
55525,functional
40620,functional
66472,functional
15770,functional
14437,functional
70463,functional
70667,functional
35149,functional
18195,functional
55194,functional
50826,functional
51932,functional
42324,functional
48848,functional
54941,functional
2147,functional
39950,functional
61058,functional
28592,functional
35930,functional
44739,functional
64774,functional
32133,functional
7108,functional
3582,functional
65844,functional
64708,functional
31053,functional
73628,functional
12748,functional
59314,functional
49898,functional
64116,functional
46163,functional
46977,functional
8375,functional
10696,functional
64083,functional
48462,functional
46203,functional
18225,functional
40317,functional
53491,functional
58266,functional
40160,functional
73370,functional
20076,functional
57783,functional
19719,functional
3415,functional
61393,functional
68519,functional
25676,functional
63099,functional
48341,functional
7557,functional
12156,functional
40879,functional
19062,functional
2887,functional
20242,functional
48529,functional
3785,functional
52121,functional
65431,functional
28282,functional
84,functional
72791,functional
22506,functional
37553,functional
52367,functional
10699,functional
16066,functional
24544,functional
22392,functional
9482,functional
68596,functional
35173,functional
32501,functional
31330,functional
7381,functional
38490,functional
16256,functional
30406,functional
49899,functional
71490,functional
46849,functional
11926,functional
28639,functional
41600,functional
23779,functional
40659,functional
7363,functional
45766,functional
38378,functional
2030,functional
4805,functional
21760,functional
14587,functional
15927,functional
35847,functional
30789,functional
65929,functional
11233,functional
62988,functional
72044,functional
36037,functional
19874,functional
42969,functional
15748,functional
66316,functional
61717,functional
39711,functional
54061,functional
16972,functional
59290,functional
71717,functional
23546,functional
6249,functional
55157,functional
36634,functional
64836,functional
67135,functional
25914,functional
50448,functional
32828,functional
72413,functional
51562,functional
32980,functional
52652,functional
65853,functional
40055,functional
25557,functional
23382,functional
53885,functional
22579,functional
46219,functional
3234,functional
25615,functional
12948,functional
32263,functional
4752,functional
55294,functional
16847,functional
56018,functional
67041,functional
57682,functional
3237,functional
45025,functional
6371,functional
19670,functional
19276,functional
38958,functional
12416,functional
24425,functional
36546,functional
18289,functional
23069,functional
16150,functional
55615,functional
6969,functional
1160,functional
44456,functional
47041,functional
61841,functional
29664,functional
63938,functional
7688,functional
65599,functional
7079,functional
73641,functional
59894,functional
11812,functional
49237,functional
37053,functional
38145,functional
14728,functional
53056,functional
71417,functional
33081,functional
31325,functional
54994,functional
43293,functional
28701,functional
47851,functional
1197,functional
22518,functional
59560,functional
55555,functional
34732,functional
55604,functional
57202,functional
38409,functional
28786,functional
42325,functional
65812,functional
43451,functional
62442,functional
67928,functional
72002,functional
22994,functional
68544,functional
29894,functional
60449,functional
17272,functional
42734,functional
13042,functional
47764,functional
32330,functional
6948,functional
45298,functional
18365,functional
68436,functional
30956,functional
34783,functional
66669,functional
58725,functional
58394,functional
57733,functional
971,functional
71770,functional
16078,functional
14965,functional
68233,functional
53881,functional
49097,functional
14427,functional
48781,functional
72135,functional
16463,functional
14975,functional
38525,functional
18304,functional
47783,functional
37631,functional
62632,functional
41479,functional
26574,functional
24475,functional
32058,functional
5636,functional
54406,functional
21986,functional
20001,functional
24480,functional
49349,functional
56350,functional
40243,functional
60483,functional
32546,functional
50458,functional
34326,functional
2437,functional
39660,functional
23817,functional
11492,functional
15108,functional
69139,functional
29467,functional
65731,functional
48677,functional
9291,functional
12862,functional
25757,functional
45545,functional
44378,functional
27696,functional
14783,functional
24056,functional
55831,functional
25656,functional
16010,functional
68975,functional
11138,functional
14970,functional
64781,functional
35060,functional
50978,functional
49873,functional
1913,functional
4377,functional
18091,functional
57328,functional
59261,functional
58544,functional
6958,functional
3651,functional
2597,functional
53740,functional
54890,functional
64341,functional
9386,functional
43671,functional
42586,functional
3230,functional
40157,functional
62007,functional
413,functional
73634,functional
5264,functional
57810,functional
68961,functional
29107,functional
64999,functional
10269,functional
17992,functional
20727,functional
33684,functional
4101,functional
60484,functional
10576,functional
57667,functional
70459,functional
3371,functional
53680,functional
57503,functional
20067,functional
36866,functional
45322,functional
58208,functional
3640,functional
21994,functional
33330,functional
11413,functional
61758,functional
63882,functional
56733,functional
60877,functional
15804,functional
10405,functional
35227,functional
72424,functional
32163,functional
35752,functional
60023,functional
45980,functional
5238,functional
33875,functional
22211,functional
25535,functional
64010,functional
14371,functional
15219,functional
23220,functional
39584,functional
15230,functional
11598,functional
61951,functional
1146,functional
21948,functional
47155,functional
72658,functional
41563,functional
37832,functional
45200,functional
35740,functional
66258,functional
34596,functional
48479,functional
27288,functional
68853,functional
47389,functional
42347,functional
30006,functional
10872,functional
69000,functional
29071,functional
48896,functional
68007,functional
5888,functional
48968,functional
15633,functional
37249,functional
68326,functional
42245,functional
60824,functional
21090,functional
13676,functional
50100,functional
7905,functional
34857,functional
21215,functional
14329,functional
65993,functional
58566,functional
8001,functional
1713,functional
37544,functional
64047,functional
44678,functional
53755,functional
54399,functional
21106,functional
67635,functional
59634,functional
61132,functional
37535,functional
30425,functional
9492,functional
58395,functional
49980,functional
73035,functional
21894,functional
68276,functional
32785,functional
54989,functional
35841,functional
38540,functional
27864,functional
60883,functional
66525,functional
65024,functional
53502,functional
34284,functional
35736,functional
54990,functional
38617,functional
62513,functional
3132,functional
49838,functional
44130,functional
60270,functional
19389,functional
65524,functional
3167,functional
65614,functional
21255,functional
57949,functional
53598,functional
17182,functional
42401,functional
3265,functional
18275,functional
57285,functional
63093,functional
5070,functional
11555,functional
36711,functional
5190,functional
48720,functional
33556,functional
38500,functional
16994,functional
73871,functional
61125,functional
44406,functional
56651,functional
57323,functional
6971,functional
68635,functional
5061,functional
69714,functional
13759,functional
14701,functional
61976,functional
46193,functional
62269,functional
65292,functional
9529,functional
56514,functional
50476,functional
44335,functional
35433,functional
52095,functional
13571,functional
43070,functional
64389,functional
66763,functional
36906,functional
5199,functional
33579,functional
62145,functional
17249,functional
69599,functional
56469,functional
54570,functional
46325,functional
52027,functional
5503,functional
866,functional
2989,functional
27199,functional
26956,functional
20414,functional
67634,functional
43240,functional
29156,functional
44287,functional
516,functional
70916,functional
44278,functional
18163,functional
38863,functional
22315,functional
30653,functional
624,functional
41597,functional
63054,functional
18062,functional
25174,functional
35107,functional
45139,functional
66595,functional
5523,functional
1817,functional
67160,functional
3569,functional
72028,functional
69672,functional
4551,functional
70786,functional
18608,functional
41763,functional
30015,functional
62259,functional
53793,functional
59700,functional
55766,functional
35371,functional
56569,functional
66487,functional
21965,functional
25559,functional
59839,functional
62260,functional
69671,functional
49927,functional
66615,functional
11801,functional
11348,functional
43737,functional
63996,functional
59720,functional
8050,functional
65691,functional
58360,functional
27365,functional
60033,functional
62414,functional
25502,functional
41148,functional
37961,functional
67112,functional
47119,functional
66068,functional
38847,functional
53781,functional
58185,functional
24702,functional
26616,functional
5643,functional
67484,functional
64865,functional
24474,functional
40288,functional
55630,functional
44830,functional
39423,functional
46093,functional
25070,functional
65921,functional
16465,functional
41273,functional
67722,functional
2774,functional
5811,functional
49664,functional
37699,functional
3504,functional
25188,functional
29703,functional
59815,functional
23208,functional
38837,functional
13673,functional
18029,functional
68585,functional
53354,functional
48112,functional
29122,functional
33273,functional
10704,functional
15684,functional
30997,functional
10105,functional
15329,functional
21796,functional
11114,functional
65031,functional
42118,functional
72148,functional
68540,functional
19810,functional
2199,functional
70826,functional
34582,functional
12220,functional
43350,functional
61607,functional
45793,functional
10109,functional
39629,functional
67019,functional
72300,functional
25666,functional
24814,functional
42692,functional
35273,functional
23531,functional
62500,functional
71837,functional
2001,functional
60584,functional
4762,functional
48250,functional
45685,functional
26662,functional
57200,functional
10165,functional
30685,functional
19882,functional
15538,functional
6306,functional
71936,functional
14238,functional
55712,functional
70714,functional
68633,functional
36530,functional
46304,functional
6802,functional
64808,functional
48004,functional
41422,functional
16695,functional
55182,functional
56762,functional
12600,functional
934,functional
3417,functional
14810,functional
28939,functional
44509,functional
22815,functional
39616,functional
46130,functional
10733,functional
13456,functional
41891,functional
72913,functional
10154,functional
46215,functional
68640,functional
20135,functional
67974,functional
5085,functional
42952,functional
56841,functional
72847,functional
40689,functional
7794,functional
51361,functional
62262,functional
30308,functional
15598,functional
16696,functional
10860,functional
13694,functional
6559,functional
17908,functional
49877,functional
74069,functional
30541,functional
61191,functional
63949,functional
54241,functional
47349,functional
445,functional
12187,functional
52738,functional
61947,functional
53281,functional
47946,functional
57361,functional
31075,functional
53805,functional
14144,functional
60954,functional
59739,functional
62755,functional
33183,functional
52774,functional
12753,functional
12121,functional
17389,functional
4084,functional
72772,functional
59297,functional
43287,functional
11899,functional
71843,functional
45802,functional
72372,functional
65490,functional
3414,functional
72500,functional
49465,functional
70021,functional
7617,functional
38611,functional
53192,functional
51827,functional
59823,functional
41500,functional
4234,functional
66370,functional
65064,functional
23340,functional
230,functional
17696,functional
30444,functional
26316,functional
44271,functional
63670,functional
2436,functional
70880,functional
64188,functional
57558,functional
7290,functional
54683,functional
32338,functional
25844,functional
74201,functional
68487,functional
45606,functional
27559,functional
33651,functional
29181,functional
40,functional
59066,functional
63252,functional
57944,functional
68317,functional
36280,functional
24420,functional
22779,functional
35901,functional
57478,functional
27700,functional
12831,functional
48575,functional
60003,functional
21011,functional
21783,functional
50952,functional
19257,functional
36227,functional
4221,functional
31694,functional
31764,functional
29923,functional
41132,functional
60480,functional
63755,functional
39560,functional
26831,functional
1184,functional
33290,functional
32057,functional
63457,functional
26358,functional
54269,functional
62244,functional
51994,functional
66397,functional
42135,functional
28775,functional
19904,functional
64410,functional
50762,functional
15139,functional
68850,functional
50108,functional
37119,functional
44614,functional
19629,functional
6388,functional
6547,functional
20556,functional
1593,functional
53133,functional
70076,functional
14262,functional
49674,functional
3098,functional
32829,functional
7984,functional
29239,functional
769,functional
66244,functional
52718,functional
42829,functional
71613,functional
20883,functional
14098,functional
74000,functional
19271,functional
12047,functional
32951,functional
67236,functional
12794,functional
72670,functional
72661,functional
24956,functional
46884,functional
12633,functional
15294,functional
70640,functional
66944,functional
25804,functional
6205,functional
41923,functional
42423,functional
43933,functional
73180,functional
50602,functional
64548,functional
23302,functional
3671,functional
710,functional
32781,functional
20514,functional
55487,functional
18329,functional
48938,functional
66105,functional
60459,functional
51628,functional
35646,functional
73901,functional
64667,functional
49619,functional
29608,functional
72095,functional
40261,functional
38864,functional
73374,functional
24124,functional
8065,functional
31045,functional
11676,functional
5751,functional
49271,functional
14618,functional
45795,functional
59063,functional
54158,functional
6712,functional
24610,functional
9143,functional
34955,functional
20576,functional
24669,functional
62079,functional
2254,functional
42224,functional
32008,functional
10537,functional
43052,functional
67646,functional
11749,functional
65443,functional
7528,functional
39163,functional
10430,functional
2761,functional
47866,functional
41185,functional
32968,functional
34925,functional
15374,functional
53588,functional
14005,functional
21511,functional
29227,functional
23761,functional
15195,functional
2825,functional
71968,functional
72598,functional
65824,functional
64582,functional
51109,functional
68433,functional
2269,functional
10943,functional
2272,functional
72604,functional
39148,functional
41339,functional
12993,functional
20681,functional
73210,functional
62656,functional
62278,functional
19585,functional
47871,functional
48384,functional
22869,functional
66413,functional
56528,functional
12258,functional
73940,functional
52238,functional
28388,functional
61389,functional
49424,functional
72136,functional
28837,functional
10320,functional
48525,functional
20585,functional
41815,functional
58944,functional
41568,functional
58028,functional
74207,functional
70174,functional
34003,functional
60285,functional
34583,functional
27074,functional
36482,functional
70068,functional
53308,functional
9258,functional
39695,functional
57443,functional
13806,functional
33042,functional
6142,functional
17755,functional
53013,functional
5819,functional
20275,functional
30855,functional
57077,functional
63426,functional
73009,functional
54788,functional
1208,functional
5629,functional
26334,functional
29606,functional
21475,functional
52857,functional
71121,functional
59152,functional
9400,functional
1262,functional
58671,functional
68000,functional
68909,functional
44233,functional
42041,functional
66178,functional
10734,functional
52031,functional
20125,functional
30672,functional
54758,functional
57116,functional
64717,functional
65928,functional
17770,functional
15669,functional
67853,functional
53404,functional
64846,functional
69486,functional
16888,functional
18821,functional
41166,functional
14568,functional
12466,functional
38416,functional
66205,functional
68594,functional
47899,functional
34480,functional
24039,functional
19026,functional
46601,functional
8143,functional
24410,functional
34009,functional
29822,functional
33432,functional
32387,functional
64568,functional
37912,functional
50801,functional
69424,functional
54109,functional
70460,functional
28518,functional
48923,functional
5018,functional
31505,functional
14674,functional
72302,functional
5921,functional
30090,functional
51416,functional
13333,functional
68010,functional
71617,functional
35032,functional
69797,functional
34311,functional
40312,functional
40057,functional
64737,functional
29391,functional
69764,functional
50772,functional
70889,functional
4666,functional
39877,functional
37638,functional
43808,functional
24067,functional
37587,functional
33342,functional
47017,functional
61454,functional
7621,functional
15993,functional
51627,functional
48266,functional
189,functional
20708,functional
32088,functional
39468,functional
15719,functional
42045,functional
48123,functional
11046,functional
66536,functional
10925,functional
30882,functional
15048,functional
35973,functional
13610,functional
42514,functional
52582,functional
61222,functional
36105,functional
46609,functional
72768,functional
50256,functional
29136,functional
46396,functional
48731,functional
9953,functional
28978,functional
32025,functional
71658,functional
36565,functional
896,functional
41940,functional
41015,functional
58345,functional
27144,functional
13362,functional
16593,functional
111,functional
64625,functional
32184,functional
3239,functional
24279,functional
31360,functional
60985,functional
17435,functional
36991,functional
62078,functional
41174,functional
52716,functional
57874,functional
13722,functional
40077,functional
32521,functional
47976,functional
36066,functional
6941,functional
27352,functional
1076,functional
41293,functional
57502,functional
32767,functional
44512,functional
27198,functional
583,functional
64782,functional
71283,functional
457,functional
43136,functional
20204,functional
22786,functional
68090,functional
57706,functional
14531,functional
27817,functional
23039,functional
48884,functional
28007,functional
64733,functional
61404,functional
3717,functional
45684,functional
73110,functional
72070,functional
61056,functional
22955,functional
55454,functional
72306,functional
23089,functional
36970,functional
27129,functional
56217,functional
34131,functional
9569,functional
46512,functional
1640,functional
63539,functional
50941,functional
18083,functional
13451,functional
71142,functional
35691,functional
22540,functional
72878,functional
54905,functional
689,functional
61974,functional
30788,functional
49175,functional
18468,functional
20491,functional
930,functional
32825,functional
4014,functional
5364,functional
68786,functional
56781,functional
11212,functional
59352,functional
14465,functional
22625,functional
58598,functional
56657,functional
8425,functional
61065,functional
52278,functional
69532,functional
72131,functional
13919,functional
61911,functional
30490,functional
4486,functional
45398,functional
52395,functional
8382,functional
4915,functional
53932,functional
17345,functional
42137,functional
34675,functional
16032,functional
55310,functional
72549,functional
8040,functional
18415,functional
19491,functional
1937,functional
51866,functional
16065,functional
29253,functional
41110,functional
15588,functional
17370,functional
32030,functional
62514,functional
36947,functional
12418,functional
49567,functional
68133,functional
68135,functional
18690,functional
62701,functional
40636,functional
63858,functional
41648,functional
68914,functional
42123,functional
43442,functional
4610,functional
71098,functional
46499,functional
30433,functional
66385,functional
12667,functional
36737,functional
16028,functional
30352,functional
46845,functional
41375,functional
8592,functional
28755,functional
65904,functional
73377,functional
63066,functional
27319,functional
44131,functional
69370,functional
34765,functional
66533,functional
22051,functional
33801,functional
28847,functional
49547,functional
7968,functional
21910,functional
40198,functional
32213,functional
46597,functional
64552,functional
66437,functional
56275,functional
74088,functional
18045,functional
29002,functional
55978,functional
5502,functional
1082,functional
31486,functional
709,functional
20693,functional
16658,functional
54362,functional
66306,functional
48606,functional
12694,functional
63511,functional
14840,functional
61714,functional
22603,functional
14864,functional
46574,functional
69573,functional
32066,functional
36721,functional
58289,functional
60489,functional
65854,functional
59622,functional
16759,functional
39016,functional
14111,functional
12200,functional
31448,functional
13651,functional
61500,functional
72607,functional
55730,functional
40633,functional
16998,functional
69925,functional
62922,functional
71744,functional
35879,functional
38358,functional
15318,functional
30357,functional
35498,functional
11027,functional
24758,functional
62590,functional
14175,functional
15509,functional
46951,functional
60600,functional
52548,functional
46184,functional
2523,functional
64355,functional
3796,functional
14755,functional
46641,functional
64994,functional
33325,functional
18112,functional
64439,functional
37337,functional
38736,functional
33024,functional
4632,functional
60630,functional
44262,functional
53753,functional
12614,functional
23815,functional
28708,functional
64933,functional
21876,functional
28275,functional
33662,functional
63094,functional
56787,functional
9703,functional
48797,functional
12184,functional
49494,functional
17374,functional
40223,functional
31735,functional
30369,functional
40045,functional
54707,functional
26864,functional
25554,functional
16790,functional
48505,functional
30135,functional
43991,functional
8887,functional
55038,functional
49067,functional
42205,functional
10047,functional
28110,functional
6875,functional
71734,functional
57073,functional
65052,functional
31518,functional
34597,functional
33610,functional
66166,functional
65741,functional
2206,functional
50245,functional
169,functional
57960,functional
39142,functional
19348,functional
31454,functional
72943,functional
6373,functional
33963,functional
44410,functional
5821,functional
47832,functional
3011,functional
50157,functional
21092,functional
13872,functional
64590,functional
55884,functional
12757,functional
3510,functional
21314,functional
24628,functional
58780,functional
62142,functional
41420,functional
43351,functional
59702,functional
1526,functional
14724,functional
4576,functional
20579,functional
22778,functional
70202,functional
38839,functional
68395,functional
47475,functional
62210,functional
96,functional
47233,functional
72891,functional
36761,functional
37510,functional
68403,functional
51800,functional
64194,functional
55232,functional
35891,functional
8509,functional
33430,functional
72845,functional
8845,functional
3139,functional
9034,functional
31998,functional
54213,functional
73379,functional
70791,functional
57222,functional
28352,functional
58010,functional
53923,functional
46178,functional
73265,functional
33426,functional
38692,functional
14992,functional
45107,functional
7247,functional
61612,functional
38653,functional
14072,functional
5017,functional
69805,functional
29985,functional
41380,functional
36571,functional
69130,functional
36504,functional
5659,functional
8616,functional
27641,functional
13085,functional
56763,functional
55284,functional
35834,functional
6926,functional
8634,functional
70773,functional
69393,functional
49359,functional
31920,functional
30383,functional
41828,functional
13775,functional
39556,functional
622,functional
46509,functional
45630,functional
21207,functional
62224,functional
11392,functional
17928,functional
67774,functional
40802,functional
34665,functional
3400,functional
54517,functional
64608,functional
40101,functional
12631,functional
41775,functional
62639,functional
40027,functional
57984,functional
61627,functional
35591,functional
14426,functional
25831,functional
45425,functional
18594,functional
36007,functional
34623,functional
40720,functional
67875,functional
41796,functional
18416,functional
26598,functional
14539,functional
28246,functional
44092,functional
31040,functional
42475,functional
34578,functional
36510,functional
54907,functional
19820,functional
4340,functional
64904,functional
13180,functional
36598,functional
69696,functional
36270,functional
26000,functional
22494,functional
44310,functional
28834,functional
57101,functional
38573,functional
6202,functional
24947,functional
46406,functional
57431,functional
9595,functional
29689,functional
58843,functional
55,functional
20164,functional
69194,functional
52995,functional
23308,functional
55264,functional
71331,functional
3740,functional
41777,functional
14247,functional
12679,functional
73889,functional
69958,functional
5944,functional
64697,functional
72358,functional
58620,functional
5998,functional
37181,functional
57080,functional
23101,functional
42115,functional
22084,functional
6174,functional
59077,functional
5564,functional
51376,functional
22232,functional
7543,functional
8292,functional
21829,functional
5475,functional
40307,functional
13539,functional
8604,functional
36036,functional
984,functional
27228,functional
11851,functional
28471,functional
62719,functional
25520,functional
40932,functional
36835,functional
50275,functional
18647,functional
53365,functional
29801,functional
50465,functional
67563,functional
70511,functional
12846,functional
46451,functional
38716,functional
17987,functional
45887,functional
60573,functional
2821,functional
70072,functional
39066,functional
67441,functional
60885,functional
62368,functional
1858,functional
4009,functional
20629,functional
35868,functional
47422,functional
8267,functional
38462,functional
13637,functional
50512,functional
32578,functional
12952,functional
46649,functional
50914,functional
62708,functional
48127,functional
52096,functional
5184,functional
1799,functional
69287,functional
42229,functional
24654,functional
55894,functional
3515,functional
27581,functional
60291,functional
31785,functional
48630,functional
32560,functional
45780,functional
30877,functional
14918,functional
28156,functional
57253,functional
32802,functional
35771,functional
49818,functional
8368,functional
24338,functional
54068,functional
36811,functional
49110,functional
59294,functional
54263,functional
57204,functional
54305,functional
63151,functional
63157,functional
1108,functional
13555,functional
47317,functional
48511,functional
1346,functional
34094,functional
8832,functional
67560,functional
29992,functional
13680,functional
53707,functional
74195,functional
7460,functional
20092,functional
53522,functional
7510,functional
49636,functional
64417,functional
65410,functional
52906,functional
47993,functional
36096,functional
73596,functional
55845,functional
40710,functional
8528,functional
14168,functional
10137,functional
33486,functional
53051,functional
73950,functional
32361,functional
71482,functional
42893,functional
25330,functional
69909,functional
28514,functional
63773,functional
6296,functional
9395,functional
47424,functional
11994,functional
28035,functional
62692,functional
21032,functional
56538,functional
15943,functional
32034,functional
49377,functional
5278,functional
2217,functional
29357,functional
37893,functional
52125,functional
59060,functional
17588,functional
8124,functional
50615,functional
24322,functional
51090,functional
36063,functional
71946,functional
11437,functional
2803,functional
18605,functional
4958,functional
72351,functional
7154,functional
57447,functional
53218,functional
31887,functional
34825,functional
45806,functional
41141,functional
48517,functional
13471,functional
40858,functional
20453,functional
52522,functional
3856,functional
5482,functional
1464,functional
48428,functional
68673,functional
57264,functional
44432,functional
42197,functional
29919,functional
27676,functional
27025,functional
9895,functional
24913,functional
41295,functional
26904,functional
55920,functional
14793,functional
59097,functional
33017,functional
30121,functional
16013,functional
5915,functional
71244,functional
24371,functional
69253,functional
20046,functional
7239,functional
9022,functional
2960,functional
44652,functional
14048,functional
63469,functional
29916,functional
35767,functional
41133,functional
30567,functional
34343,functional
37348,functional
10113,functional
53456,functional
46690,functional
4015,functional
15946,functional
56630,functional
40779,functional
57260,functional
68939,functional
47806,functional
48214,functional
45244,functional
20052,functional
64908,functional
41761,functional
17513,functional
6310,functional
58340,functional
49811,functional
51229,functional
18943,functional
50999,functional
6439,functional
11739,functional
13914,functional
37530,functional
26657,functional
20997,functional
19038,functional
7094,functional
63228,functional
36001,functional
22522,functional
32843,functional
48985,functional
6954,functional
21793,functional
40685,functional
50782,functional
15450,functional
56700,functional
27529,functional
22129,functional
34452,functional
43597,functional
10407,functional
25729,functional
3984,functional
37784,functional
54186,functional
32850,functional
64345,functional
22424,functional
25971,functional
40522,functional
12792,functional
2792,functional
31233,functional
35995,functional
17772,functional
42664,functional
36380,functional
56120,functional
10839,functional
39611,functional
74062,functional
63078,functional
29206,functional
24131,functional
25990,functional
41851,functional
33925,functional
5276,functional
54210,functional
36268,functional
803,functional
15118,functional
28267,functional
39900,functional
24870,functional
48084,functional
59608,functional
17768,functional
38552,functional
68962,functional
43586,functional
28126,functional
13373,functional
25909,functional
9409,functional
21354,functional
22046,functional
32939,functional
55448,functional
44076,functional
2931,functional
23583,functional
67956,functional
12632,functional
74217,functional
68802,functional
24532,functional
30149,functional
32708,functional
59782,functional
60924,functional
35453,functional
33238,functional
56307,functional
30844,functional
40849,functional
39017,functional
20899,functional
1854,functional
73108,functional
38772,functional
22688,functional
74194,functional
2013,functional
58568,functional
4056,functional
19437,functional
70542,functional
39613,functional
50235,functional
5885,functional
43610,functional
34975,functional
35665,functional
39866,functional
17079,functional
2570,functional
722,functional
37944,functional
33101,functional
45660,functional
41644,functional
68022,functional
70012,functional
31791,functional
21143,functional
51140,functional
20122,functional
30554,functional
7689,functional
70838,functional
6836,functional
6071,functional
70352,functional
3845,functional
6718,functional
56011,functional
11012,functional
60048,functional
31655,functional
44710,functional
1870,functional
56075,functional
71348,functional
35009,functional
21755,functional
72967,functional
35550,functional
27029,functional
56792,functional
4050,functional
26820,functional
16482,functional
25597,functional
5466,functional
23839,functional
34820,functional
28166,functional
35444,functional
43180,functional
17596,functional
40917,functional
14170,functional
31678,functional
35494,functional
56270,functional
20715,functional
24626,functional
607,functional
7615,functional
14273,functional
39989,functional
45512,functional
31262,functional
2468,functional
36939,functional
19666,functional
20207,functional
70173,functional
62896,functional
48252,functional
25851,functional
35311,functional
6317,functional
24657,functional
23746,functional
60251,functional
21168,functional
63087,functional
34152,functional
2610,functional
37722,functional
9647,functional
69846,functional
2346,functional
22293,functional
13291,functional
10077,functional
54167,functional
24230,functional
25235,functional
26513,functional
61327,functional
271,functional
57190,functional
14050,functional
56382,functional
41029,functional
15190,functional
21126,functional
14661,functional
6932,functional
55675,functional
56541,functional
41672,functional
2430,functional
67517,functional
59361,functional
2784,functional
9856,functional
72860,functional
64968,functional
65467,functional
27423,functional
54537,functional
53909,functional
70712,functional
35109,functional
66494,functional
8326,functional
44892,functional
41700,functional
64710,functional
74012,functional
5341,functional
51566,functional
65100,functional
2590,functional
13459,functional
7798,functional
12178,functional
25225,functional
73864,functional
70975,functional
36261,functional
22646,functional
73854,functional
20987,functional
25760,functional
58118,functional
5,functional
25378,functional
47240,functional
71775,functional
46320,functional
30924,functional
36000,functional
11524,functional
41778,functional
54899,functional
62403,functional
61972,functional
28320,functional
73196,functional
1105,functional
69037,functional
44228,functional
40805,functional
69026,functional
54678,functional
7295,functional
46833,functional
72976,functional
17851,functional
58578,functional
39088,functional
22083,functional
63765,functional
53594,functional
35649,functional
65366,functional
4163,functional
8301,functional
30745,functional
2513,functional
1360,functional
52162,functional
72166,functional
40814,functional
27927,functional
12165,functional
16715,functional
61992,functional
41040,functional
59766,functional
73226,functional
31592,functional
49564,functional
62774,functional
2644,functional
28486,functional
20463,functional
65919,functional
10686,functional
26209,functional
41489,functional
45369,functional
53787,functional
46819,functional
51135,functional
52946,functional
6386,functional
27492,functional
3486,functional
9051,functional
47909,functional
58703,functional
65474,functional
67602,functional
307,functional
33444,functional
68264,functional
21254,functional
7097,functional
71250,functional
66851,functional
36905,functional
67056,functional
58763,functional
16355,functional
3433,functional
50229,functional
59079,functional
50258,functional
52748,functional
49164,functional
27902,functional
70222,functional
45924,functional
70324,functional
37802,functional
53623,functional
5064,functional
20392,functional
2940,functional
17240,functional
17041,functional
68038,functional
5549,functional
15071,functional
68536,functional
18715,functional
1021,functional
13891,functional
65769,functional
46993,functional
55571,functional
21602,functional
11146,functional
36917,functional
25621,functional
70541,functional
50148,functional
35648,functional
13450,functional
13162,functional
43150,functional
14803,functional
18724,functional
66901,functional
39128,functional
28810,functional
62939,functional
30081,functional
36614,functional
47272,functional
23372,functional
40210,functional
27148,functional
9088,functional
43583,functional
3637,functional
6022,functional
30497,functional
22961,functional
10111,functional
53673,functional
64837,functional
34132,functional
53832,functional
44177,functional
40167,functional
55674,functional
34164,functional
68945,functional
27109,functional
39564,functional
65791,functional
56692,functional
16427,functional
27964,functional
12172,functional
11304,functional
56198,functional
7456,functional
26124,functional
41924,functional
51588,functional
29409,functional
34136,functional
34418,functional
66770,functional
39283,functional
9177,functional
49748,functional
20651,functional
954,functional
47421,functional
725,functional
26026,functional
55142,functional
69074,functional
63453,functional
30713,functional
65597,functional
3629,functional
38060,functional
28021,functional
46669,functional
14104,functional
27544,functional
27770,functional
38814,functional
47008,functional
1426,functional
7659,functional
19511,functional
53508,functional
69580,functional
14921,functional
28324,functional
4065,functional
24849,functional
61348,functional
1562,functional
58050,functional
168,functional
42854,functional
69778,functional
23568,functional
64409,functional
65619,functional
13851,functional
28225,functional
68783,functional
9169,functional
17749,functional
70040,functional
43575,functional
13285,functional
11560,functional
73007,functional
15753,functional
32406,functional
72068,functional
12236,functional
25855,functional
24029,functional
61741,functional
2892,functional
49468,functional
14342,functional
3863,functional
9701,functional
2205,functional
48955,functional
14839,functional
71880,functional
14524,functional
69090,functional
72352,functional
44651,functional
11485,functional
67984,functional
66619,functional
46339,functional
4894,functional
14949,functional
44997,functional
27500,functional
61204,functional
11351,functional
26141,functional
66537,functional
65137,functional
41240,functional
13195,functional
15060,functional
33586,functional
61514,functional
53041,functional
8081,functional
50119,functional
5121,functional
7192,functional
44844,functional
55213,functional
31502,functional
66337,functional
64900,functional
37924,functional
68481,functional
50432,functional
1502,functional
34367,functional
34881,functional
48610,functional
59445,functional
60136,functional
63559,functional
71374,functional
35081,functional
67397,functional
65212,functional
5056,functional
66438,functional
2141,functional
41595,functional
13462,functional
63478,functional
19191,functional
31666,functional
42997,functional
25858,functional
10627,functional
33079,functional
50811,functional
64268,functional
43948,functional
1899,functional
13932,functional
17284,functional
21291,functional
29345,functional
41844,functional
73505,functional
17890,functional
67378,functional
56876,functional
57966,functional
58128,functional
14996,functional
72664,functional
61380,functional
4729,functional
40013,functional
21634,functional
14196,functional
28680,functional
5027,functional
61826,functional
71874,functional
28879,functional
15501,functional
59347,functional
72120,functional
61155,functional
26349,functional
43474,functional
3023,functional
41242,functional
38038,functional
17647,functional
57191,functional
20474,functional
61666,functional
6193,functional
70189,functional
48862,functional
52829,functional
12878,functional
57211,functional
29612,functional
59504,functional
12072,functional
10006,functional
68170,functional
26103,functional
6815,functional
13397,functional
18789,functional
70085,functional
72173,functional
43008,functional
7080,functional
68956,functional
9599,functional
53754,functional
54659,functional
67790,functional
31106,functional
52565,functional
34778,functional
63762,functional
67915,functional
52756,functional
40505,functional
5808,functional
57892,functional
59312,functional
69200,functional
42209,functional
66496,functional
61730,functional
34526,functional
1498,functional
25563,functional
32636,functional
31765,functional
57863,functional
45757,functional
55392,functional
702,functional
34839,functional
21123,functional
19916,functional
16819,functional
13040,functional
24536,functional
43829,functional
22200,functional
43153,functional
3746,functional
34183,functional
17418,functional
48442,functional
71108,functional
68973,functional
68748,functional
52849,functional
43419,functional
67606,functional
788,functional
27318,functional
72296,functional
60477,functional
7472,functional
6203,functional
29135,functional
29262,functional
9829,functional
4899,functional
1007,functional
36926,functional
9873,functional
6161,functional
16529,functional
34043,functional
28191,functional
26500,functional
22638,functional
24413,functional
71580,functional
2368,functional
69605,functional
41392,functional
15809,functional
39639,functional
27497,functional
66598,functional
9866,functional
56755,functional
56388,functional
25569,functional
12199,functional
65670,functional
70461,functional
31845,functional
68337,functional
11931,functional
57376,functional
58017,functional
11616,functional
27425,functional
21959,functional
7935,functional
9167,functional
67710,functional
66563,functional
61365,functional
57919,functional
9967,functional
212,functional
50666,functional
53478,functional
10953,functional
39479,functional
13230,functional
35180,functional
14179,functional
42130,functional
69376,functional
59913,functional
43652,functional
50911,functional
39522,functional
2326,functional
46883,functional
54133,functional
27465,functional
33592,functional
67651,functional
40542,functional
15054,functional
9089,functional
2263,functional
28307,functional
18922,functional
37258,functional
10063,functional
50745,functional
37188,functional
69734,functional
35130,functional
63869,functional
24466,functional
1422,functional
70147,functional
8943,functional
41444,functional
20697,functional
36567,functional
34275,functional
65983,functional
11125,functional
14913,functional
47880,functional
54182,functional
8999,functional
67388,functional
56452,functional
10838,functional
22322,functional
14410,functional
39925,functional
30246,functional
63567,functional
31107,functional
37100,functional
35878,functional
34814,functional
2585,functional
52949,functional
20087,functional
48533,functional
7587,functional
54100,functional
22245,functional
5112,functional
71650,functional
49157,functional
46864,functional
72423,functional
14443,functional
67363,functional
41673,functional
37322,functional
41289,functional
55523,functional
27546,functional
15309,functional
26260,functional
30113,functional
71366,functional
63720,functional
45324,functional
2212,functional
3900,functional
9109,functional
63649,functional
73454,functional
58682,functional
24994,functional
10093,functional
5585,functional
14366,functional
27028,functional
25279,functional
65278,functional
43139,functional
52951,functional
41852,functional
20884,functional
18414,functional
23596,functional
47888,functional
5500,functional
17701,functional
56335,functional
9446,functional
10938,functional
28599,functional
50529,functional
20706,functional
53953,functional
39542,functional
7007,functional
65333,functional
62994,functional
27747,functional
3261,functional
60298,functional
136,functional
24202,functional
73275,functional
38853,functional
42901,functional
37228,functional
43063,functional
60377,functional
57891,functional
32246,functional
13854,functional
18510,functional
55601,functional
58681,functional
29988,functional
31630,functional
1533,functional
35592,functional
56658,functional
32877,functional
10528,functional
35900,functional
48394,functional
48510,functional
73134,functional
50815,functional
16029,functional
13130,functional
69997,functional
20929,functional
21391,functional
48465,functional
32474,functional
46190,functional
53305,functional
12214,functional
30264,functional
44095,functional
28602,functional
8706,functional
11256,functional
62363,functional
16295,functional
72502,functional
6633,functional
54839,functional
67449,functional
56034,functional
61589,functional
5021,functional
58359,functional
1469,functional
16135,functional
34335,functional
15581,functional
73989,functional
2994,functional
51848,functional
62674,functional
44562,functional
14260,functional
48773,functional
5947,functional
67714,functional
16834,functional
59102,functional
29482,functional
68915,functional
48578,functional
72685,functional
13583,functional
49826,functional
56163,functional
27517,functional
2502,functional
5079,functional
48799,functional
49010,functional
7234,functional
32365,functional
46810,functional
32941,functional
35096,functional
41846,functional
27689,functional
2313,functional
68851,functional
57991,functional
67565,functional
13298,functional
34546,functional
45939,functional
9430,functional
32360,functional
31654,functional
35863,functional
14576,functional
36481,functional
51260,functional
44694,functional
33116,functional
69324,functional
66856,functional
64876,functional
35364,functional
71959,functional
47118,functional
22469,functional
4000,functional
55881,functional
10028,functional
72548,functional
7369,functional
71670,functional
56268,functional
14331,functional
22931,functional
44758,functional
49022,functional
38645,functional
23687,functional
54966,functional
53643,functional
15043,functional
11596,functional
16285,functional
50990,functional
70294,functional
24013,functional
13602,functional
55298,functional
63971,functional
64172,functional
37054,functional
46621,functional
59488,functional
66153,functional
8221,functional
54026,functional
63601,functional
44116,functional
19690,functional
70312,functional
62367,functional
28170,functional
4317,functional
21453,functional
6265,functional
55117,functional
8257,functional
56649,functional
44854,functional
39456,functional
69504,functional
61725,functional
49025,functional
22041,functional
31321,functional
10052,functional
14899,functional
21488,functional
22684,functional
31219,functional
1549,functional
24665,functional
33463,functional
32238,functional
50090,functional
50110,functional
72668,functional
36787,functional
69323,functional
3954,functional
308,functional
43607,functional
54684,functional
56959,functional
5224,functional
61517,functional
24765,functional
60240,functional
57475,functional
7187,functional
60774,functional
46228,functional
33402,functional
27729,functional
66685,functional
59474,functional
55388,functional
34385,functional
22687,functional
56938,functional
881,functional
70819,functional
24082,functional
2073,functional
45557,functional
51537,functional
57563,functional
20482,functional
62405,functional
18888,functional
46301,functional
57995,functional
39091,functional
40821,functional
34971,functional
27562,functional
56376,functional
46908,functional
60310,functional
31958,functional
72775,functional
49053,functional
65564,functional
31358,functional
60092,functional
791,functional
2356,functional
62063,functional
25919,functional
58946,functional
16033,functional
25353,functional
57469,functional
72515,functional
6347,functional
50340,functional
63280,functional
30361,functional
60355,functional
71514,functional
3422,functional
63620,functional
72988,functional
11578,functional
43545,functional
65786,functional
33924,functional
59380,functional
14054,functional
68977,functional
50402,functional
45979,functional
8773,functional
20944,functional
38854,functional
11914,functional
57107,functional
11497,functional
41823,functional
26028,functional
26085,functional
48780,functional
7302,functional
4035,functional
18936,functional
49348,functional
2842,functional
6070,functional
56629,functional
5817,functional
5308,functional
13405,functional
64711,functional
70378,functional
37910,functional
62358,functional
32723,functional
40574,functional
44254,functional
11296,functional
73238,functional
53266,functional
8880,functional
31202,functional
1117,functional
378,functional
27097,functional
33457,functional
48721,functional
71329,functional
381,functional
16815,functional
29506,functional
9692,functional
59156,functional
54301,functional
41419,functional
18180,functional
22596,functional
49910,functional
46698,functional
32721,functional
58733,functional
64907,functional
22838,functional
28742,functional
37341,functional
9577,functional
45816,functional
57936,functional
6800,functional
56272,functional
13124,functional
71036,functional
116,functional
69756,functional
13844,functional
65968,functional
49851,functional
20149,functional
73616,functional
33088,functional
45299,functional
56077,functional
39747,functional
6391,functional
18204,functional
52015,functional
33732,functional
16710,functional
69644,functional
25094,functional
64591,functional
11264,functional
12744,functional
44653,functional
59936,functional
21469,functional
46695,functional
14624,functional
48576,functional
9093,functional
72010,functional
3258,functional
28205,functional
31495,functional
58398,functional
34940,functional
37088,functional
3698,functional
44331,functional
27503,functional
30458,functional
72541,functional
66722,functional
55793,functional
9954,functional
8493,functional
70549,functional
31572,functional
36257,functional
4446,functional
24031,functional
59226,functional
66509,functional
36194,functional
23271,functional
31567,functional
20355,functional
54474,functional
49635,functional
5241,functional
31816,functional
1740,functional
4404,functional
25635,functional
56701,functional
58313,functional
22363,functional
19688,functional
6403,functional
68348,functional
40708,functional
72149,functional
30305,functional
3666,functional
13999,functional
41468,functional
48383,functional
7324,functional
46150,functional
50855,functional
15077,functional
37304,functional
63764,functional
28060,functional
10065,functional
55349,functional
17327,functional
56290,functional
52257,functional
52084,functional
17395,functional
8917,functional
69882,functional
21222,functional
33953,functional
25645,functional
52639,functional
62002,functional
42273,functional
3687,functional
59369,functional
39570,functional
65954,functional
24933,functional
15596,functional
2163,functional
23905,functional
13720,functional
70306,functional
17196,functional
837,functional
65136,functional
34847,functional
62549,functional
4606,functional
73615,functional
38182,functional
6894,functional
8028,functional
47506,functional
38901,functional
16370,functional
40509,functional
46366,functional
32615,functional
3299,functional
34240,functional
72420,functional
39369,functional
73274,functional
45767,functional
40724,functional
21393,functional
65224,functional
31668,functional
41056,functional
35226,functional
70584,functional
19564,functional
70764,functional
14554,functional
30530,functional
51734,functional
33369,functional
47407,functional
13526,functional
62909,functional
35449,functional
36220,functional
7218,functional
38124,functional
46764,functional
23897,functional
44779,functional
51974,functional
31025,functional
45860,functional
53057,functional
8102,functional
12307,functional
28861,functional
43027,functional
22198,functional
18090,functional
5174,functional
70291,functional
39320,functional
18695,functional
44,functional
66759,functional
69442,functional
28185,functional
66523,functional
67794,functional
60698,functional
37769,functional
46748,functional
23565,functional
11468,functional
60614,functional
54339,functional
7099,functional
16582,functional
53289,functional
1250,functional
40273,functional
31274,functional
49320,functional
70476,functional
41553,functional
74157,functional
48379,functional
36968,functional
49579,functional
72341,functional
3235,functional
21931,functional
13429,functional
63227,functional
796,functional
8526,functional
44862,functional
55283,functional
70724,functional
29054,functional
24476,functional
38484,functional
680,functional
71537,functional
1485,functional
49622,functional
29924,functional
8492,functional
35487,functional
40663,functional
47420,functional
31402,functional
65935,functional
1400,functional
43812,functional
69022,functional
29315,functional
51943,functional
44048,functional
69501,functional
12777,functional
56756,functional
34992,functional
52358,functional
63585,functional
1986,functional
61249,functional
20442,functional
41093,functional
61622,functional
15134,functional
47644,functional
66206,functional
49290,functional
36609,functional
73276,functional
52312,functional
59301,functional
826,functional
3979,functional
27773,functional
10998,functional
15754,functional
57526,functional
24348,functional
38112,functional
69529,functional
3292,functional
45295,functional
49251,functional
73508,functional
35491,functional
47023,functional
59041,functional
67499,functional
29814,functional
8337,functional
73348,functional
69663,functional
16567,functional
52799,functional
73862,functional
15432,functional
63658,functional
18925,functional
43584,functional
71865,functional
51888,functional
17155,functional
69706,functional
38908,functional
59705,functional
15188,functional
58221,functional
24063,functional
17712,functional
517,functional
54416,functional
39934,functional
30390,functional
51594,functional
50375,functional
36180,functional
68859,functional
47992,functional
21895,functional
34723,functional
24439,functional
52903,functional
44193,functional
298,functional
5597,functional
73725,functional
24311,functional
61025,functional
7632,functional
60529,functional
28900,functional
13866,functional
24917,functional
39540,functional
23662,functional
51745,functional
6977,functional
33234,functional
48043,functional
15423,functional
40001,functional
18782,functional
30818,functional
36353,functional
14877,functional
40215,functional
31144,functional
61957,functional
22358,functional
50212,functional
52258,functional
783,functional
61507,functional
876,functional
15345,functional
25480,functional
66753,functional
1348,functional
30505,functional
21033,functional
9639,functional
20719,functional
10260,functional
55944,functional
25462,functional
6100,functional
55917,functional
41122,functional
63596,functional
64026,functional
45720,functional
25305,functional
11303,functional
53510,functional
64357,functional
35450,functional
30782,functional
72756,functional
54711,functional
36146,functional
70679,functional
63447,functional
47097,functional
35876,functional
48168,functional
64484,functional
13607,functional
60286,functional
36235,functional
11420,functional
73440,functional
54007,functional
21917,functional
67469,functional
58572,functional
51226,functional
35903,functional
70481,functional
12975,functional
32970,functional
60171,functional
70925,functional
3335,functional
74169,functional
25398,functional
6146,functional
55669,functional
70500,functional
58309,functional
9670,functional
15904,functional
60734,functional
71354,functional
53433,functional
8947,functional
16843,functional
19563,functional
4042,functional
33470,functional
31828,functional
37285,functional
73442,functional
65488,functional
60160,functional
68906,functional
63719,functional
55727,functional
50072,functional
10132,functional
35628,functional
66962,functional
17083,functional
26276,functional
9234,functional
27754,functional
71956,functional
46880,functional
72397,functional
28907,functional
74186,functional
20729,functional
29040,functional
7086,functional
67846,functional
20977,functional
16090,functional
42784,functional
6010,functional
23173,functional
69245,functional
7350,functional
20366,functional
69744,functional
15986,functional
18787,functional
57676,functional
72328,functional
73080,functional
64768,functional
67188,functional
49897,functional
68652,functional
7469,functional
63889,functional
52236,functional
59713,functional
59824,functional
12117,functional
34054,functional
68886,functional
446,functional
24596,functional
71078,functional
30094,functional
55901,functional
38152,functional
46368,functional
50679,functional
6164,functional
14143,functional
29034,functional
41687,functional
66214,functional
59514,functional
59286,functional
44996,functional
65826,functional
28715,functional
48784,functional
45257,functional
15183,functional
6887,functional
12799,functional
44416,functional
48260,functional
65583,functional
8141,functional
44364,functional
14186,functional
59690,functional
29125,functional
48235,functional
46285,functional
23122,functional
40344,functional
44618,functional
21268,functional
47620,functional
58866,functional
63748,functional
12175,functional
353,functional
30288,functional
58642,functional
69222,functional
53877,functional
34041,functional
52993,functional
74089,functional
7199,functional
26872,functional
47383,functional
57953,functional
11345,functional
1947,functional
53007,functional
43833,functional
7225,functional
11103,functional
16146,functional
71294,functional
57106,functional
49485,functional
42770,functional
49480,functional
33672,functional
31810,functional
69436,functional
50818,functional
52220,functional
72603,functional
43984,functional
21001,functional
30831,functional
5854,functional
8150,functional
65910,functional
68275,functional
11981,functional
72730,functional
29150,functional
51448,functional
47224,functional
17713,functional
72238,functional
43311,functional
45238,functional
22092,functional
1825,functional
28754,functional
34037,functional
44532,functional
68630,functional
62536,functional
60442,functional
60574,functional
27831,functional
11882,functional
65838,functional
52611,functional
56473,functional
49401,functional
73090,functional
70302,functional
53224,functional
7442,functional
64502,functional
3610,functional
64322,functional
56918,functional
2386,functional
13779,functional
48592,functional
71174,functional
62005,functional
10082,functional
47265,functional
18579,functional
5155,functional
44150,functional
42018,functional
11568,functional
43916,functional
44925,functional
23927,functional
60712,functional
66653,functional
6120,functional
14876,functional
74057,functional
72839,functional
24546,functional
44876,functional
60174,functional
52930,functional
55642,functional
30355,functional
12627,functional
59760,functional
47649,functional
29839,functional
62528,functional
50131,functional
63018,functional
64685,functional
68611,functional
43344,functional
9016,functional
39039,functional
35519,functional
56619,functional
59537,functional
14866,functional
13476,functional
1530,functional
13214,functional
71699,functional
43762,functional
53576,functional
71096,functional
31429,functional
18321,functional
59559,functional
23305,functional
42376,functional
4998,functional
5408,functional
56342,functional
60972,functional
56638,functional
32720,functional
36927,functional
6268,functional
73046,functional
34986,functional
46256,functional
31571,functional
61616,functional
60512,functional
23410,functional
2987,functional
44100,functional
18237,functional
29493,functional
20826,functional
21629,functional
53631,functional
21996,functional
22936,functional
37999,functional
53256,functional
70965,functional
11800,functional
41061,functional
52870,functional
59835,functional
2075,functional
40451,functional
5062,functional
18586,functional
49850,functional
29936,functional
68057,functional
30086,functional
52252,functional
59269,functional
56679,functional
44759,functional
64377,functional
52924,functional
73310,functional
57841,functional
56276,functional
46020,functional
24374,functional
59055,functional
15081,functional
658,functional
48353,functional
5777,functional
49403,functional
66230,functional
65750,functional
15373,functional
13525,functional
27089,functional
8600,functional
38974,functional
13357,functional
651,functional
31257,functional
31395,functional
51003,functional
56721,functional
48019,functional
62404,functional
9523,functional
15864,functional
3318,functional
55728,functional
29248,functional
22960,functional
34737,functional
32805,functional
17154,functional
44591,functional
40430,functional
42687,functional
16235,functional
46620,functional
21088,functional
71549,functional
8338,functional
58314,functional
2046,functional
31843,functional
22418,functional
10940,functional
52137,functional
36550,functional
47189,functional
72242,functional
33156,functional
62875,functional
59771,functional
65253,functional
32445,functional
33164,functional
63432,functional
64851,functional
55753,functional
17425,functional
21573,functional
46820,functional
73868,functional
58511,functional
7044,functional
20234,functional
67494,functional
18533,functional
17349,functional
124,functional
45384,functional
3646,functional
2432,functional
43019,functional
30212,functional
26593,functional
70148,functional
13861,functional
43223,functional
38025,functional
66263,functional
31105,functional
17540,functional
72061,functional
7603,functional
14436,functional
52964,functional
70591,functional
24173,functional
21031,functional
30813,functional
31284,functional
64522,functional
48413,functional
41507,functional
57832,functional
38478,functional
64394,functional
16661,functional
3926,functional
62581,functional
8707,functional
73899,functional
66139,functional
27478,functional
46809,functional
47919,functional
24511,functional
28698,functional
21919,functional
29308,functional
56532,functional
41635,functional
74090,functional
70722,functional
10385,functional
14668,functional
20601,functional
13786,functional
40581,functional
37129,functional
16124,functional
44397,functional
6237,functional
14977,functional
61224,functional
31081,functional
50953,functional
46556,functional
5642,functional
61679,functional
18442,functional
12016,functional
62018,functional
3599,functional
36263,functional
9065,functional
26665,functional
40928,functional
38945,functional
4709,functional
44796,functional
71394,functional
50957,functional
3198,functional
22732,functional
26761,functional
29775,functional
43840,functional
35199,functional
35955,functional
52055,functional
49445,functional
56379,functional
50910,functional
65337,functional
50238,functional
57319,functional
44050,functional
34943,functional
1567,functional
6103,functional
53716,functional
26980,functional
39965,functional
54134,functional
47356,functional
60932,functional
16469,functional
44944,functional
72112,functional
53030,functional
68094,functional
7368,functional
20445,functional
1436,functional
70452,functional
42781,functional
45725,functional
25548,functional
13073,functional
38624,functional
61479,functional
3512,functional
24685,functional
59267,functional
59924,functional
59496,functional
56209,functional
22578,functional
24286,functional
66398,functional
32641,functional
23727,functional
73580,functional
35314,functional
13095,functional
29655,functional
31778,functional
34874,functional
10157,functional
25345,functional
60506,functional
73242,functional
26734,functional
6472,functional
59495,functional
41302,functional
51904,functional
66507,functional
2574,functional
50875,functional
63808,functional
17212,functional
34459,functional
58920,functional
59548,functional
21554,functional
11128,functional
9502,functional
55595,functional
72409,functional
44859,functional
50787,functional
4031,functional
66239,functional
44471,functional
35676,functional
45179,functional
59791,functional
57297,functional
15621,functional
11821,functional
37963,functional
5195,functional
74015,functional
15095,functional
24057,functional
49394,functional
60157,functional
20584,functional
70115,functional
23852,functional
29410,functional
31588,functional
44863,functional
64675,functional
15714,functional
51699,functional
22967,functional
45158,functional
29904,functional
9475,functional
56957,functional
31416,functional
15530,functional
61799,functional
13190,functional
53434,functional
66175,functional
35866,functional
35605,functional
19944,functional
32450,functional
27490,functional
59430,functional
20858,functional
45624,functional
46905,functional
34768,functional
6868,functional
61664,functional
6678,functional
8650,functional
60797,functional
23053,functional
64132,functional
35810,functional
68970,functional
24985,functional
9571,functional
42798,functional
65932,functional
70865,functional
36106,functional
50715,functional
29371,functional
27607,functional
54466,functional
55557,functional
18901,functional
9186,functional
18529,functional
22799,functional
42011,functional
61213,functional
66632,functional
56384,functional
10348,functional
21119,functional
46530,functional
49734,functional
35934,functional
29165,functional
13506,functional
410,functional
50682,functional
34127,functional
47894,functional
60598,functional
21246,functional
18562,functional
37187,functional
60392,functional
13497,functional
26587,functional
65722,functional
51958,functional
68951,functional
13963,functional
28456,functional
12978,functional
39744,functional
46741,functional
22125,functional
72255,functional
68868,functional
61605,functional
36569,functional
1417,functional
68666,functional
24345,functional
8739,functional
13504,functional
3113,functional
58246,functional
40140,functional
1120,functional
47192,functional
23473,functional
48171,functional
69955,functional
2122,functional
19556,functional
2015,functional
69593,functional
68205,functional
22636,functional
72366,functional
69614,functional
8039,functional
70604,functional
62021,functional
25461,functional
64989,functional
29032,functional
67664,functional
13372,functional
39760,functional
24587,functional
40388,functional
11734,functional
36163,functional
8359,functional
58738,functional
73365,functional
4866,functional
13276,functional
52451,functional
43089,functional
32045,functional
53146,functional
68262,functional
35761,functional
21665,functional
65710,functional
7395,functional
62280,functional
49195,functional
6613,functional
70630,functional
56448,functional
10069,functional
5588,functional
5227,functional
15505,functional
6318,functional
35126,functional
71353,functional
5605,functional
43954,functional
24584,functional
62296,functional
70456,functional
61438,functional
31078,functional
19343,functional
65792,functional
62408,functional
25114,functional
36933,functional
68388,functional
36320,functional
41335,functional
24359,functional
49281,functional
37314,functional
21363,functional
20644,functional
64587,functional
54225,functional
50834,functional
34531,functional
65389,functional
54459,functional
70362,functional
51506,functional
50320,functional
55499,functional
34162,functional
73240,functional
54276,functional
62857,functional
31305,functional
45843,functional
4646,functional
2569,functional
61399,functional
64597,functional
51440,functional
50005,functional
64174,functional
37793,functional
26845,functional
64512,functional
30384,functional
11433,functional
56926,functional
14112,functional
42502,functional
24961,functional
12079,functional
4903,functional
316,functional
55580,functional
74175,functional
23116,functional
71325,functional
73631,functional
41953,functional
28873,functional
58678,functional
67971,functional
24171,functional
70263,functional
1459,functional
67340,functional
12484,functional
62985,functional
60620,functional
64393,functional
42499,functional
65762,functional
7188,functional
64373,functional
13929,functional
51348,functional
68735,functional
21648,functional
38745,functional
20431,functional
50706,functional
63060,functional
12494,functional
20522,functional
21200,functional
1331,functional
51676,functional
44783,functional
46593,functional
3427,functional
30043,functional
16872,functional
28676,functional
15828,functional
38533,functional
35174,functional
24191,functional
59711,functional
15614,functional
57049,functional
40863,functional
41423,functional
24303,functional
4862,functional
4840,functional
26925,functional
56287,functional
17993,functional
36953,functional
66235,functional
25627,functional
8743,functional
125,functional
2900,functional
68192,functional
19634,functional
68131,functional
64974,functional
57552,functional
2388,functional
58008,functional
73678,functional
34969,functional
16039,functional
53486,functional
42441,functional
51442,functional
72781,functional
32583,functional
59482,functional
61604,functional
70465,functional
4876,functional
9987,functional
33475,functional
40647,functional
33727,functional
40664,functional
2760,functional
4240,functional
50381,functional
67161,functional
9292,functional
44194,functional
69311,functional
64458,functional
33803,functional
53081,functional
45053,functional
13752,functional
38123,functional
11920,functional
51582,functional
64689,functional
14673,functional
44420,functional
64640,functional
54025,functional
2549,functional
12874,functional
34755,functional
8021,functional
66644,functional
40610,functional
12089,functional
20906,functional
47212,functional
12706,functional
56221,functional
68039,functional
51534,functional
38857,functional
23885,functional
30196,functional
63288,functional
8578,functional
45563,functional
65272,functional
18954,functional
27251,functional
43964,functional
59040,functional
45283,functional
54038,functional
57691,functional
73333,functional
10945,functional
35387,functional
18127,functional
70128,functional
61567,functional
31982,functional
72689,functional
20334,functional
31640,functional
35568,functional
21705,functional
12672,functional
25992,functional
12424,functional
26572,functional
8639,functional
54035,functional
37795,functional
24571,functional
37221,functional
64575,functional
37331,functional
29415,functional
7222,functional
23628,functional
60997,functional
68718,functional
2822,functional
58903,functional
36641,functional
61049,functional
6352,functional
37688,functional
48281,functional
46827,functional
62043,functional
20006,functional
42804,functional
22564,functional
21461,functional
33971,functional
3376,functional
15351,functional
69357,functional
9636,functional
65800,functional
49279,functional
59961,functional
19434,functional
27898,functional
72690,functional
34895,functional
57752,functional
47070,functional
67240,functional
38527,functional
65234,functional
66231,functional
16551,functional
18082,functional
13479,functional
42032,functional
705,functional
12505,functional
34677,functional
14033,functional
16041,functional
54261,functional
71652,functional
19801,functional
42172,functional
52204,functional
33685,functional
54174,functional
57032,functional
35217,functional
34763,functional
53410,functional
49163,functional
33930,functional
17495,functional
47039,functional
35341,functional
28516,functional
8499,functional
10898,functional
66558,functional
6697,functional
33496,functional
9337,functional
6834,functional
21545,functional
65104,functional
23406,functional
4637,functional
9132,functional
53692,functional
68577,functional
40671,functional
40706,functional
58423,functional
62806,functional
25835,functional
26439,functional
39816,functional
34733,functional
69168,functional
73604,functional
2908,functional
49908,functional
29642,functional
22615,functional
31282,functional
25089,functional
9735,functional
65041,functional
41467,functional
59092,functional
58789,functional
62468,functional
52275,functional
32858,functional
47809,functional
14036,functional
29152,functional
67360,functional
50803,functional
63325,functional
13530,functional
867,functional
30833,functional
35982,functional
7872,functional
72059,functional
41418,functional
5864,functional
2943,functional
9797,functional
37786,functional
72790,functional
34686,functional
30917,functional
54177,functional
47007,functional
24828,functional
69587,functional
6436,functional
71831,functional
61187,functional
16347,functional
40056,functional
43147,functional
7784,functional
71480,functional
60673,functional
9085,functional
6314,functional
42882,functional
70371,functional
1161,functional
5542,functional
66959,functional
22036,functional
21509,functional
40367,functional
46397,functional
1214,functional
42219,functional
13938,functional
72809,functional
29067,functional
326,functional
33663,functional
37991,functional
4425,functional
31684,functional
2065,functional
57295,functional
24941,functional
63323,functional
63025,functional
59438,functional
6580,functional
33605,functional
26081,functional
32146,functional
36979,functional
17844,functional
66143,functional
23326,functional
50799,functional
29963,functional
2294,functional
57473,functional
24251,functional
13321,functional
66346,functional
73104,functional
54135,functional
43975,functional
26138,functional
28171,functional
3920,functional
41250,functional
648,functional
41442,functional
7868,functional
47022,functional
58499,functional
56535,functional
32311,functional
35715,functional
29973,functional
42511,functional
64005,functional
41804,functional
43363,functional
15487,functional
48752,functional
58914,functional
45504,functional
43755,functional
36605,functional
60517,functional
30241,functional
14205,functional
68779,functional
2584,functional
5083,functional
11325,functional
43685,functional
40364,functional
23943,functional
8686,functional
61680,functional
20816,functional
44388,functional
10486,functional
36291,functional
22714,functional
33189,functional
70269,functional
2561,functional
47120,functional
44409,functional
39780,functional
58970,functional
54720,functional
20268,functional
53113,functional
1378,functional
15563,functional
68547,functional
25752,functional
60988,functional
31580,functional
2,functional
72597,functional
11753,functional
37627,functional
56182,functional
38988,functional
19802,functional
25774,functional
12752,functional
58503,functional
32217,functional
49864,functional
57818,functional
68320,functional
29105,functional
68270,functional
28517,functional
35827,functional
37153,functional
57426,functional
70637,functional
67725,functional
53560,functional
15323,functional
432,functional
69633,functional
7277,functional
57131,functional
6014,functional
33749,functional
30205,functional
43306,functional
2229,functional
42654,functional
5969,functional
28669,functional
49167,functional
68482,functional
45157,functional
45356,functional
4845,functional
27188,functional
42888,functional
26117,functional
51639,functional
50248,functional
69366,functional
59042,functional
59938,functional
56405,functional
2812,functional
7906,functional
117,functional
2524,functional
12384,functional
40893,functional
69298,functional
11024,functional
41521,functional
10957,functional
58023,functional
73014,functional
18834,functional
10765,functional
62807,functional
43546,functional
43188,functional
19843,functional
10941,functional
52297,functional
40050,functional
28647,functional
36203,functional
28519,functional
30456,functional
72956,functional
33585,functional
53541,functional
22530,functional
42780,functional
54913,functional
67321,functional
43021,functional
70177,functional
47415,functional
58669,functional
37706,functional
22689,functional
25674,functional
41045,functional
72752,functional
40159,functional
26499,functional
54915,functional
43118,functional
35515,functional
70348,functional
67291,functional
8110,functional
10040,functional
33969,functional
7555,functional
26749,functional
59604,functional
10937,functional
15861,functional
55798,functional
2778,functional
5454,functional
43972,functional
14937,functional
9240,functional
60221,functional
37173,functional
5831,functional
57580,functional
48524,functional
68440,functional
30400,functional
55747,functional
64668,functional
38099,functional
55819,functional
16692,functional
60505,functional
28990,functional
16538,functional
44219,functional
65408,functional
67263,functional
6722,functional
2071,functional
42319,functional
6244,functional
51211,functional
12215,functional
29476,functional
68384,functional
31384,functional
25192,functional
69896,functional
65641,functional
37474,functional
70908,functional
55185,functional
52831,functional
22819,functional
53935,functional
21264,functional
18256,functional
4860,functional
57736,functional
58306,functional
24684,functional
60307,functional
33783,functional
25085,functional
38208,functional
923,functional
57704,functional
59103,functional
53983,functional
10636,functional
29790,functional
28657,functional
65113,functional
66241,functional
70660,functional
71258,functional
1396,functional
19290,functional
18272,functional
8256,functional
69789,functional
66750,functional
15347,functional
70561,functional
56570,functional
63846,functional
62193,functional
22309,functional
65516,functional
14745,functional
19987,functional
11684,functional
6097,functional
45444,functional
27422,functional
24880,functional
67194,functional
28025,functional
56250,functional
30350,functional
30860,functional
21987,functional
73690,functional
70440,functional
44022,functional
61796,functional
5097,functional
11548,functional
1258,functional
49615,functional
45919,functional
59240,functional
22049,functional
63056,functional
34758,functional
19344,functional
25970,functional
35133,functional
6493,functional
12574,functional
10457,functional
24353,functional
33213,functional
68857,functional
4475,functional
12062,functional
24433,functional
33366,functional
15764,functional
2553,functional
13163,functional
67454,functional
34938,functional
7681,functional
3764,functional
57129,functional
51919,functional
67949,functional
39690,functional
48919,functional
11640,functional
1230,functional
38453,functional
8571,functional
27138,functional
34420,functional
43464,functional
35422,functional
28957,functional
62151,functional
65149,functional
6025,functional
72253,functional
176,functional
18222,functional
68805,functional
27470,functional
6787,functional
31676,functional
62668,functional
23854,functional
32495,functional
42820,functional
52704,functional
31039,functional
40673,functional
49185,functional
27335,functional
21521,functional
20812,functional
51704,functional
54344,functional
25623,functional
63694,functional
11646,functional
26131,functional
3165,functional
33933,functional
43581,functional
59507,functional
41581,functional
50151,functional
47236,functional
68706,functional
57537,functional
29544,functional
25428,functional
64938,functional
40224,functional
46828,functional
12221,functional
48943,functional
48827,functional
13734,functional
30216,functional
39313,functional
16334,functional
53299,functional
25687,functional
44545,functional
31693,functional
59195,functional
35233,functional
46097,functional
5823,functional
32375,functional
31720,functional
16252,functional
56834,functional
4986,functional
56557,functional
25852,functional
38521,functional
30837,functional
46430,functional
12685,functional
19363,functional
73543,functional
63520,functional
66449,functional
30162,functional
65629,functional
37765,functional
719,functional
60164,functional
58938,functional
72777,functional
67775,functional
39055,functional
55096,functional
2057,functional
57913,functional
73972,functional
45771,functional
61304,functional
1075,functional
56168,functional
15304,functional
46435,functional
72915,functional
41798,functional
28108,functional
34586,functional
20631,functional
21577,functional
56961,functional
37723,functional
4501,functional
16085,functional
13398,functional
17005,functional
11367,functional
37017,functional
28704,functional
41175,functional
53570,functional
12292,functional
9342,functional
35987,functional
30725,functional
12131,functional
8892,functional
27172,functional
6543,functional
67694,functional
65199,functional
65328,functional
38064,functional
11901,functional
1181,functional
64492,functional
20294,functional
27777,functional
66577,functional
58892,functional
26236,functional
29749,functional
7120,functional
17085,functional
22624,functional
27419,functional
58690,functional
40285,functional
17861,functional
71655,functional
57811,functional
58833,functional
70539,functional
38834,functional
47277,functional
8969,functional
9667,functional
68843,functional
74221,functional
39907,functional
43944,functional
3727,functional
525,functional
49288,functional
24334,functional
36381,functional
28089,functional
47800,functional
65376,functional
62628,functional
1651,functional
71882,functional
36743,functional
9192,functional
24379,functional
71347,functional
72394,functional
46468,functional
65933,functional
7101,functional
33818,functional
73703,functional
5136,functional
15344,functional
60601,functional
6173,functional
41383,functional
11180,functional
6449,functional
6900,functional
54931,functional
72986,functional
56434,functional
460,functional
33726,functional
20572,functional
25163,functional
6367,functional
52308,functional
68608,functional
70788,functional
35187,functional
24863,functional
50155,functional
26940,functional
42852,functional
6556,functional
73484,functional
40169,functional
61692,functional
55514,functional
54356,functional
44683,functional
63492,functional
37649,functional
42074,functional
87,functional
70607,functional
42891,functional
55969,functional
53638,functional
66616,functional
5084,functional
70805,functional
34370,functional
32924,functional
8229,functional
37641,functional
24121,functional
54717,functional
54335,functional
38129,functional
62062,functional
11505,functional
28037,functional
19551,functional
43673,functional
16,functional
32289,functional
37709,functional
72472,functional
10896,functional
16948,functional
20321,functional
48436,functional
61768,functional
65666,functional
20844,functional
19052,functional
18249,functional
65368,functional
51716,functional
72955,functional
6724,functional
56949,functional
68569,functional
38524,functional
13127,functional
54896,functional
17466,functional
23381,functional
44505,functional
26844,functional
29752,functional
28554,functional
52233,functional
72866,functional
65573,functional
36050,functional
30527,functional
8273,functional
42914,functional
57065,functional
17411,functional
27976,functional
42775,functional
56115,functional
42015,functional
25056,functional
7214,functional
19789,functional
72450,functional
55040,functional
35840,functional
21035,functional
17214,functional
34616,functional
567,functional
52825,functional
22032,functional
32433,functional
12436,functional
54867,functional
11923,functional
25853,functional
12575,functional
21423,functional
16783,functional
33770,functional
38563,functional
2157,functional
29230,functional
13817,functional
30627,functional
19642,functional
60343,functional
57354,functional
267,functional
69105,functional
18176,functional
8929,functional
66366,functional
45893,functional
45082,functional
25318,functional
19958,functional
41248,functional
72769,functional
579,functional
64334,functional
72832,functional
12595,functional
41233,functional
12256,functional
63894,functional
55863,functional
62082,functional
22261,functional
32424,functional
41471,functional
70950,functional
19992,functional
37391,functional
63597,functional
23776,functional
17084,functional
69115,functional
6397,functional
69818,functional
22420,functional
21865,functional
52310,functional
10565,functional
49829,functional
24614,functional
68422,functional
2042,functional
44172,functional
5672,functional
33056,functional
41558,functional
65943,functional
63909,functional
8214,functional
18130,functional
33899,functional
62579,functional
41743,functional
61581,functional
39795,functional
36123,functional
50394,functional
8537,functional
74171,functional
49453,functional
50104,functional
38191,functional
58506,functional
58902,functional
15044,functional
41710,functional
44541,functional
26300,functional
72106,functional
62897,functional
2363,functional
58261,functional
72119,functional
66169,functional
43606,functional
38222,functional
30628,functional
15453,functional
26893,functional
23938,functional
24522,functional
18591,functional
9458,functional
28520,functional
40371,functional
30991,functional
26986,functional
39892,functional
14464,functional
28118,functional
14024,functional
22247,functional
58891,functional
20095,functional
33896,functional
4008,functional
7182,functional
57701,functional
22919,functional
20314,functional
233,functional
3946,functional
37887,functional
39083,functional
38312,functional
73922,functional
10674,functional
19423,functional
55261,functional
64855,functional
64961,functional
17962,functional
53575,functional
46516,functional
66202,functional
3769,functional
33847,functional
34718,functional
44377,functional
1547,functional
44654,functional
8300,functional
50287,functional
4329,functional
71442,functional
23631,functional
34340,functional
27829,functional
61461,functional
11129,functional
70760,functional
52990,functional
1727,functional
56084,functional
43494,functional
12204,functional
54645,functional
58273,functional
18183,functional
40752,functional
57429,functional
1900,functional
23014,functional
753,functional
37222,functional
13831,functional
55180,functional
43904,functional
69390,functional
12481,functional
21042,functional
54367,functional
28722,functional
41376,functional
20017,functional
17669,functional
61425,functional
56796,functional
37298,functional
42576,functional
59773,functional
69240,functional
68393,functional
50736,functional
22184,functional
60783,functional
12990,functional
69938,functional
23887,functional
29330,functional
23722,functional
67239,functional
44046,functional
8944,functional
49581,functional
39920,functional
23741,functional
59695,functional
54314,functional
35556,functional
20391,functional
54249,functional
19701,functional
53529,functional
41952,functional
37340,functional
18425,functional
52818,functional
26899,functional
37820,functional
16909,functional
54956,functional
26125,functional
1561,functional
15761,functional
44958,functional
72974,functional
8918,functional
3226,functional
37266,functional
48273,functional
31010,functional
25636,functional
41708,functional
36671,functional
64415,functional
19918,functional
18003,functional
3216,functional
55641,functional
29494,functional
43314,functional
21250,functional
43827,functional
38759,functional
70944,functional
9197,functional
73032,functional
45593,functional
54066,functional
21641,functional
37107,functional
69579,functional
43998,functional
34593,functional
16706,functional
23487,functional
47828,functional
69527,functional
35748,functional
46742,functional
66797,functional
16282,functional
3986,functional
41565,functional
49414,functional
29675,functional
25084,functional
32621,functional
53149,functional
71919,functional
68588,functional
3160,functional
44325,functional
56947,functional
23431,functional
1073,functional
51294,functional
50376,functional
52814,functional
54039,functional
56906,functional
3733,functional
44253,functional
29443,functional
12288,functional
60411,functional
67491,functional
23926,functional
51028,functional
25884,functional
478,functional
25331,functional
56604,functional
69367,functional
50576,functional
21086,functional
24646,functional
12866,functional
15814,functional
1989,functional
53804,functional
33192,functional
73562,functional
7362,functional
15854,functional
52872,functional
41372,functional
51826,functional
60887,functional
24974,functional
7639,functional
13513,functional
14956,functional
53342,functional
29984,functional
33003,functional
41950,functional
43380,functional
64217,functional
54413,functional
70002,functional
50676,functional
70429,functional
3262,functional
30074,functional
28781,functional
7774,functional
24696,functional
52076,functional
62992,functional
26518,functional
49593,functional
45197,functional
21147,functional
65649,functional
13155,functional
1477,functional
47188,functional
70986,functional
71356,functional
50620,functional
54850,functional
15772,functional
52023,functional
57047,functional
47985,functional
56812,functional
35391,functional
12173,functional
24914,functional
34954,functional
18161,functional
13834,functional
52132,functional
11944,functional
20441,functional
29767,functional
51720,functional
58853,functional
64328,functional
72024,functional
51463,functional
51702,functional
48698,functional
13951,functional
69559,functional
10846,functional
25550,functional
29982,functional
10070,functional
39906,functional
20310,functional
22988,functional
49891,functional
492,functional
27130,functional
22716,functional
11850,functional
34372,functional
2434,functional
46437,functional
31403,functional
41081,functional
66471,functional
19222,functional
30496,functional
60206,functional
71215,functional
50699,functional
67813,functional
34813,functional
65245,functional
60754,functional
16770,functional
23452,functional
72794,functional
49542,functional
5280,functional
43885,functional
66391,functional
26917,functional
63321,functional
46647,functional
19294,functional
7531,functional
9566,functional
62537,functional
49779,functional
53775,functional
32830,functional
72497,functional
17765,functional
21922,functional
63809,functional
47923,functional
48283,functional
16800,functional
60166,functional
17108,functional
35074,functional
61990,functional
44390,functional
60178,functional
63167,functional
38232,functional
33553,functional
37478,functional
51155,functional
68980,functional
17448,functional
153,functional
19672,functional
64397,functional
69123,functional
3705,functional
60264,functional
46179,functional
66550,functional
17889,functional
64898,functional
72644,functional
42703,functional
48215,functional
58410,functional
14513,functional
72621,functional
6020,functional
44118,functional
8165,functional
906,functional
28100,functional
9600,functional
69792,functional
438,functional
7674,functional
12168,functional
5774,functional
67396,functional
22259,functional
59846,functional
37531,functional
37308,functional
26153,functional
49755,functional
14220,functional
34530,functional
61033,functional
55521,functional
48607,functional
54073,functional
71387,functional
19886,functional
72802,functional
71750,functional
27958,functional
51831,functional
45276,functional
32534,functional
68864,functional
70417,functional
55964,functional
73401,functional
43446,functional
55042,functional
17341,functional
69136,functional
36778,functional
69231,functional
49142,functional
70545,functional
20410,functional
25434,functional
3370,functional
72452,functional
71342,functional
8725,functional
41818,functional
34923,functional
49222,functional
47559,functional
37502,functional
3042,functional
22135,functional
19770,functional
51385,functional
9807,functional
33044,functional
32962,functional
26483,functional
39415,functional
56527,functional
46722,functional
47656,functional
49078,functional
52659,functional
39614,functional
30568,functional
70730,functional
34509,functional
7518,functional
41076,functional
686,functional
34742,functional
54747,functional
12700,functional
68769,functional
37675,functional
1403,functional
17704,functional
765,functional
13737,functional
18714,functional
16211,functional
32514,functional
68001,functional
11262,functional
15887,functional
25072,functional
10672,functional
72513,functional
18768,functional
9676,functional
24936,functional
5684,functional
1699,functional
56088,functional
14573,functional
18250,functional
22108,functional
62530,functional
54845,functional
23380,functional
63301,functional
52473,functional
39753,functional
32549,functional
15795,functional
47049,functional
44670,functional
67409,functional
35470,functional
66493,functional
58179,functional
48503,functional
45375,functional
52381,functional
15608,functional
64517,functional
4274,functional
25051,functional
14521,functional
34817,functional
47222,functional
53620,functional
29512,functional
68583,functional
33442,functional
72813,functional
2629,functional
14733,functional
17314,functional
67040,functional
7821,functional
30919,functional
48685,functional
620,functional
25546,functional
34259,functional
21137,functional
61532,functional
70154,functional
8073,functional
3,functional
11469,functional
22958,functional
56013,functional
23481,functional
65184,functional
59071,functional
51043,functional
3622,functional
17684,functional
7499,functional
23602,functional
14976,functional
35061,functional
8027,functional
36515,functional
29115,functional
28821,functional
9153,functional
3478,functional
16321,functional
30688,functional
30397,functional
60956,functional
4758,functional
31761,functional
63812,functional
58534,functional
24275,functional
59184,functional
20048,functional
38768,functional
14492,functional
48228,functional
14809,functional
67033,functional
68809,functional
10125,functional
54727,functional
38185,functional
16233,functional
45683,functional
44266,functional
6680,functional
45250,functional
29648,functional
55391,functional
64079,functional
64424,functional
38841,functional
54215,functional
24959,functional
48981,functional
33058,functional
43115,functional
15923,functional
42686,functional
11935,functional
47499,functional
35938,functional
20685,functional
1277,functional
2587,functional
8294,functional
26857,functional
62525,functional
20666,functional
47108,functional
38225,functional
62401,functional
45541,functional
17489,functional
23671,functional
14425,functional
9362,functional
40763,functional
51169,functional
61629,functional
47031,functional
68528,functional
22597,functional
39323,functional
69779,functional
65430,functional
44793,functional
58773,functional
64280,functional
14799,functional
45938,functional
10712,functional
65561,functional
39133,functional
63452,functional
61798,functional
2232,functional
62029,functional
73079,functional
30226,functional
51388,functional
70342,functional
63030,functional
50636,functional
1359,functional
49933,functional
28052,functional
37139,functional
14409,functional
68322,functional
74054,functional
2905,functional
60622,functional
63307,functional
14307,functional
73491,functional
16965,functional
49181,functional
25284,functional
72077,functional
72759,functional
8145,functional
68298,functional
40675,functional
46506,functional
68739,functional
62681,functional
29261,functional
47782,functional
36699,functional
43955,functional
1209,functional
71679,functional
4615,functional
28906,functional
23087,functional
14561,functional
14585,functional
63513,functional
43709,functional
62688,functional
36871,functional
69957,functional
40315,functional
55821,functional
67212,functional
5459,functional
31911,functional
25946,functional
33293,functional
46796,functional
63628,functional
3224,functional
20736,functional
25780,functional
47328,functional
21318,functional
48193,functional
32128,functional
49955,functional
44166,functional
8908,functional
53911,functional
37986,functional
45208,functional
18059,functional
56076,functional
22986,functional
13723,functional
37613,functional
41180,functional
28620,functional
51316,functional
39118,functional
37133,functional
18516,functional
41451,functional
35575,functional
50844,functional
56213,functional
70533,functional
44343,functional
15707,functional
71722,functional
60189,functional
66454,functional
56585,functional
55942,functional
25829,functional
55627,functional
4481,functional
12043,functional
48013,functional
72145,functional
14459,functional
19661,functional
72715,functional
61712,functional
20399,functional
43386,functional
3553,functional
24756,functional
50040,functional
38924,functional
34126,functional
58532,functional
66027,functional
60122,functional
52932,functional
47486,functional
5422,functional
50255,functional
69939,functional
42293,functional
28996,functional
24150,functional
74190,functional
41866,functional
51398,functional
11142,functional
70293,functional
45719,functional
40681,functional
15007,functional
29813,functional
58887,functional
41362,functional
69209,functional
20405,functional
71576,functional
15147,functional
1080,functional
32346,functional
18811,functional
19078,functional
52005,functional
13464,functional
33195,functional
193,functional
11865,functional
63458,functional
28015,functional
33512,functional
36191,functional
71122,functional
53829,functional
30943,functional
67184,functional
19772,functional
27380,functional
66903,functional
24781,functional
62209,functional
20403,functional
9596,functional
58745,functional
18116,functional
71166,functional
70835,functional
18584,functional
18460,functional
39173,functional
1148,functional
25152,functional
70770,functional
8598,functional
47248,functional
45510,functional
68795,functional
19964,functional
55760,functional
3711,functional
27430,functional
33671,functional
65351,functional
57359,functional
25158,functional
71932,functional
53545,functional
64173,functional
21253,functional
49930,functional
72268,functional
69063,functional
26817,functional
35418,functional
63283,functional
36542,functional
42809,functional
59050,functional
66769,functional
297,functional
19454,functional
55476,functional
68863,functional
41916,functional
15201,functional
34547,functional
40988,functional
64443,functional
42617,functional
37783,functional
57192,functional
13824,functional
57743,functional
65621,functional
6700,functional
56856,functional
71399,functional
25118,functional
7519,functional
59436,functional
47994,functional
56517,functional
33594,functional
45866,functional
62236,functional
38049,functional
21350,functional
19444,functional
63600,functional
1078,functional
27128,functional
67647,functional
67837,functional
8972,functional
8086,functional
32492,functional
5965,functional
17741,functional
34638,functional
65869,functional
20519,functional
43204,functional
52331,functional
34879,functional
37794,functional
14659,functional
57606,functional
69870,functional
4349,functional
61967,functional
73811,functional
4122,functional
67003,functional
26280,functional
61071,functional
24306,functional
36884,functional
28674,functional
4662,functional
10516,functional
54259,functional
21427,functional
47749,functional
54797,functional
22453,functional
57534,functional
54014,functional
3550,functional
32599,functional
50555,functional
54046,functional
73777,functional
55327,functional
29680,functional
51747,functional
37580,functional
62034,functional
55997,functional
3766,functional
16487,functional
35068,functional
73313,functional
39893,functional
26747,functional
45415,functional
62707,functional
48490,functional
31690,functional
58051,functional
21125,functional
55177,functional
18430,functional
53243,functional
44579,functional
69711,functional
22679,functional
1245,functional
31739,functional
23333,functional
9952,functional
36414,functional
53648,functional
9654,functional
45329,functional
61886,functional
52670,functional
63635,functional
12287,functional
37814,functional
58113,functional
65633,functional
32092,functional
8687,functional
48611,functional
43883,functional
69356,functional
53904,functional
6571,functional
26071,functional
30069,functional
32816,functional
21446,functional
15295,functional
4804,functional
18556,functional
69748,functional
49796,functional
49003,functional
26261,functional
43247,functional
15647,functional
14199,functional
24227,functional
42964,functional
24707,functional
5738,functional
52328,functional
59262,functional
41691,functional
5844,functional
1342,functional
46455,functional
12103,functional
1622,functional
16206,functional
14488,functional
65323,functional
23553,functional
10114,functional
24392,functional
51954,functional
24819,functional
31497,functional
48776,functional
51337,functional
19898,functional
7156,functional
43214,functional
72534,functional
46134,functional
23450,functional
22759,functional
11237,functional
39588,functional
68463,functional
73098,functional
12921,functional
57094,functional
31005,functional
59017,functional
46912,functional
34408,functional
3998,functional
58947,functional
28694,functional
16116,functional
64760,functional
9681,functional
55289,functional
48049,functional
22097,functional
42531,functional
27212,functional
37965,functional
6599,functional
61759,functional
60020,functional
71228,functional
51465,functional
63758,functional
69381,functional
15637,functional
26848,functional
8310,functional
69630,functional
67727,functional
5691,functional
17488,functional
52078,functional
5035,functional
67351,functional
71269,functional
32040,functional
14347,functional
32159,functional
58347,functional
71312,functional
73958,functional
2227,functional
32864,functional
33007,functional
39398,functional
16537,functional
12276,functional
38789,functional
19190,functional
73955,functional
18517,functional
34904,functional
56123,functional
7169,functional
58464,functional
33272,functional
54417,functional
33400,functional
21023,functional
54748,functional
39786,functional
45699,functional
43377,functional
25203,functional
51328,functional
5253,functional
30528,functional
6675,functional
18903,functional
39890,functional
37828,functional
70143,functional
63983,functional
59969,functional
13018,functional
65939,functional
32123,functional
24540,functional
61515,functional
13037,functional
64069,functional
64729,functional
51993,functional
27878,functional
41428,functional
60642,functional
57780,functional
66252,functional
37989,functional
27843,functional
25815,functional
14569,functional
5413,functional
9277,functional
5144,functional
618,functional
60127,functional
2400,functional
45644,functional
5108,functional
70328,functional
60860,functional
5065,functional
59538,functional
68969,functional
25528,functional
33620,functional
27738,functional
29237,functional
46564,functional
23172,functional
49405,functional
70423,functional
12274,functional
1788,functional
16210,functional
28769,functional
36475,functional
48478,functional
66367,functional
37273,functional
32067,functional
42326,functional
22214,functional
44616,functional
71903,functional
64365,functional
38356,functional
56703,functional
22789,functional
2615,functional
42054,functional
38412,functional
71460,functional
30706,functional
33550,functional
38428,functional
37736,functional
19995,functional
1306,functional
66839,functional
33263,functional
54207,functional
23192,functional
18270,functional
31292,functional
9559,functional
69023,functional
32900,functional
14079,functional
31510,functional
61256,functional
20554,functional
40469,functional
61923,functional
32756,functional
66321,functional
53967,functional
33968,functional
40185,functional
10933,functional
65847,functional
20961,functional
63714,functional
24115,functional
61293,functional
36177,functional
36920,functional
71016,functional
61108,functional
62302,functional
25871,functional
49029,functional
74176,functional
72997,functional
73123,functional
20243,functional
15144,functional
7238,functional
35003,functional
5580,functional
65518,functional
65511,functional
26412,functional
56326,functional
15265,functional
62979,functional
39011,functional
45138,functional
70954,functional
62694,functional
61032,functional
12914,functional
59653,functional
27154,functional
9091,functional
14834,functional
13296,functional
37437,functional
65367,functional
51265,functional
15162,functional
7073,functional
63203,functional
59628,functional
12643,functional
19597,functional
46957,functional
23750,functional
11404,functional
39697,functional
12786,functional
28880,functional
34373,functional
28840,functional
42934,functional
53523,functional
41757,functional
68629,functional
6581,functional
56996,functional
28827,functional
62485,functional
6141,functional
27301,functional
45235,functional
43038,functional
61255,functional
119,functional
3014,functional
27935,functional
13505,functional
15264,functional
17035,functional
57637,functional
22718,functional
7805,functional
45383,functional
62577,functional
33757,functional
32711,functional
57219,functional
66279,functional
40595,functional
19365,functional
12111,functional
2671,functional
72613,functional
15652,functional
31023,functional
12371,functional
61466,functional
7610,functional
19943,functional
333,functional
10510,functional
3201,functional
68175,functional
2886,functional
69072,functional
54982,functional
38944,functional
56485,functional
36062,functional
7016,functional
72414,functional
22005,functional
52587,functional
23554,functional
15356,functional
72286,functional
31995,functional
52578,functional
25116,functional
2964,functional
62182,functional
73140,functional
60639,functional
7776,functional
22203,functional
55244,functional
29203,functional
10723,functional
63611,functional
14221,functional
42256,functional
72390,functional
1645,functional
22126,functional
43924,functional
71147,functional
41149,functional
53339,functional
3428,functional
33314,functional
23821,functional
68775,functional
61900,functional
74202,functional
40916,functional
58990,functional
24525,functional
28638,functional
65222,functional
65380,functional
46023,functional
14880,functional
36599,functional
58516,functional
48091,functional
52571,functional
70718,functional
49849,functional
25412,functional
34092,functional
10166,functional
72407,functional
25430,functional
53605,functional
21329,functional
72160,functional
47523,functional
50330,functional
8852,functional
29433,functional
4895,functional
7304,functional
71875,functional
5134,functional
1248,functional
1297,functional
62147,functional
15532,functional
26199,functional
18919,functional
38430,functional
53999,functional
6902,functional
63865,functional
31460,functional
19370,functional
55572,functional
62912,functional
57258,functional
18421,functional
17017,functional
53213,functional
13111,functional
66800,functional
24547,functional
46775,functional
27605,functional
10575,functional
23580,functional
31603,functional
5798,functional
54418,functional
73465,functional
24078,functional
69676,functional
29787,functional
25437,functional
31207,functional
73127,functional
9835,functional
39396,functional
61550,functional
67832,functional
59590,functional
55078,functional
11221,functional
39338,functional
14484,functional
41345,functional
18324,functional
49529,functional
26339,functional
17617,functional
14232,functional
67777,functional
11168,functional
15276,functional
24690,functional
18694,functional
41932,functional
30776,functional
24424,functional
40740,functional
45302,functional
20513,functional
19978,functional
26643,functional
14647,functional
51269,functional
32977,functional
3399,functional
61422,functional
42362,functional
59494,functional
16147,functional
65636,functional
240,functional
26489,functional
51607,functional
70230,functional
10746,functional
1746,functional
49655,functional
62104,functional
30654,functional
6235,functional
2933,functional
802,functional
71424,functional
71629,functional
6861,functional
61926,functional
26694,functional
17635,functional
28189,functional
66441,functional
2617,functional
47742,functional
19589,functional
21305,functional
57269,functional
63477,functional
22273,functional
39125,functional
10495,functional
54554,functional
68365,functional
65778,functional
40284,functional
21224,functional
37911,functional
23623,functional
53645,functional
21650,functional
1576,functional
59915,functional
59000,functional
3721,functional
4570,functional
46535,functional
49953,functional
23696,functional
66474,functional
3752,functional
24980,functional
73147,functional
18374,functional
20764,functional
57678,functional
72443,functional
30375,functional
70252,functional
64894,functional
64691,functional
71464,functional
50106,functional
19558,functional
23003,functional
26649,functional
12542,functional
9594,functional
35688,functional
16144,functional
47844,functional
73094,functional
35337,functional
40856,functional
38239,functional
3263,functional
16093,functional
7962,functional
1981,functional
56208,functional
49926,functional
43791,functional
20665,functional
36960,functional
8393,functional
1694,functional
53677,functional
18538,functional
63209,functional
42623,functional
38408,functional
23494,functional
70509,functional
67016,functional
34679,functional
23749,functional
5373,functional
15842,functional
14224,functional
17033,functional
42194,functional
55473,functional
24297,functional
26896,functional
11141,functional
17253,functional
56255,functional
66832,functional
9270,functional
42629,functional
26617,functional
16084,functional
7280,functional
70455,functional
17984,functional
20986,functional
7918,functional
8641,functional
72084,functional
52448,functional
21891,functional
51822,functional
2143,functional
52963,functional
23648,functional
23154,functional
17870,functional
36518,functional
19158,functional
4012,functional
55380,functional
72235,functional
24958,functional
12198,functional
21836,functional
24966,functional
17055,functional
31808,functional
57745,functional
43763,functional
63409,functional
30045,functional
69362,functional
64727,functional
13774,functional
4389,functional
61609,functional
62705,functional
23781,functional
33428,functional
74164,functional
16326,functional
10280,functional
25052,functional
51979,functional
29158,functional
14788,functional
22946,functional
5463,functional
73719,functional
20679,functional
45829,functional
13529,functional
25847,functional
59887,functional
39705,functional
61869,functional
19606,functional
42856,functional
73668,functional
71109,functional
6562,functional
26328,functional
32340,functional
74043,functional
13386,functional
44037,functional
66155,functional
68677,functional
45787,functional
9358,functional
22225,functional
58910,functional
12534,functional
19515,functional
67023,functional
37417,functional
32426,functional
70624,functional
27082,functional
41197,functional
40298,functional
57554,functional
65444,functional
7629,functional
2846,functional
68260,functional
6620,functional
10866,functional
58904,functional
24330,functional
7331,functional
57654,functional
46968,functional
2474,functional
3662,functional
50321,functional
27531,functional
36044,functional
12182,functional
6497,functional
65735,functional
10853,functional
4403,functional
41682,functional
49373,functional
5613,functional
38216,functional
25950,functional
69094,functional
20073,functional
49922,functional
57686,functional
9609,functional
21759,functional
60219,functional
29694,functional
58838,functional
61437,functional
64998,functional
60502,functional
47000,functional
57118,functional
42566,functional
64408,functional
34653,functional
4099,functional
2547,functional
16544,functional
2690,functional
3607,functional
67327,functional
21976,functional
63608,functional
42853,functional
529,functional
12373,functional
73450,functional
62091,functional
64771,functional
60935,functional
68589,functional
34440,functional
40952,functional
41506,functional
52479,functional
56992,functional
70597,functional
65570,functional
62093,functional
70255,functional
65566,functional
36336,functional
42288,functional
22061,functional
67061,functional
6113,functional
31122,functional
29921,functional
19349,functional
48830,functional
51899,functional
19411,functional
45166,functional
72836,functional
50598,functional
39657,functional
10123,functional
38157,functional
20789,functional
5968,functional
56095,functional
16260,functional
72922,functional
72579,functional
64633,functional
1116,functional
41903,functional
39027,functional
30207,functional
57397,functional
10397,functional
29960,functional
4824,functional
3343,functional
65535,functional
7138,functional
44499,functional
9426,functional
72930,functional
55883,functional
37689,functional
39232,functional
69369,functional
69991,functional
37856,functional
10458,functional
52040,functional
4165,functional
30739,functional
24103,functional
29029,functional
48475,functional
21971,functional
25443,functional
66079,functional
37250,functional
4245,functional
72316,functional
6922,functional
55998,functional
55459,functional
52665,functional
44450,functional
18458,functional
34118,functional
66830,functional
5975,functional
415,functional
68657,functional
6451,functional
56373,functional
47276,functional
27263,functional
25003,functional
55825,functional
55914,functional
58232,functional
57897,functional
52167,functional
43629,functional
25435,functional
36061,functional
28619,functional
69001,functional
32585,functional
65606,functional
4952,functional
33624,functional
63936,functional
35523,functional
35172,functional
13622,functional
55638,functional
34909,functional
640,functional
5387,functional
25828,functional
48240,functional
65200,functional
2873,functional
37906,functional
67697,functional
30419,functional
53726,functional
32576,functional
71937,functional
18818,functional
65424,functional
49765,functional
70976,functional
23174,functional
2037,functional
23347,functional
58570,functional
13644,functional
781,functional
72676,functional
28188,functional
3594,functional
55505,functional
37191,functional
27405,functional
12561,functional
56099,functional
35928,functional
64496,functional
20845,functional
32279,functional
42300,functional
59536,functional
5401,functional
57893,functional
2276,functional
24019,functional
64330,functional
73366,functional
43945,functional
39679,functional
68870,functional
14757,functional
45700,functional
71863,functional
25336,functional
68742,functional
7019,functional
49753,functional
231,functional
63960,functional
36636,functional
15454,functional
23378,functional
14077,functional
33701,functional
29523,functional
12169,functional
34571,functional
25401,functional
37834,functional
1326,functional
2672,functional
19682,functional
14499,functional
25275,functional
27484,functional
46100,functional
63486,functional
44201,functional
55001,functional
14166,functional
61942,functional
25132,functional
6357,functional
45910,functional
40408,functional
22683,functional
74078,functional
31741,functional
21307,functional
67219,functional
6838,functional
1069,functional
57920,functional
38085,functional
56456,functional
40122,functional
12118,functional
49728,functional
66184,functional
62389,functional
45911,functional
66758,functional
9853,functional
16873,functional
18157,functional
22024,functional
47885,functional
58344,functional
10326,functional
25536,functional
73887,functional
43651,functional
10078,functional
26811,functional
63760,functional
28853,functional
33129,functional
55420,functional
30413,functional
71569,functional
62085,functional
30150,functional
70795,functional
43347,functional
11009,functional
60137,functional
3749,functional
50008,functional
72260,functional
37218,functional
50819,functional
15952,functional
33998,functional
6957,functional
41203,functional
58654,functional
32139,functional
12891,functional
5425,functional
2344,functional
40206,functional
72203,functional
71817,functional
12618,functional
22121,functional
73964,functional
57226,functional
45056,functional
1128,functional
17526,functional
28744,functional
33248,functional
16083,functional
46409,functional
59467,functional
2508,functional
43299,functional
18279,functional
33012,functional
14029,functional
20078,functional
46696,functional
59601,functional
281,functional
62823,functional
26839,functional
283,functional
32986,functional
28727,functional
34782,functional
57524,functional
38002,functional
47972,functional
29914,functional
19812,functional
65105,functional
36259,functional
1994,functional
34114,functional
55039,functional
31906,functional
24955,functional
26673,functional
49203,functional
32680,functional
4879,functional
17246,functional
70981,functional
29431,functional
39141,functional
26217,functional
42170,functional
27424,functional
58964,functional
11196,functional
28926,functional
58561,functional
29956,functional
47201,functional
18192,functional
33817,functional
2675,functional
9546,functional
34510,functional
7932,functional
61400,functional
21542,functional
47511,functional
46498,functional
42714,functional
32385,functional
70320,functional
2209,functional
47053,functional
40286,functional
55361,functional
40079,functional
44985,functional
73804,functional
22908,functional
64600,functional
20120,functional
18486,functional
33748,functional
52022,functional
6830,functional
19097,functional
29602,functional
48566,functional
54394,functional
19706,functional
33623,functional
61444,functional
14959,functional
32776,functional
63822,functional
45796,functional
54067,functional
166,functional
43551,functional
64385,functional
57151,functional
43079,functional
29929,functional
44454,functional
18393,functional
6804,functional
38911,functional
48425,functional
60064,functional
29519,functional
52340,functional
74093,functional
55343,functional
27053,functional
60351,functional
27981,functional
40138,functional
42916,functional
28431,functional
36423,functional
7636,functional
10545,functional
63159,functional
21624,functional
15832,functional
35452,functional
64940,functional
66173,functional
29569,functional
3356,functional
22352,functional
35578,functional
59471,functional
73369,functional
13908,functional
67463,functional
39595,functional
67073,functional
64031,functional
69728,functional
70939,functional
17442,functional
33677,functional
11961,functional
66611,functional
67202,functional
34324,functional
13167,functional
49174,functional
11625,functional
22328,functional
46151,functional
60416,functional
15161,functional
58415,functional
60370,functional
50495,functional
20194,functional
25522,functional
57454,functional
39637,functional
59730,functional
44699,functional
8547,functional
25454,functional
50176,functional
25099,functional
38068,functional
52189,functional
60199,functional
59704,functional
55900,functional
53119,functional
58087,functional
25994,functional
42988,functional
61765,functional
50530,functional
22473,functional
51529,functional
66935,functional
72021,functional
62273,functional
34269,functional
9643,functional
10448,functional
4730,functional
32364,functional
7392,functional
60204,functional
63406,functional
65835,functional
27585,functional
51344,functional
67810,functional
68005,functional
39151,functional
42597,functional
59574,functional
13628,functional
36642,functional
60036,functional
7742,functional
15783,functional
29933,functional
67132,functional
66447,functional
50272,functional
52127,functional
11434,functional
33509,functional
67081,functional
5922,functional
63156,functional
45284,functional
8041,functional
27849,functional
10577,functional
3369,functional
69985,functional
6362,functional
21169,functional
8956,functional
54284,functional
874,functional
26015,functional
66365,functional
64255,functional
47561,functional
60014,functional
47518,functional
71104,functional
19302,functional
14857,functional
115,functional
64720,functional
67515,functional
17369,functional
62886,functional
72227,functional
21500,functional
9862,functional
55544,functional
11941,functional
51945,functional
72447,functional
28249,functional
65942,functional
70419,functional
2172,functional
20363,functional
55276,functional
70132,functional
47288,functional
66545,functional
58337,functional
42329,functional
37241,functional
44307,functional
46309,functional
34568,functional
62948,functional
12346,functional
57890,functional
64433,functional
65957,functional
29329,functional
12692,functional
6860,functional
24727,functional
57396,functional
59907,functional
23259,functional
29875,functional
26748,functional
45925,functional
65945,functional
52637,functional
28559,functional
10181,functional
12717,functional
57747,functional
35080,functional
69912,functional
44690,functional
41913,functional
51173,functional
623,functional
57730,functional
31746,functional
68545,functional
44559,functional
22331,functional
68029,functional
3438,functional
30317,functional
7566,functional
16751,functional
1390,functional
34022,functional
28526,functional
72758,functional
55240,functional
26720,functional
14861,functional
12263,functional
52383,functional
14236,functional
61829,functional
56092,functional
21128,functional
23415,functional
36058,functional
66440,functional
21075,functional
34691,functional
53969,functional
22589,functional
53683,functional
34280,functional
2734,functional
52711,functional
54699,functional
17380,functional
3602,functional
44381,functional
32255,functional
11715,functional
33482,functional
20520,functional
52014,functional
67724,functional
6261,functional
31041,functional
22291,functional
42735,functional
66980,functional
3446,functional
48064,functional
64695,functional
73531,functional
23032,functional
30347,functional
31872,functional
49221,functional
52450,functional
51417,functional
44281,functional
3056,functional
31170,functional
69134,functional
6630,functional
49610,functional
14727,functional
66358,functional
68203,functional
2620,functional
64032,functional
35961,functional
56892,functional
66019,functional
31367,functional
56253,functional
5133,functional
38750,functional
29182,functional
20365,functional
34712,functional
10637,functional
35100,functional
1129,functional
9881,functional
44280,functional
37596,functional
69553,functional
20116,functional
73326,functional
35838,functional
40318,functional
69894,functional
56258,functional
1394,functional
36882,functional
39678,functional
10585,functional
66976,functional
34405,functional
61061,functional
18494,functional
46694,functional
3134,functional
60333,functional
7682,functional
66776,functional
41906,functional
17113,functional
9487,functional
72129,functional
69923,functional
5750,functional
32575,functional
53826,functional
29419,functional
20700,functional
27899,functional
61845,functional
4267,functional
56203,functional
45678,functional
21362,functional
7795,functional
23318,functional
74068,functional
57035,functional
8599,functional
22613,functional
64149,functional
66188,functional
26636,functional
4173,functional
49112,functional
56719,functional
67288,functional
27485,functional
33283,functional
64547,functional
5859,functional
35861,functional
6155,functional
7768,functional
11465,functional
63269,functional
43511,functional
18765,functional
57728,functional
22268,functional
55779,functional
72117,functional
12123,functional
67358,functional
43006,functional
22400,functional
60040,functional
18528,functional
8177,functional
33547,functional
8953,functional
20966,functional
66743,functional
22673,functional
45489,functional
4826,functional
64700,functional
68044,functional
12460,functional
18185,functional
71681,functional
19643,functional
15546,functional
58158,functional
11740,functional
50114,functional
1605,functional
53074,functional
65655,functional
55783,functional
42591,functional
31608,functional
15299,functional
14765,functional
30399,functional
38940,functional
26641,functional
63095,functional
6406,functional
50439,functional
52222,functional
32558,functional
13623,functional
38990,functional
60126,functional
18165,functional
47658,functional
22329,functional
21068,functional
35378,functional
11700,functional
72853,functional
70029,functional
6634,functional
43658,functional
59589,functional
14849,functional
54355,functional
21455,functional
44615,functional
72652,functional
13428,functional
27122,functional
61794,functional
32668,functional
48,functional
8116,functional
14498,functional
28140,functional
47886,functional
3565,functional
11846,functional
17735,functional
23987,functional
22025,functional
43099,functional
30544,functional
854,functional
7408,functional
19132,functional
20498,functional
10840,functional
60876,functional
72206,functional
25456,functional
18408,functional
617,functional
15668,functional
30217,functional
49588,functional
40531,functional
70406,functional
24569,functional
2827,functional
34927,functional
62970,functional
36499,functional
67280,functional
52366,functional
9870,functional
12212,functional
45148,functional
53027,functional
9983,functional
62759,functional
19102,functional
35624,functional
41115,functional
37438,functional
2325,functional
19753,functional
41191,functional
21766,functional
69080,functional
52169,functional
53557,functional
63212,functional
44905,functional
62441,functional
61984,functional
68238,functional
18778,functional
18080,functional
23797,functional
68982,functional
67743,functional
21476,functional
58675,functional
15628,functional
17561,functional
50076,functional
47340,functional
60028,functional
67295,functional
70006,functional
55767,functional
50500,functional
8342,functional
15317,functional
45567,functional
65613,functional
50326,functional
42225,functional
15310,functional
40743,functional
44957,functional
56634,functional
9145,functional
2374,functional
68454,functional
23993,functional
29134,functional
58625,functional
48540,functional
72011,functional
24457,functional
27143,functional
67448,functional
38774,functional
32224,functional
73953,functional
53481,functional
39914,functional
34410,functional
45327,functional
10612,functional
41499,functional
43430,functional
66250,functional
30485,functional
33569,functional
46440,functional
9645,functional
70762,functional
60899,functional
29800,functional
5814,functional
3535,functional
21973,functional
8254,functional
8631,functional
61871,functional
73828,functional
44207,functional
4703,functional
20555,functional
30945,functional
6692,functional
59205,functional
45889,functional
68459,functional
36253,functional
25761,functional
24737,functional
9674,functional
47529,functional
38442,functional
2106,functional
44221,functional
74108,functional
59252,functional
8458,functional
14195,functional
18662,functional
55773,functional
13228,functional
51338,functional
54018,functional
73311,functional
32540,functional
12190,functional
19557,functional
60850,functional
25576,functional
39973,functional
55049,functional
46124,functional
8217,functional
63443,functional
31570,functional
67504,functional
40089,functional
6578,functional
50390,functional
71626,functional
15085,functional
10176,functional
58550,functional
13931,functional
14874,functional
39164,functional
66325,functional
52540,functional
16569,functional
52138,functional
35143,functional
15694,functional
17025,functional
24710,functional
25684,functional
50749,functional
29912,functional
50658,functional
47646,functional
67921,functional
63538,functional
73117,functional
66932,functional
12677,functional
53856,functional
30659,functional
35857,functional
43711,functional
40721,functional
7873,functional
28575,functional
51767,functional
5895,functional
50909,functional
41735,functional
22339,functional
10900,functional
24753,functional
52386,functional
70745,functional
60051,functional
31208,functional
54807,functional
73496,functional
6622,functional
71302,functional
31627,functional
20564,functional
6315,functional
33361,functional
19791,functional
4552,functional
3945,functional
19232,functional
44872,functional
50526,functional
48375,functional
23959,functional
51199,functional
42712,functional
4413,functional
61115,functional
20896,functional
994,functional
49287,functional
8874,functional
20080,functional
61850,functional
65196,functional
42493,functional
26851,functional
15173,functional
71900,functional
42800,functional
21949,functional
18235,functional
59136,functional
57255,functional
28668,functional
40242,functional
39365,functional
9806,functional
46725,functional
69906,functional
22144,functional
59313,functional
14566,functional
73478,functional
67176,functional
8870,functional
49936,functional
25531,functional
72537,functional
68372,functional
28606,functional
28507,functional
26612,functional
65764,functional
32376,functional
6463,functional
61568,functional
52299,functional
61930,functional
38269,functional
60257,functional
34079,functional
56042,functional
51019,functional
3846,functional
37487,functional
21062,functional
1322,functional
51530,functional
59591,functional
39459,functional
31331,functional
8512,functional
25943,functional
33130,functional
11359,functional
64969,functional
8055,functional
53337,functional
46637,functional
32516,functional
67018,functional
17386,functional
54831,functional
48042,functional
61848,functional
54110,functional
33992,functional
39792,functional
5490,functional
44208,functional
21071,functional
58963,functional
5486,functional
5104,functional
56605,functional
36617,functional
25486,functional
48309,functional
51705,functional
13375,functional
45747,functional
7596,functional
63194,functional
19609,functional
42374,functional
12321,functional
70168,functional
65771,functional
59941,functional
63273,functional
41987,functional
51939,functional
28051,functional
4454,functional
54832,functional
55600,functional
7591,functional
23397,functional
38674,functional
64866,functional
71226,functional
41606,functional
29530,functional
59902,functional
43222,functional
6650,functional
48782,functional
48858,functional
71692,functional
54181,functional
39531,functional
69972,functional
56124,functional
34511,functional
72895,functional
53552,functional
34507,functional
14367,functional
2156,functional
68834,functional
34541,functional
60707,functional
24026,functional
78,functional
52893,functional
6728,functional
14610,functional
40177,functional
514,functional
51641,functional
73545,functional
70669,functional
31615,functional
69516,functional
3576,functional
41415,functional
55778,functional
11894,functional
61534,functional
13295,functional
39105,functional
71130,functional
60891,functional
65832,functional
1461,functional
56103,functional
21150,functional
7418,functional
60183,functional
65437,functional
34174,functional
65966,functional
41562,functional
67584,functional
3034,functional
59487,functional
28999,functional
19962,functional
63557,functional
23278,functional
63619,functional
19575,functional
68927,functional
69652,functional
27361,functional
16969,functional
11200,functional
9062,functional
52354,functional
12628,functional
15948,functional
3999,functional
48304,functional
25123,functional
39247,functional
47395,functional
30895,functional
36731,functional
50327,functional
49268,functional
23906,functional
60284,functional
42504,functional
26400,functional
7535,functional
71596,functional
15080,functional
67479,functional
5053,functional
661,functional
42608,functional
49239,functional
43683,functional
65831,functional
48067,functional
26914,functional
21156,functional
18395,functional
20838,functional
72808,functional
19830,functional
53436,functional
37972,functional
9254,functional
66171,functional
28716,functional
49229,functional
47221,functional
18989,functional
71986,functional
20065,functional
11219,functional
13071,functional
36587,functional
12849,functional
52039,functional
51946,functional
73218,functional
51879,functional
44386,functional
19756,functional
32458,functional
43751,functional
4108,functional
50690,functional
66347,functional
71934,functional
25344,functional
16443,functional
52897,functional
11919,functional
17656,functional
47568,functional
46386,functional
16807,functional
14149,functional
39285,functional
22840,functional
41703,functional
46485,functional
27249,functional
35343,functional
65415,functional
69083,functional
54322,functional
51234,functional
24096,functional
27978,functional
32478,functional
23482,functional
25891,functional
69122,functional
64780,functional
23920,functional
5080,functional
12377,functional
73301,functional
28765,functional
66645,functional
13297,functional
20598,functional
26459,functional
57849,functional
43732,functional
68265,functional
45088,functional
56166,functional
8204,functional
38706,functional
67668,functional
2137,functional
10980,functional
1012,functional
