id,status_group
72938,functional
65358,functional
469,functional
1298,non functional
27001,functional
41546,functional
16230,functional
10307,functional
37145,non functional
49234,non functional
52130,non functional
16650,non functional
36612,functional
19057,functional
4085,non functional
12040,functional
21481,functional
69234,non functional
48982,non functional
53992,functional
3658,functional
45331,functional
72431,functional
64881,functional
10831,functional
25701,functional
13557,functional
475,functional
44263,non functional
50490,non functional
32356,functional
3286,functional
48307,functional
9878,functional
19287,non functional
13331,functional
65531,functional needs repair
49447,functional
50998,functional
65565,non functional
36548,non functional
73770,functional
52471,functional
46211,functional
27813,functional
44808,functional needs repair
55537,functional
68803,non functional
55203,non functional
23364,functional
38878,functional
21289,functional
13415,non functional
10809,functional needs repair
58922,functional
12084,functional
68108,non functional
57230,functional
4951,functional
15305,functional
23317,functional
5545,non functional
17813,functional
29715,non functional
35794,functional
43092,functional
36830,functional
46140,functional
20959,non functional
10217,non functional
53416,functional
66712,non functional
62088,functional
56096,functional needs repair
68157,non functional
38286,non functional
66789,non functional
51575,non functional
22274,functional
31160,non functional
18514,functional
74204,functional
55665,functional
3518,functional
7415,non functional
35933,functional
68418,non functional
3763,non functional
29594,functional needs repair
73286,functional
36373,non functional
43801,functional
39399,functional
5621,non functional
60651,functional
24008,non functional
11101,functional
73378,functional
9314,functional
3381,functional
27250,functional needs repair
30051,functional
40525,functional needs repair
57056,non functional
985,functional
9831,functional
13447,functional
61021,functional
17439,functional
59028,non functional
28097,non functional
17621,functional
47584,non functional
24565,functional
71420,non functional
10432,functional
23144,functional
68201,functional needs repair
50309,functional
47168,non functional
17569,functional
6983,non functional
42737,functional needs repair
64430,non functional
36457,functional
34588,functional needs repair
58597,functional
51471,functional
30890,functional
20897,functional
55780,functional
52128,functional
39051,non functional
65369,non functional
8072,functional
61897,functional
38322,non functional
42708,functional
38498,functional
52155,non functional
53572,non functional
57713,functional needs repair
50184,functional
13807,functional
42021,functional
35808,functional
30158,non functional
61383,functional
67878,non functional
24054,functional needs repair
28287,non functional
24440,functional
12953,functional
52955,non functional
56436,functional needs repair
34305,non functional
47538,functional
17298,non functional
35071,non functional
33333,functional
2220,non functional
68848,functional
67173,non functional
51129,functional
33894,functional
11165,non functional
42929,functional
71468,non functional
55909,non functional
23620,functional
7598,non functional
19112,functional
11525,functional
26979,functional
67622,functional
42736,functional needs repair
19125,functional
68383,non functional
45348,functional
2024,non functional
14376,non functional
70735,non functional
65318,functional
10287,functional
27739,non functional
32059,functional
30682,non functional
29271,functional needs repair
14231,non functional
11209,functional needs repair
66422,functional
36915,non functional
46207,non functional
30995,non functional
58197,functional
61647,functional
55371,functional needs repair
42139,non functional
37423,non functional
39689,non functional
48097,functional
51646,functional
30715,functional
58677,functional
16716,functional
64206,functional
68456,non functional
15166,non functional
61844,non functional
42024,non functional
64074,functional
36400,functional
72474,functional
43987,functional
8996,functional
62217,functional
58995,non functional
17688,functional needs repair
68812,functional
20248,non functional
60471,functional
37332,functional
44526,functional
67826,non functional
57448,functional
58212,functional
46852,functional needs repair
25087,functional
32691,non functional
63366,functional
34413,functional
55986,functional
45849,functional
51271,non functional
49924,non functional
18872,non functional
962,functional
73625,non functional
27269,non functional
54017,functional
56829,non functional
67425,functional
9037,functional
3426,non functional
70736,non functional
24843,non functional
65556,functional
20404,functional
62422,functional
22626,non functional
39927,functional
47455,functional
20490,functional
69673,non functional
9388,functional
52713,non functional
36971,functional
36287,functional
15894,non functional
3253,functional
41173,functional
67274,functional
40733,functional
73809,non functional
47161,functional
72726,functional
59627,functional
30815,non functional
52941,functional
63112,functional
33832,functional
37774,functional
69182,non functional
18657,functional needs repair
64384,functional
50163,functional
30112,functional
715,non functional
23325,non functional
6730,functional
39174,functional
2815,functional
57921,functional
69456,functional
7272,functional needs repair
43166,non functional
4652,functional
46922,non functional
42986,functional
62105,functional
19226,functional
51403,non functional
58876,non functional
55034,functional
60588,non functional
5188,non functional
42814,non functional
1213,functional
11605,non functional
3123,non functional
64183,functional
70860,non functional
59723,non functional
28825,non functional
18242,functional needs repair
54782,non functional
6085,non functional
48964,functional
4171,functional
4947,functional
28463,functional
1086,functional
30008,non functional
60580,functional
69148,functional needs repair
29148,functional
26569,functional
1067,non functional
18537,functional
71214,functional
32812,non functional
62308,functional
45712,non functional
52256,non functional
42384,non functional
25388,functional
24885,functional
73929,non functional
50966,functional
50656,functional
2952,functional
25436,functional
50377,non functional
27836,non functional
44831,non functional
69262,non functional
74167,non functional
29335,functional
57178,functional
55074,functional
18794,functional
56874,non functional
59789,non functional
21640,functional
24531,functional
36004,functional
10238,non functional
59647,non functional
12797,non functional
39996,non functional
9585,functional
50469,functional
30740,non functional
33589,non functional
6006,functional
1339,functional needs repair
66837,non functional
71189,non functional
10332,functional
22364,non functional
70946,non functional
22893,functional
36694,functional
11929,non functional
40789,non functional
46755,non functional
67379,functional
51104,functional
7766,functional
59953,functional
40655,functional
5042,functional
3036,non functional
56440,functional
31918,functional
10909,functional
5644,functional
56989,non functional
6818,non functional
19243,non functional
18350,functional needs repair
38575,functional
33508,non functional
23678,functional
16725,non functional
66486,functional needs repair
51063,functional
18041,non functional
18614,functional
58259,functional needs repair
52752,functional
63058,functional
56800,non functional
53006,functional
60706,non functional
52923,functional
331,functional
68447,functional
34777,non functional
69521,non functional
66642,functional
57498,non functional
41722,non functional
36734,non functional
46921,functional
28838,functional
48658,non functional
61343,functional
47326,functional
6387,functional
70625,non functional
35204,functional
30633,functional
50412,functional
15729,non functional
71470,non functional
54940,functional needs repair
11506,functional
20252,non functional
50915,functional
12951,non functional
25130,non functional
9867,functional
62808,functional
12153,functional
50746,functional
32728,functional needs repair
51072,non functional
26821,non functional
64211,non functional
50917,non functional
3033,non functional
10732,non functional
16409,non functional
66601,functional
45740,non functional
17459,functional
36426,non functional
19708,non functional
44556,functional
23008,non functional
7686,non functional
41097,non functional
61576,non functional
5708,functional needs repair
12180,non functional
4577,functional
12972,functional
58778,functional
35950,functional
71815,non functional
49911,non functional
71990,functional
22889,non functional
45270,non functional
46122,functional
30471,functional
30931,functional
52176,non functional
66457,functional
40692,functional needs repair
33026,functional
60815,functional
25063,functional
57112,functional
67580,functional
12203,non functional
19224,functional
54027,functional
18370,functional
36152,functional
39958,functional
67354,functional
15998,functional
21609,non functional
54446,functional
28566,non functional
47805,functional
72851,functional
43403,functional
22462,functional
44330,non functional
34930,functional
61533,functional
30230,functional
12462,functional
45236,non functional
37349,non functional
44082,functional
3686,functional
45231,functional
37354,functional
27586,functional
59614,functional
25529,non functional
10362,functional
37459,functional
21725,functional
37430,functional
59981,functional
67031,functional
62051,functional
4260,functional
54726,non functional
3297,functional
1261,non functional
47305,functional
57109,functional
46310,functional
14127,functional needs repair
24364,functional
38244,functional
13782,functional
32528,non functional
17630,functional
25375,functional needs repair
16625,non functional
1531,non functional
44372,functional
26453,non functional
7966,non functional
65756,non functional
64146,functional
63454,functional needs repair
40385,functional needs repair
64063,non functional
68682,non functional
21517,functional
24046,non functional
17328,functional
71601,functional
24943,non functional
1433,functional
31907,functional
60294,non functional
32678,functional
71846,functional
71969,functional
3522,functional
56395,non functional
38130,functional
49810,functional needs repair
41071,non functional
54992,functional
24116,non functional
39025,non functional
19635,non functional
51399,non functional
72799,functional
60266,non functional
33520,functional
10649,non functional
17936,non functional
8134,non functional
20377,non functional
61138,functional
572,non functional
46293,functional
969,functional
28767,functional
22857,non functional
18266,functional
39754,non functional
69384,non functional
45646,non functional
47693,functional
50847,functional
71058,functional needs repair
15649,functional
67648,functional
19603,functional
60702,functional
29083,functional
21100,functional
44070,non functional
48801,functional
69806,functional
47521,non functional
55560,functional
23240,functional
49613,functional
65622,non functional
30254,functional needs repair
33709,functional
2165,functional
58603,functional
43333,non functional
35027,functional needs repair
15488,functional
1118,functional
15361,non functional
41053,non functional
58783,non functional
33153,non functional
52511,functional
6624,functional
54861,functional
3676,non functional
72102,functional
71797,functional
6135,functional
55834,functional needs repair
20230,functional
18699,functional
21073,functional
11059,functional
824,functional
34735,functional
593,functional
66862,functional
68893,functional
73895,non functional
34525,functional
49537,non functional
68816,functional
1818,non functional
37547,non functional
12898,functional needs repair
9548,non functional
29940,non functional
56291,functional
3272,functional needs repair
61082,non functional
44123,functional
36361,functional
25459,functional
68138,functional
23764,non functional
55552,functional
39461,non functional
51659,non functional
1244,functional needs repair
16176,functional
8424,functional
42806,functional
8550,functional
30041,non functional
73526,functional
64259,functional
43712,functional
10754,non functional
47128,non functional
22390,functional
39261,non functional
54611,non functional
36047,functional
62165,functional
6924,functional
39384,non functional
52111,functional
66021,non functional
71516,non functional
25533,functional
59982,functional
3538,non functional
60513,functional needs repair
21672,functional
29866,non functional
48245,functional
53286,functional
28043,functional
20595,non functional
52424,non functional
54725,non functional
38725,functional
14663,functional
27070,non functional
27295,functional
42126,functional
64546,non functional
49802,functional
23737,non functional
61367,non functional
47051,functional
54682,non functional
13906,functional
613,functional
35477,functional
25836,non functional
71550,functional needs repair
11425,non functional
29027,functional
36084,functional
11532,functional
72258,functional
62951,non functional
14110,functional
19761,non functional
33030,functional
37948,functional
16025,non functional
10262,functional
21192,functional
50063,non functional
57700,non functional
6897,functional
7860,functional
12463,functional
11457,non functional
51278,non functional
73380,non functional
46065,functional needs repair
65753,non functional
13113,functional
21166,functional
43619,functional needs repair
2403,functional needs repair
25334,functional needs repair
61292,functional
14392,functional
16898,functional
28232,non functional
22520,functional
39691,functional
70650,functional
62421,functional
56595,functional
60982,non functional
32818,functional
9563,functional
6923,functional
66313,functional
19442,functional
8614,functional
8007,functional
71414,functional needs repair
43273,functional
54639,non functional
43271,non functional
10011,functional
57853,non functional
10950,functional
56697,functional
56170,functional
72590,functional needs repair
39353,functional
70696,non functional
12025,functional
55235,functional
49079,functional
50984,non functional
65324,non functional
55631,functional
65459,non functional
33636,non functional
21065,functional
59802,functional
4949,non functional
21173,functional
52889,functional
41589,non functional
34219,functional
31605,non functional
2659,non functional
46673,non functional
20539,functional
26073,non functional
39268,functional needs repair
27488,non functional
70704,non functional
20782,functional
45273,non functional
62666,functional
30348,functional needs repair
72236,functional
32085,functional
69537,functional
34702,non functional
4799,functional
8367,functional
17595,functional
53595,functional
58478,functional
67395,non functional
385,functional
3264,functional
4447,functional
51552,functional
272,functional
56806,functional needs repair
17432,non functional
56939,non functional
46889,functional
18993,functional
41275,non functional
44124,functional
53463,functional needs repair
60684,non functional
18167,non functional
58712,non functional
28416,functional
7468,functional
41490,non functional
57182,non functional
26826,non functional
54476,functional
6652,functional
70567,functional
51476,functional
59687,functional
55017,functional needs repair
15932,functional needs repair
43043,non functional
42092,functional
25492,non functional
36501,non functional
5878,non functional
49954,non functional
73260,non functional
74047,non functional
70834,functional needs repair
28402,functional needs repair
32189,non functional
53745,functional
61381,functional needs repair
68067,functional
32061,non functional
65900,non functional
8811,functional needs repair
7492,functional
7184,non functional
40476,non functional
7697,non functional
30139,non functional
53371,functional
41883,non functional
24429,non functional
28093,functional
43735,functional
52017,functional
67889,functional
23031,functional
70163,functional
22585,non functional
18352,functional
48567,functional needs repair
11868,non functional
63811,functional needs repair
69810,functional
61754,functional needs repair
50574,functional
6440,non functional
32118,non functional
890,functional
48435,non functional
48146,non functional
35637,functional
26762,non functional
35941,functional
59089,functional
52179,non functional
14006,non functional
31183,non functional
55948,functional
71239,non functional
11672,functional
59253,functional
5932,non functional
63969,functional
66870,functional
40162,non functional
62072,functional needs repair
209,functional
42845,non functional
37434,functional
11450,non functional
26659,functional
62309,functional
66262,functional
62380,functional
24144,non functional
29183,functional
6908,functional
1693,functional
14746,functional needs repair
34696,functional
65860,functional
40133,non functional
47947,non functional
21647,non functional
29461,non functional
17152,functional
44256,functional
50733,non functional
60452,non functional
13762,non functional
60652,functional
29957,functional
64481,non functional
53166,functional needs repair
26779,functional
10497,functional
31042,functional
44255,non functional
13029,functional
59579,non functional
33086,functional
68494,functional
31747,functional
59552,functional
74085,functional
56119,non functional
22063,non functional
34365,functional
7512,functional
27637,functional
40586,functional
57813,non functional
18048,non functional
6234,functional
61087,non functional
43637,functional
39129,non functional
61053,non functional
2645,functional
60556,functional
43733,functional
11970,functional
23533,non functional
15097,non functional
71789,non functional
25261,functional
7321,functional
29975,functional
11227,functional
11341,non functional
66718,functional needs repair
43487,functional
61524,functional
65567,functional
51116,functional
57965,functional
66220,functional
828,non functional
28903,non functional
23924,functional
62711,functional
20224,non functional
47891,non functional
61901,non functional
30884,functional
47856,functional needs repair
42248,functional
29955,non functional
30407,non functional
22901,functional
48893,functional
58316,non functional
51513,functional
52641,functional
38529,functional
15615,non functional
14000,non functional
52588,functional
23872,non functional
51742,functional
42895,functional
52368,functional
6859,non functional
33033,non functional
1791,functional
72939,functional
26139,non functional
21452,functional
9230,functional
16364,non functional
55548,functional
58301,functional
24899,functional
11917,functional
24924,non functional
5348,non functional
22215,functional
60403,functional
10791,functional
35447,non functional
30665,non functional
65525,functional
9394,non functional
16550,functional
49169,functional
11600,non functional
892,functional
66259,non functional
71784,non functional
22207,functional
36446,non functional
38765,non functional
238,functional
37516,functional
52439,functional
44302,functional
67746,non functional
47722,functional
43208,functional
21582,functional
50129,non functional
15960,non functional
19189,functional
4981,non functional
782,non functional
36919,functional
14097,non functional
33755,functional
24830,non functional
26054,non functional
66164,non functional
11615,functional
3441,functional
16610,functional
65188,functional
64516,functional
7721,functional
9393,functional
71683,functional
15131,functional
39315,non functional
36431,non functional
12217,functional
14652,non functional
67600,non functional
51546,functional
50681,functional
68240,functional
39082,functional needs repair
24143,functional
49950,non functional
5910,non functional
33983,functional
6368,functional
25662,functional needs repair
61852,non functional
60881,non functional
3176,functional
30656,functional
16839,functional
10737,functional
43060,functional
66887,non functional
24164,non functional
16227,non functional
57470,functional
10727,functional
27310,functional
4874,non functional
24165,functional
31534,non functional
1011,functional
59746,non functional
48518,functional
27767,functional
9880,non functional
40643,functional
64283,functional
45333,non functional
39081,non functional
1918,functional
11268,functional needs repair
46011,functional
73312,non functional
21733,functional
70747,functional
26611,functional
26279,functional
1992,functional
59263,functional
55928,non functional
48329,functional
44119,functional
50635,non functional
9888,functional
44536,non functional
65275,non functional
73754,non functional
15157,functional
11064,non functional
42151,functional
34101,non functional
12940,non functional
10729,functional
47040,functional
26161,non functional
44093,functional
49856,non functional
66011,functional
2439,non functional
29962,functional
64964,functional
69535,non functional
55093,functional needs repair
10951,non functional
21344,non functional
23405,functional
10151,functional
42974,functional
58042,functional
39937,functional
19713,functional
53004,non functional
61478,functional needs repair
21734,functional
51266,non functional
54006,functional
63402,non functional
59756,functional needs repair
32774,functional
32985,non functional
18453,functional
74235,functional
70346,functional
35091,functional
10903,functional
71172,functional
20216,functional
8251,functional
11102,functional
35580,functional
5128,functional
66030,functional
33812,functional
8144,functional
5426,functional
69293,functional
37932,functional
47359,functional
37869,non functional
10313,non functional
54223,functional
10828,functional
49599,functional needs repair
72035,functional
24455,functional
18735,functional
6116,functional needs repair
52441,functional
22511,functional
24280,non functional
36330,functional
655,functional
7354,functional
9698,functional
17626,functional
13845,functional
6088,non functional
10518,functional
2682,functional needs repair
60090,non functional
274,non functional
30671,non functional
69911,functional
58707,non functional
44218,non functional
32741,functional
17176,functional
45243,non functional
6560,functional
65381,non functional
41896,non functional
32283,functional
52045,functional
42435,functional
54547,non functional
46148,functional
49741,non functional
50967,non functional
37068,functional
11394,functional needs repair
65813,functional
13322,functional
64558,functional
45629,non functional
56663,functional
22694,functional
33200,functional
26522,functional
69064,functional
11483,functional
36342,non functional
39437,functional
56398,functional
24736,functional
53816,functional
72152,functional
70059,non functional
51041,functional
488,functional
31312,functional
23129,functional
25508,functional
47294,non functional
6899,functional
35597,functional needs repair
29795,functional
71578,non functional
65528,non functional
71710,functional needs repair
33897,non functional
74160,functional
33948,functional
49018,non functional
43632,non functional
4699,functional needs repair
7819,non functional
9106,functional needs repair
19890,functional
26142,non functional
16245,non functional
41663,functional
2401,functional
25273,functional
10110,functional needs repair
63079,non functional
27021,functional
24700,non functional
60689,functional
41946,non functional
65540,non functional
25589,functional
31303,functional needs repair
3445,non functional
24142,non functional
73923,functional
68642,functional
6660,functional
30973,non functional
17978,functional
66835,non functional
30156,non functional
54637,non functional
55367,functional
41285,functional needs repair
22246,functional
10252,functional
21387,functional
25371,non functional
16202,non functional
29194,functional
20864,functional
71361,functional
28648,non functional
10167,functional
57902,functional
72134,functional
42106,non functional
52636,functional
18063,functional
34928,functional
72444,functional
13599,non functional
63973,non functional
65648,functional
62352,functional
31902,non functional
51366,functional
66495,non functional
50558,functional needs repair
8794,functional
49196,functional
3007,non functional
20385,functional
28929,functional
13903,non functional
18361,functional
38234,functional
39722,functional
63834,functional
8608,functional
44354,non functional
55532,non functional
64383,non functional
52916,functional
20293,functional
29961,functional needs repair
61749,functional
46360,functional
19932,functional
74032,functional
18956,non functional
69945,functional
33051,non functional
26697,non functional
58209,functional
21414,non functional
4027,non functional
19796,functional
34329,functional
71260,functional
68944,non functional
66357,functional
68437,functional
10235,functional
46467,functional
2366,functional
5645,functional
46414,non functional
64927,functional needs repair
16275,functional
40648,functional
12947,functional
62101,functional
58269,functional
41919,functional
55684,functional
9616,non functional
18068,functional
62026,functional
57115,functional needs repair
3101,functional
4117,non functional
40405,functional
17546,non functional
45269,non functional
39003,non functional
36957,functional
52788,functional
39910,functional needs repair
45096,functional
39733,functional
28426,non functional
72426,functional needs repair
40781,functional
450,non functional
13574,functional
16149,non functional
47831,functional
36346,non functional
17206,functional needs repair
65763,functional
20260,functional
39135,functional
11842,non functional
47862,functional
19145,functional
15502,non functional
72202,non functional
31586,functional
7055,functional
24073,functional
59043,functional needs repair
64935,functional
23680,non functional
30492,non functional
61703,non functional
58562,functional
18862,functional
36031,functional
69437,non functional
64163,non functional
14641,functional
43552,functional
57651,non functional
28417,functional
34974,functional
71139,functional
37260,non functional
21821,non functional
14631,non functional
28650,functional
73642,functional
50370,non functional
18887,non functional
48419,non functional
11002,functional needs repair
52663,functional needs repair
65755,functional
35258,functional
17081,functional
32539,functional
33493,functional
27589,non functional
15586,non functional
37892,non functional
73530,non functional
67310,non functional
47710,non functional
58691,functional
33657,functional
71202,non functional
9193,functional
45649,non functional
26557,functional
50680,non functional
33540,non functional
15816,functional
27475,non functional
60732,non functional
40933,functional
61644,functional needs repair
11120,functional
53086,functional
23413,non functional
31947,functional needs repair
60474,functional
25902,non functional
41510,functional
21176,non functional
33612,functional
9799,functional
31469,functional
46088,functional
36370,functional needs repair
23446,non functional
15017,non functional
52649,functional needs repair
48993,non functional
36130,non functional
7599,functional
48605,non functional
15529,functional
22362,functional
51999,functional
22114,non functional
67987,functional
49738,functional
36520,non functional
22255,non functional
50380,functional
12415,non functional
62835,functional
29084,functional
22710,functional needs repair
24254,functional
14030,functional
39076,functional
39618,non functional
7828,functional
61969,non functional
17415,functional
22071,functional
60560,non functional
55529,functional
632,functional
34137,functional
41135,functional
5033,functional
57705,non functional
38767,functional
52289,functional
39418,non functional
28133,functional
8823,functional
39219,functional
55686,non functional
11813,non functional
35651,functional
24855,non functional
25837,non functional
49428,non functional
39526,functional needs repair
35823,non functional
49845,functional
36365,functional
25237,functional
50206,non functional
15024,functional
14403,non functional
69648,functional
28610,functional
2455,non functional
19495,functional
4781,functional
51231,non functional
15959,functional
67839,functional
22167,non functional
62305,functional
38916,non functional
1336,functional
60554,non functional
48044,functional needs repair
46433,functional
58275,functional
20340,functional
35419,functional
40058,functional
37747,functional
36474,non functional
46876,functional
11005,non functional
39172,non functional
33354,non functional
40927,non functional
48986,non functional
66970,functional
39979,functional
35643,non functional
64507,functional
69622,functional
14461,non functional
19360,functional
39057,non functional
40709,non functional
47004,functional
25801,functional
58793,non functional
33494,functional
24491,functional
36230,non functional
51084,non functional
58463,functional
73630,functional needs repair
35512,functional
20915,functional
26575,functional
4734,functional
63043,functional
10387,functional
18961,non functional
28829,functional
38247,non functional
16877,functional
23567,non functional
10594,functional
70697,non functional
14645,functional
54496,non functional
9182,functional
35658,functional
53777,functional
65716,non functional
13596,non functional
72619,functional
6691,functional needs repair
1980,functional
2912,functional
72916,non functional
54208,functional
13142,functional
70973,non functional
9560,functional
72241,non functional
2566,non functional
11539,functional
56130,non functional
11720,functional
45247,non functional
14962,non functional
58097,functional
11136,functional
55346,functional
17945,functional
21632,functional
21348,functional needs repair
59133,functional
71780,functional
48783,functional needs repair
69570,functional
23165,non functional
56218,non functional
20821,non functional
33465,functional
44583,functional
9611,functional
31698,functional
54545,functional
37654,non functional
69013,functional
33646,non functional
42877,functional
72269,functional
25383,functional
43252,functional
43609,functional
5242,non functional
49797,functional
54657,functional
15405,non functional
66866,non functional
66775,non functional
52380,functional
72681,functional
26428,functional
57224,functional
69229,non functional
34747,non functional
5431,functional
19966,non functional
66065,non functional
48980,functional
58355,non functional
41705,non functional
8232,non functional
52997,non functional
33202,functional
20515,functional
53314,non functional
63861,functional
43091,non functional
21843,functional
26461,functional
7349,functional
57092,functional needs repair
49693,functional needs repair
48040,non functional
25506,non functional
6340,non functional
39642,non functional
72428,non functional
68355,functional
61357,functional
73115,non functional
13309,functional
49627,functional
40394,functional
21859,non functional
42183,functional
33069,non functional
38905,functional
880,functional
52615,functional
51722,functional
60660,non functional
26815,non functional
58715,functional
16477,functional
1865,non functional
50312,non functional
63002,functional
2564,functional
3789,functional
60313,non functional
68434,functional
57128,non functional
8275,non functional
67422,functional needs repair
22795,functional
15908,non functional
11441,functional
51430,functional needs repair
17815,functional
54457,non functional
43961,functional
39342,non functional
60970,functional
26430,non functional
44563,non functional
13573,non functional
24719,non functional
26038,functional
52630,functional
56652,functional needs repair
4326,functional
65383,non functional
35554,non functional
66876,functional
55813,functional
56339,functional needs repair
60532,functional
21124,non functional
25453,non functional
15802,non functional
246,non functional
59533,functional
16505,functional
58009,functional
11486,functional
60968,functional
67066,functional
71478,non functional
6285,functional
47430,functional
22166,functional needs repair
35986,functional
20957,functional
39065,functional
24446,functional needs repair
53871,non functional
7815,non functional
25978,non functional
27687,non functional
65353,non functional
1755,functional
7220,functional
17788,functional needs repair
50791,functional
72314,non functional
45846,non functional
38729,functional
3408,functional
49929,functional
68325,non functional
41288,functional
40471,functional
26354,functional
25685,functional needs repair
52614,functional
19592,functional
25361,non functional
5293,non functional
10756,functional
36591,non functional
70854,functional
56982,non functional
31456,functional
15404,functional needs repair
19320,functional
54998,non functional
66661,functional
72347,non functional
37634,functional
12957,functional
57952,non functional
29424,functional
43094,functional
29096,non functional
17104,non functional
21227,functional
37498,functional
4451,functional
4051,functional
7788,functional
3248,functional
63537,functional needs repair
2458,non functional
21108,non functional
45854,functional
39843,non functional
38566,functional
28548,non functional
52833,functional
23870,functional
60823,non functional
548,functional needs repair
5244,non functional
55903,functional
63077,non functional
46462,functional
12526,functional
72622,non functional
1849,non functional
6872,functional
10684,non functional
5589,non functional
39040,functional needs repair
32104,functional
52288,non functional
31733,functional
42543,non functional
5124,non functional
30732,non functional
17254,non functional
56717,functional
10409,functional
37476,functional
54075,functional
66242,functional needs repair
12903,non functional
37810,functional
69705,functional
56681,functional
71890,functional
46245,functional
14310,non functional
922,non functional
47861,functional
28480,non functional
12882,functional
34363,functional
24764,functional
64003,functional
35116,non functional
49984,functional
1071,non functional
61282,functional
11790,functional
8287,functional
62138,functional
14146,non functional
55992,functional
40265,functional
39022,non functional
31922,non functional
44154,functional needs repair
26702,functional
33517,functional
33740,functional
35890,functional needs repair
65123,non functional
10619,functional
29673,non functional
32457,non functional
49519,non functional
45359,non functional
67819,non functional
71522,functional
71446,functional
49789,functional
27383,non functional
69737,functional
64491,non functional
46504,functional
55938,non functional
62571,non functional
27010,functional
53933,non functional
60424,functional
14430,non functional
57808,non functional
27667,functional
64759,non functional
51324,functional
46829,functional
73713,functional
2635,functional
42020,non functional
54118,functional
71619,functional
40377,functional
37109,functional needs repair
67590,functional
2694,non functional
12227,functional
47517,non functional
7896,functional
44014,non functional
5781,non functional
34319,functional needs repair
24261,non functional
40723,non functional
23202,non functional
33133,functional
13921,functional
21133,functional
55618,non functional
31215,functional
29563,non functional
17627,functional
62355,non functional
24149,functional
68599,functional
22562,non functional
55695,functional
25294,non functional
31946,functional needs repair
6984,functional
35139,functional
67506,non functional
15985,functional
9836,non functional
47580,non functional
16323,functional
73683,functional
41150,non functional
72812,non functional
32550,non functional
50446,non functional
64313,functional needs repair
38746,non functional
67809,functional
73910,functional
19482,non functional
20608,functional
26581,functional
10182,functional
7779,non functional
33745,non functional
68646,non functional
5288,functional
20484,functional
54864,non functional
67492,non functional
37368,functional
63465,functional
49366,functional
23123,functional
15125,functional
47133,non functional
11871,non functional
40662,functional
37345,non functional
66341,non functional
25859,non functional
4821,functional
48048,non functional
5246,non functional
67759,non functional
29382,functional
44475,functional
28440,functional
28542,non functional
63674,non functional
32572,non functional
45388,functional
44282,functional
62973,functional
48740,functional
35144,functional
61276,functional
23857,functional
27884,non functional
63572,non functional
11659,functional
53464,non functional
6414,non functional
3249,functional
44991,functional needs repair
9916,functional
57493,non functional
7441,functional
62141,non functional
55846,non functional
47763,functional
4466,non functional
58483,functional
58672,non functional
15957,functional
61614,functional
52934,non functional
22891,non functional
52103,non functional
47135,functional
4995,non functional
21860,functional
15524,functional
1460,non functional
70952,non functional
54051,non functional
71535,non functional
54033,non functional
2490,functional
35377,non functional
12508,functional
4813,functional
42073,functional
46268,non functional
7808,functional
35189,functional
67671,functional
73644,non functional
5789,functional
64246,functional
17633,functional
70746,functional
15444,functional
9308,functional
61495,non functional
46448,non functional
24151,functional
18283,functional
40645,functional
1325,functional
59650,non functional
55012,functional
1611,functional
30055,functional
29674,functional
16826,functional
33682,non functional
45187,non functional
16848,non functional
32752,functional
55788,non functional
52789,non functional
59026,functional
57976,functional
41741,non functional
50513,functional
61382,functional
54863,functional
6553,functional
14480,non functional
73096,non functional
28753,non functional
45406,functional
14038,functional
12598,functional
13790,non functional
20781,functional
44425,functional
22100,functional
44434,functional
16419,functional
56591,non functional
71007,functional
60098,functional
68689,functional
29234,functional
42918,non functional
10131,functional
49061,functional
60674,non functional
42846,functional needs repair
10302,functional needs repair
14076,functional
18203,non functional
37917,non functional
20637,functional
2770,functional
41670,functional
659,non functional
2339,functional
73091,non functional
41319,non functional
13992,functional
19293,functional
55765,functional
1260,functional
24755,non functional
61451,non functional
61311,functional
47493,non functional
71068,functional
18866,functional
50204,functional
47230,functional
29025,non functional
50900,functional
45272,non functional
72058,functional
16737,non functional
12930,functional
50944,functional
17107,functional
14805,functional
61265,functional
30289,non functional
51583,functional
25432,functional
4054,functional
11599,functional
9549,functional
56780,non functional
40271,functional
63027,non functional
15602,functional
39502,non functional
26621,non functional
9945,functional
51220,functional
17323,non functional
62977,functional
29004,non functional
6017,non functional
2342,functional
43694,non functional
60464,functional
35567,functional
34264,functional
27802,non functional
13937,functional
23571,functional needs repair
63615,non functional
38912,non functional
32876,functional
52590,non functional
50462,non functional
62056,functional
12503,functional
60731,functional
29601,non functional
20865,functional
17918,non functional
54448,functional
8374,functional
47366,functional needs repair
48963,functional
2697,non functional
41310,functional
6828,functional
9372,functional
63483,functional
73341,functional
43316,functional
32079,non functional
16398,functional
61626,non functional
66292,functional
31076,functional needs repair
65776,functional
70823,non functional
4478,functional
5778,non functional
1092,functional
10265,functional
12277,non functional
23742,functional
30142,functional
55463,non functional
69869,functional
36932,non functional
60436,functional
42189,non functional
68364,functional
17740,functional
41723,functional
38819,non functional
11547,non functional
33028,functional
26970,non functional
22739,functional
15475,functional
18489,functional
72530,functional needs repair
15542,non functional
28498,functional
55912,functional
33575,functional
24632,functional
71207,non functional
50470,non functional
72646,functional
63046,functional
43327,functional
48192,functional
62373,functional
50078,functional
6636,functional needs repair
30742,functional
59866,non functional
65492,non functional
62644,non functional
11924,functional
37366,non functional
64740,functional needs repair
58717,non functional
55443,functional
23964,functional
37205,non functional
29778,functional needs repair
54227,non functional
9695,functional
34371,functional
47302,non functional
46403,functional
52259,functional
9911,functional
26628,functional
40536,functional
28371,functional needs repair
37074,functional
55929,non functional
72682,functional
33117,non functional
18829,non functional
68993,non functional
58106,functional
26790,functional
34123,functional
47787,functional
53347,functional
1269,non functional
7356,functional
69467,non functional
26997,non functional
58420,non functional
61085,non functional
58462,functional
27322,non functional
67948,non functional
49125,functional
51006,non functional
452,functional
27314,functional
24194,non functional
38219,functional
13594,non functional
9038,functional
54652,functional
25406,non functional
48618,non functional
44523,non functional
48348,functional
32324,non functional
34113,non functional
14378,functional
32961,functional needs repair
36868,functional
2814,functional
49386,non functional
20562,functional
22957,functional
69888,functional
52062,non functional
12067,functional
70477,functional
50323,non functional
32714,functional
18490,functional
32867,non functional
53012,functional
27132,functional
54048,functional
17976,functional
23740,functional
20673,functional
12950,non functional
66073,non functional
1995,non functional
69979,functional
42096,non functional
27633,functional needs repair
56065,functional
14756,non functional
48088,non functional
16408,non functional
22866,functional
48804,non functional
38070,non functional
6412,functional
38067,functional
46729,functional needs repair
65021,functional
58135,functional
62073,non functional
27230,non functional
12037,functional
17682,non functional
66022,non functional
28280,non functional
65193,non functional
67134,functional
25315,non functional
49675,functional
70235,non functional
7414,non functional
34153,non functional
69142,functional
53368,functional
19206,functional
73751,functional
8088,functional
42196,non functional
44708,non functional
27889,non functional
46473,functional
51564,non functional
991,functional
23979,functional
24417,functional
56653,non functional
17744,functional
44029,non functional
2984,non functional
54453,non functional
55428,functional
9151,functional
9497,functional
31692,functional
65733,functional
11993,non functional
19521,non functional
28209,functional
10057,non functional
24918,non functional
70789,functional
15544,functional needs repair
15466,functional
5145,non functional
50721,functional
31271,non functional
12465,non functional
39553,functional
13934,non functional
56760,functional
51920,functional needs repair
68172,functional
60152,functional needs repair
49995,functional
34740,non functional
52037,functional needs repair
42541,functional
11856,non functional
69950,functional
4140,functional needs repair
4674,non functional
66702,functional
34048,non functional
56741,functional
33034,functional
60855,functional
71493,functional
6606,non functional
30830,non functional
31187,functional
44742,functional
63308,functional
20839,functional
59175,functional
43357,non functional
13492,non functional
11707,non functional
24263,non functional
18212,non functional
23932,functional
16168,non functional
13735,non functional
5226,functional
3663,non functional
8722,functional
59759,functional needs repair
49308,non functional
11612,functional
24050,non functional
39215,functional
50166,non functional
27628,functional
69178,functional
30036,functional
4626,non functional
59282,functional
38501,functional needs repair
262,functional
45574,non functional
20860,functional
58762,non functional
66937,non functional
47198,functional needs repair
30447,functional
56340,functional
69175,functional
37227,non functional
25451,functional
50667,non functional
72331,non functional
30599,functional
71335,non functional
51236,non functional
22817,functional
26973,functional
19819,functional
67178,non functional
36059,functional
11965,non functional
13927,non functional
1619,functional
63115,functional
38549,non functional
328,functional
57574,functional
61645,non functional
39130,non functional
66868,functional
52119,non functional
2215,non functional
30164,non functional
25644,non functional
56625,non functional
63408,functional
23588,functional
22434,non functional
54926,functional
41034,functional
35214,non functional
55360,non functional
57937,functional
30030,non functional
64741,functional
37858,non functional
55390,functional
42257,functional
19036,functional
46062,non functional
24957,functional
67729,functional
65363,functional
64830,functional
49498,non functional
5231,functional
60262,non functional
58468,functional
6426,functional
66377,functional
21885,functional
38755,non functional
13886,non functional
42598,functional
22307,functional
67909,functional needs repair
49265,non functional
16060,functional
13613,non functional
69962,non functional
50729,functional
63757,non functional
64585,non functional
56547,functional
15675,non functional
20593,non functional
33395,functional
17392,non functional
5473,non functional
33404,non functional
54596,functional
2701,functional
69550,non functional
65789,functional
48989,functional
33113,non functional
30315,functional
52161,non functional
61877,non functional
35948,functional
20373,functional needs repair
64754,functional
63921,functional
39325,non functional
41388,functional
26607,functional
20909,functional
37730,non functional
1624,functional
2652,functional
44889,functional
50524,functional
73672,non functional
2898,functional
14070,non functional
59239,non functional
43655,non functional
59344,functional
42979,non functional
41464,non functional
21407,non functional
12266,functional
57146,functional
66688,functional
20880,functional
10669,functional
30852,functional
36913,non functional
36335,non functional
24949,functional
70467,non functional
6063,functional
11503,non functional
26938,non functional
13342,functional needs repair
21055,functional needs repair
72437,functional
34703,functional
14774,functional
60692,non functional
27171,non functional
805,functional
69638,functional
30604,functional
37947,functional
28569,functional
53728,functional
16887,functional
49007,non functional
25612,functional
41155,functional
43088,non functional
55597,functional
24432,non functional
12297,non functional
73497,functional
54345,functional
11900,non functional
72907,functional
37791,functional needs repair
42810,non functional
21751,non functional
22014,functional
5312,functional
66528,functional
1812,functional
13125,non functional
18545,functional
41850,functional
2780,non functional
62704,functional
18807,non functional
67334,non functional
66998,functional
44224,functional
13227,non functional
64147,functional
32701,functional
48952,functional
3017,functional
23888,functional
18859,non functional
61160,functional
19384,non functional
28192,functional
13608,functional
66351,functional
3994,functional
16440,functional
36279,functional needs repair
40345,functional
34302,functional
31140,functional
59520,functional
45651,non functional
35618,non functional
25661,functional
39582,functional needs repair
49449,functional
53649,functional
41484,functional
66295,functional
29173,non functional
31255,functional
53690,functional
68974,functional
59599,functional
33851,functional
52867,non functional
18287,functional
72216,functional
13605,functional
27677,functional
6522,non functional
4241,non functional
48887,functional
495,functional
13964,non functional
52326,non functional
65618,functional needs repair
1948,non functional
23246,functional needs repair
7898,non functional
59809,non functional
13165,functional
1816,non functional
44907,functional
72043,functional
15799,functional needs repair
13179,functional
22502,functional
43483,non functional
665,functional
1089,functional
2708,functional
72688,functional
45763,functional
20902,functional
7042,functional
53882,functional
15220,functional
50127,non functional
24250,functional
34403,functional
30374,functional
56994,functional
17437,functional
27412,functional
67807,functional
9267,functional
1690,functional
18602,non functional
2398,functional
32339,non functional
12329,functional
10784,functional
11991,non functional
10901,functional
60496,functional
18536,functional
32496,functional needs repair
19487,functional
33230,functional
55020,non functional
74130,non functional
25905,non functional
3762,functional
42027,functional
40991,functional
33920,functional needs repair
5701,non functional
70336,functional
14972,non functional
72052,functional
16964,non functional
70792,non functional
63130,functional
2730,non functional
27721,functional
55999,non functional
71992,functional
6460,non functional
59776,functional
67011,functional
4080,functional
4822,non functional
73651,functional
37486,non functional
6623,functional
45309,functional
29350,non functional
15491,functional
44785,functional needs repair
19467,non functional
47034,functional
52760,functional
16508,functional
25490,functional
60177,functional
69490,non functional
12543,functional
39797,non functional
12126,non functional
17793,non functional
28409,functional
9942,non functional
37084,functional needs repair
20979,functional
491,functional
5687,functional
38306,functional
20350,non functional
34246,non functional
70307,non functional
36810,functional
58805,non functional
26200,functional
36019,non functional
41712,functional
28658,functional
21474,functional
12426,non functional
55546,functional
55526,non functional
37543,non functional
39725,functional
44834,non functional
5552,non functional
41181,functional
69372,functional
35472,functional
5235,non functional
42237,non functional
44728,functional
47152,non functional
33927,functional
21158,functional
21234,non functional
47577,functional
55633,functional
20786,non functional
59870,non functional
68746,non functional
51490,functional needs repair
12033,non functional
13448,non functional
64457,functional
49315,functional needs repair
17820,functional
19975,functional
68423,functional
10171,non functional
25258,functional
23939,functional needs repair
69729,non functional
8539,non functional
27611,non functional
39355,functional
41904,non functional
18026,non functional
5962,non functional
46567,functional
60297,non functional
73201,non functional
4558,functional
59298,functional
21622,non functional
60149,functional
2716,non functional
56003,functional
55198,functional
555,functional needs repair
26001,functional
18344,functional
17096,functional
31062,functional
74122,functional
26002,non functional
66381,non functional
38852,functional
27695,functional
10974,non functional
29225,non functional
20512,non functional
53046,non functional
20400,functional
14244,non functional
43979,non functional
42975,functional
66119,functional
32994,functional
8970,functional
4665,functional
16422,functional needs repair
27762,non functional
63654,functional needs repair
4011,non functional
17286,functional
6520,non functional
28216,non functional
6105,functional
13231,functional
37186,functional
37224,functional
17564,functional
38680,functional
6121,non functional
63671,functional
4968,non functional
73412,functional
55362,functional
46910,non functional
31756,non functional
19059,functional
8387,functional needs repair
59481,functional
26441,non functional
33227,functional
67144,functional
29397,functional
60470,functional
51540,functional
27691,functional
4846,functional
58664,functional
24228,non functional
70327,functional
1210,functional
24049,functional
28494,functional
31121,non functional
45484,functional
4701,functional
34859,non functional
22205,functional
19871,functional
65855,functional
7600,functional
18577,functional
33768,non functional
21236,functional
56861,functional
31176,functional
13454,functional
22151,non functional
33286,functional needs repair
22650,functional
22747,non functional
34499,functional
28778,non functional
6737,functional
55144,functional
40686,functional
8576,functional
71267,non functional
7083,functional
67286,non functional
60060,functional
70879,functional
35276,non functional
16448,functional needs repair
38660,non functional
23483,functional
31066,functional
23334,functional
40757,non functional
9422,non functional
70623,functional
52661,functional
28000,functional
2257,non functional
21153,functional
70436,non functional
10300,non functional
62009,functional
21070,non functional
46704,non functional
63988,non functional
59413,functional
29621,functional needs repair
55954,functional
22288,non functional
51039,non functional
33583,functional needs repair
2595,functional
62724,functional
31957,non functional
24852,non functional
14903,functional
443,functional
49096,functional
13655,non functional
38734,non functional
53550,functional
8721,non functional
57903,functional
34378,functional
56519,functional
4181,non functional
15267,functional
71344,functional
67305,functional
64610,functional
37671,functional
70988,non functional
2603,non functional
14428,functional
48342,functional
63327,non functional
43374,non functional
32089,functional
47278,functional
25975,functional
29788,functional needs repair
19938,functional
69692,non functional
26214,functional
26424,functional
63129,functional
57388,non functional
38960,functional
55124,functional
54221,functional
47483,non functional
21417,non functional
29619,functional
21315,functional
54590,non functional
59596,functional
47625,functional
23791,functional
51004,non functional
56728,functional
11639,functional
56606,functional
9544,non functional
17868,functional
9389,non functional
43230,non functional
11352,functional
58912,functional
54903,non functional
25977,functional
3678,non functional
72890,functional
8868,functional needs repair
60369,non functional
69753,functional
72204,functional
20253,non functional
3688,functional
23970,functional
25495,non functional
3991,functional
42802,functional
44993,functional
24100,non functional
9040,non functional
25519,non functional
55469,functional
69309,functional
17011,functional needs repair
71520,non functional
28972,non functional
3243,functional
20835,non functional
42682,non functional
2228,non functional
7786,functional
49326,functional
39779,non functional
39880,non functional
55187,functional
73705,non functional
73839,functional
35307,functional needs repair
3924,functional
29572,non functional
5279,functional
61111,non functional
16891,non functional
18593,functional
12529,non functional
7450,non functional
45817,functional
13632,non functional
12320,non functional
11954,functional
6043,functional
67677,functional
73207,functional
69956,non functional
74225,functional
18467,non functional
17631,non functional
34398,functional
60829,functional
11118,functional
48083,functional
31056,functional needs repair
12815,functional needs repair
65445,functional needs repair
59011,functional
39442,non functional
37180,functional needs repair
36294,non functional
30335,functional
65277,functional
72311,functional
5904,non functional
58149,functional needs repair
10152,non functional
58711,functional
53251,functional
31647,non functional
10994,functional needs repair
14776,functional
30199,functional
9859,non functional
42529,functional needs repair
11061,non functional
38826,functional
14775,functional
40191,functional
36672,functional
19478,non functional
15971,non functional
51372,non functional
49122,functional
52858,non functional
72678,functional
70668,functional
8077,functional
36779,functional
37762,functional
42192,non functional
42583,functional
32737,non functional
16875,non functional
9759,functional
39783,functional
4336,non functional
54443,functional
25811,non functional
29734,non functional
1369,non functional
20616,functional
54789,functional
1278,functional
17404,non functional
851,functional
47937,functional
55923,functional
40283,functional
34337,non functional
58839,functional
51239,non functional
4007,non functional
14516,functional
60888,functional
13681,functional
32154,functional
68759,functional
9791,functional
2054,functional
66715,non functional
8331,non functional
65343,functional
62276,non functional
2788,non functional
44682,non functional
57763,functional
12960,non functional
834,functional
37370,functional
25244,non functional
60013,non functional
5366,non functional
2323,non functional
36378,functional
23016,functional
29400,non functional
28537,non functional
23882,functional
26269,functional
13301,functional
69902,non functional
35636,functional
30437,functional
38938,functional
45202,functional
21311,non functional
25320,non functional
27658,functional
41343,non functional
47699,non functional
15553,functional
61401,non functional
5438,non functional
22186,non functional
73893,functional
20711,non functional
71521,functional
63448,non functional
18900,non functional
67732,functional
37246,non functional
36122,non functional
58416,non functional
24661,functional needs repair
932,functional
72553,functional
10023,functional
34576,functional
67673,non functional
70052,non functional
58523,functional
54821,functional
68872,functional
31351,functional
66667,functional
62223,functional
60658,functional
41996,functional
3869,functional
42843,non functional
65453,functional
11511,functional
74053,non functional
64231,non functional
20950,functional needs repair
49283,non functional
31536,functional
29802,non functional
28342,non functional
18396,functional
20229,functional
51291,functional
29198,non functional
52545,non functional
59326,functional
17969,functional
27808,functional
27970,functional
32633,functional
16484,non functional
18704,functional
73765,non functional
19530,functional
6665,non functional
59584,functional
968,functional
58811,functional
24030,non functional
7259,functional needs repair
56365,non functional
38377,non functional
32452,non functional
66093,functional
20088,functional
43701,non functional
15680,functional needs repair
38415,functional needs repair
15141,functional
29586,functional
43061,non functional
23942,non functional
8752,functional
10354,functional
24675,functional
56477,non functional
40672,functional
70241,non functional
44929,functional
11820,non functional
63693,functional
31153,functional
10919,non functional
1844,functional
43742,functional
42544,functional
56686,non functional
35432,non functional
10989,functional
35330,functional
47434,functional
51355,non functional
57732,functional
63009,functional
59016,functional
6670,functional
47613,non functional
49204,functional
45126,functional
43695,non functional
13435,functional
53032,non functional
39231,functional
42860,functional
71369,functional
10005,functional
57136,functional
42983,non functional
65681,non functional
55955,functional
24009,functional
43466,functional
22094,functional
53069,non functional
43846,functional
47815,functional needs repair
31522,functional
55302,non functional
26867,functional needs repair
18447,non functional
31472,non functional
19002,non functional
10263,non functional
6632,non functional
54810,non functional
57886,functional
59339,functional
31513,functional
5420,non functional
22983,functional
66628,functional
29745,non functional
66407,non functional
36629,non functional
12521,functional
13883,functional
49013,non functional
18008,non functional
7670,non functional
3393,functional
17496,non functional
28501,functional
30502,functional
39298,non functional
72634,functional
44858,functional
22118,functional needs repair
4966,functional
67471,functional needs repair
65160,non functional
72666,functional
41863,non functional
50152,functional
57096,functional
36774,functional
52878,functional
65301,functional
58814,non functional
10286,non functional
71589,functional
73906,non functional
64204,non functional
46949,non functional
27085,non functional
66880,non functional
22279,functional
12563,functional
30936,non functional
36313,functional
7965,functional
31480,non functional
59674,functional
70289,non functional
48961,functional
64503,non functional
14683,functional
55281,functional needs repair
51786,non functional
20000,functional
22389,non functional
3931,functional
62177,functional needs repair
7189,functional
5913,non functional
9438,non functional
53211,non functional
36896,functional
42233,functional
51485,functional
67259,functional needs repair
18769,non functional
3095,functional
64622,non functional
40282,functional
36865,functional
64577,functional
44787,non functional
44736,functional
21352,functional
64038,non functional
50346,functional
63663,functional
6409,functional
59491,functional needs repair
38151,non functional
25716,functional
693,functional
6938,non functional
21772,non functional
9123,functional
19401,functional
19388,functional
31451,non functional
31134,functional
1415,non functional
20901,functional
11364,functional
55980,functional
56889,functional
63200,non functional
68435,non functional
59857,non functional
41668,functional
58752,functional
12454,functional
68995,non functional
3696,non functional
68025,non functional
29858,non functional
13439,non functional
71089,functional
11827,functional
13009,functional
52876,non functional
8934,functional
1720,functional needs repair
12715,functional
51622,functional
10918,non functional
36654,functional
69631,non functional
58792,functional
20312,functional
22702,functional needs repair
37490,non functional
62559,functional needs repair
73858,functional
3308,non functional
26983,functional
73355,functional
73748,functional
73006,functional
71144,functional needs repair
20132,functional
51106,functional
62253,functional needs repair
12500,non functional
35872,non functional
25400,functional
49824,functional
16556,functional
34750,functional
50097,functional
47804,functional
7269,functional
64240,functional
23609,non functional
43434,functional
68446,functional
27027,non functional
47202,functional
47228,functional
17586,functional
57274,non functional
53652,functional
48984,functional
756,non functional
16118,functional needs repair
1288,non functional
2858,functional
28146,non functional
38016,non functional
7791,functional
63792,functional
29045,non functional
41596,non functional
66703,functional
35266,functional
56808,functional
63885,functional
19686,functional
13292,functional
48768,non functional
16750,functional needs repair
32624,non functional
53484,functional
36791,functional needs repair
27075,functional
28128,functional
62989,functional
52612,non functional
52105,functional
6411,functional
10582,functional
45021,functional
26508,non functional
50165,functional
28533,non functional
42463,functional
30238,non functional
62370,functional
52763,functional
51501,non functional
41360,functional
14889,non functional
57363,functional
50421,functional
56338,functional needs repair
46907,functional
29304,functional
18878,functional needs repair
45739,functional
1309,non functional
67349,functional
73344,functional
65171,functional
10910,non functional
48219,non functional
12398,functional
45142,functional
9999,functional
73685,functional
3212,functional
71453,functional needs repair
58139,non functional
19371,functional
32328,functional
5754,non functional
39318,functional needs repair
13425,functional needs repair
39446,non functional
18817,functional
73810,functional
29883,functional
48878,functional
21036,non functional
15377,functional
16175,non functional
17925,functional
49999,functional needs repair
35506,functional
8209,functional
3751,non functional
50059,functional needs repair
25212,functional
16931,functional
32349,functional
31135,non functional
10477,functional
366,non functional
13847,functional
39776,non functional
32778,functional
6764,functional
66147,functional
55401,functional
33158,functional
11187,non functional
26537,functional
8483,functional
38062,non functional
66285,functional
56424,functional
20479,non functional
38026,non functional
30966,non functional
45151,functional
28685,non functional
60121,non functional
8250,functional
54700,non functional
56647,functional
10600,functional needs repair
18808,functional
6295,non functional
3878,functional
33794,non functional
25541,functional needs repair
12386,non functional
51083,functional
30307,functional
48306,functional needs repair
27232,non functional
66331,functional
65352,functional
73498,functional
2967,non functional
56484,non functional
44375,functional
36184,non functional
35294,functional
39275,functional
72821,functional needs repair
3211,non functional
31493,functional
30326,functional
55055,functional
35603,non functional
21977,functional
16181,functional
56662,functional
3267,functional
58150,non functional
44216,functional
72411,functional
15401,functional
50083,non functional
52025,non functional
68903,functional
59308,non functional
39732,functional
33469,non functional
33730,functional
18230,functional needs repair
4914,non functional
51696,functional
46702,non functional
51325,non functional
47533,non functional
35902,non functional
2411,non functional
23585,functional needs repair
46642,non functional
30016,functional
33193,functional
41320,non functional
61406,non functional
24494,functional
69290,functional
27293,functional
73279,non functional
63398,functional
67137,non functional
46106,functional
64510,non functional
63678,non functional
21486,functional
70195,functional
65635,non functional
34922,non functional
25818,functional
38333,non functional
71847,functional
1301,functional
43266,functional
57356,functional needs repair
39218,non functional
4448,functional needs repair
54719,functional needs repair
30512,functional needs repair
9376,non functional
36136,non functional
42507,functional
53187,non functional
33485,functional
38783,functional
32230,non functional
62226,non functional
59948,non functional
65987,non functional
46230,functional
73837,functional needs repair
11074,functional
51232,non functional
30186,non functional
27805,non functional
43905,functional
36680,non functional
21681,functional
66620,functional
47100,functional
62591,non functional
39931,functional
24527,functional
28946,functional
50997,functional
9434,functional
56023,functional
57471,functional
11438,non functional
34318,functional needs repair
40818,functional
57216,non functional
61275,non functional
8661,non functional
27555,functional
2996,functional
70394,functional
31195,functional
1840,non functional
59534,functional
2592,functional
67451,functional
35786,non functional
3638,non functional
5324,non functional
11001,functional
839,non functional
59387,functional
11986,functional
20751,functional
24281,non functional
36318,non functional
37041,functional
32353,functional
22701,functional needs repair
12696,functional
62522,functional needs repair
11613,non functional
18027,functional
16397,functional
44689,functional
31334,functional
10364,functional
45526,functional needs repair
45611,functional
20871,functional
23066,non functional
62099,functional
24136,functional
54149,non functional
46638,functional
57946,functional
58039,non functional
35262,non functional
29306,non functional
15708,functional
1066,non functional
28393,functional
33823,functional
34959,functional
36069,non functional
46791,non functional
36595,non functional
53797,functional
65233,non functional
48754,functional
26583,non functional
73514,functional
5437,functional
62313,functional
204,functional
32167,non functional
8624,functional
34017,non functional
260,functional
13793,functional
66002,functional
10535,functional
64472,functional
4635,functional
17285,non functional
70828,functional
72925,non functional
16975,non functional
41858,functional
5122,functional
54421,non functional
2687,non functional
19659,functional
17849,non functional
9137,functional
31422,functional needs repair
68261,non functional
54376,functional
40611,non functional
5043,non functional
16290,functional
33309,functional
73249,functional
41827,functional
29469,functional
47719,functional
36208,functional needs repair
43418,non functional
12192,non functional
73823,functional
70054,non functional
66418,functional
32848,functional
34709,non functional
44664,functional
23820,functional
9484,non functional
24651,functional
5722,non functional
4093,functional
34785,non functional
52285,functional
16362,functional
11207,non functional
54390,functional
68284,non functional
37083,functional
39063,functional
68237,non functional
34587,functional
29220,functional
29022,non functional
69604,non functional
59296,non functional
48762,functional
61623,functional
6869,non functional
56894,functional
60662,functional
64120,non functional
18621,non functional
58740,functional
47773,functional
31879,non functional
23954,functional
68541,non functional
50146,functional needs repair
14214,functional
35734,non functional
50019,functional
36710,functional
34154,functional
34141,functional
43000,non functional
26290,functional
59906,functional
34065,functional
22935,functional
39670,functional
13092,functional
47740,functional
981,non functional
44474,non functional
29853,functional
24318,functional
61631,functional
39452,functional needs repair
34272,functional
27203,non functional
8093,functional
35717,functional
1544,functional
71912,functional
65901,functional needs repair
73068,non functional
21435,functional
46296,non functional
24878,functional
55482,functional
67716,non functional
71193,functional
56041,functional
41403,functional
58170,non functional
72368,functional
54742,functional
33254,functional
37951,functional
66151,non functional
58054,functional
24042,functional
38670,functional needs repair
15259,non functional
55550,functional
61465,non functional
52097,functional needs repair
18930,functional
55011,functional
649,non functional
45418,functional
7609,functional
66009,non functional
25184,non functional
47194,functional
69774,functional needs repair
10503,functional
17217,non functional
9281,functional
19398,non functional
65472,non functional
16900,functional
5325,functional needs repair
10755,non functional
26875,non functional
51292,non functional
27020,functional
25567,functional
45117,functional
66276,functional
16190,functional
36633,functional
20529,non functional
38319,non functional
22454,functional
13941,non functional
258,functional needs repair
29348,non functional
62497,non functional
39030,functional
60838,functional
32836,functional needs repair
50051,functional
30764,functional
13770,functional
8793,functional
36374,functional
21431,functional
67226,functional needs repair
23925,functional
73145,functional
66053,non functional
6345,functional
29722,functional
30104,non functional
28341,functional
38093,functional
26393,functional
48148,non functional
40641,functional
41634,functional
72448,functional needs repair
46067,functional needs repair
47358,functional
56015,non functional
4812,functional
25740,non functional
25839,functional
20348,non functional
61239,functional
33498,functional
35088,functional
8957,non functional
38433,non functional
5118,functional
42068,functional
8855,functional
2628,functional
4602,non functional
53472,functional
16048,non functional
66714,non functional
20362,functional
69095,functional
4732,non functional
20330,functional
52927,functional
15336,functional needs repair
24454,functional
36592,non functional
22660,functional needs repair
9904,functional
50231,non functional
43793,functional
47637,functional
45472,functional needs repair
38116,non functional
5004,non functional
23693,functional
54369,functional
25807,non functional
26023,functional
70286,non functional
2896,non functional
63017,functional
6593,non functional
6169,functional
6129,non functional
11884,functional
7140,functional
23270,non functional
67845,functional
60761,non functional
4098,non functional
70295,functional
32180,non functional
21729,functional
10740,functional
1152,functional
55829,functional
30880,non functional
51611,functional needs repair
29968,functional
71426,non functional
71727,functional
48322,functional needs repair
31127,functional
6200,non functional
57207,functional needs repair
59164,non functional
43790,non functional
29384,non functional
33126,functional
56172,functional
38604,functional
41402,non functional
46248,functional
10867,non functional
30027,non functional
16121,functional
32393,functional
45261,functional
63794,functional
44849,non functional
3860,non functional
38177,functional
58658,non functional
63934,functional needs repair
16837,functional
59360,functional
57486,non functional
46449,functional
42260,functional
5744,non functional
40507,functional needs repair
13041,functional
50883,functional
31488,non functional
66502,non functional
53709,functional
58030,functional
51444,functional
36092,functional needs repair
65135,functional
31157,functional
6109,non functional
4782,functional
41011,non functional
60361,functional
48458,functional
33759,non functional
65158,non functional
58967,functional
51631,functional
60676,functional
6698,functional
24368,non functional
25931,functional
41599,functional
109,functional
52805,functional needs repair
45123,non functional
2550,functional
54169,functional
27648,non functional
39314,non functional
59697,functional needs repair
61546,functional needs repair
73605,functional
37922,non functional
60156,non functional
16148,functional
35502,functional
62098,functional
31626,non functional
64621,functional
5495,functional
68649,non functional
44627,functional
72958,functional needs repair
48247,functional
10091,functional
22706,non functional
69874,functional
63435,non functional
35093,non functional
62726,functional
6755,functional
61638,functional
18246,functional
37267,functional
7560,functional needs repair
60096,functional
8580,non functional
30716,non functional
21098,non functional
17896,functional
7082,functional needs repair
39586,functional
46,functional
3710,non functional
7904,non functional
36925,functional
24711,functional
60074,functional needs repair
42830,functional needs repair
47761,functional
51414,functional
24098,functional
21382,non functional
54103,non functional
13026,functional
27050,non functional
55456,non functional
63136,functional
11614,functional
41404,non functional
3104,non functional
120,functional
9006,functional
3327,non functional
29684,functional
48416,functional
26978,non functional
13742,functional
21743,functional
21213,non functional
11896,functional needs repair
47944,functional
67284,functional needs repair
27865,functional
21619,non functional
36521,non functional
49921,functional
25301,functional
13719,non functional
19443,non functional
32553,non functional
67980,non functional
26491,non functional
21378,non functional
60545,non functional
59529,functional
43513,functional
69378,functional
72001,non functional
74247,non functional
34965,functional
45015,non functional
52231,functional
12807,functional
47651,non functional
66603,functional
175,functional
45945,functional
71145,functional
28107,non functional
52495,functional
44258,non functional
32755,non functional
27646,functional
34382,functional
10864,functional
3547,non functional
57326,functional
44778,functional
40523,functional
52846,functional
26119,functional
11045,functional
26532,non functional
60619,functional
22337,non functional
53776,non functional
9437,non functional
14282,non functional
57695,functional
16673,non functional
55467,non functional
7458,functional
15042,functional
22257,functional
24079,functional
58673,non functional
50738,functional
12925,functional
48897,functional
26182,non functional
70169,functional
51661,non functional
24732,non functional
15352,functional needs repair
33919,non functional
42769,functional
3743,non functional
54642,functional
32742,non functional
43943,functional
53367,non functional
52057,non functional
6917,functional
52018,non functional
36404,non functional
58280,non functional
36100,functional
49672,non functional
11570,non functional
55616,functional
37725,non functional
245,functional
49726,functional
66782,functional
70876,non functional
32483,non functional
18070,non functional
33606,functional
5960,functional
13787,non functional
29413,non functional
52830,functional
23391,non functional
60866,non functional
4841,non functional
46311,functional
7700,non functional
32437,non functional
15226,functional
50218,functional
23241,functional
44423,non functional
18730,non functional
63040,functional
22050,non functional
12211,functional
45355,functional
30128,functional
21482,non functional
67208,functional
73558,non functional
7910,functional needs repair
22182,non functional
26091,functional
5225,non functional
67820,functional
34387,functional needs repair
48549,functional needs repair
66911,functional
70803,functional
50825,non functional
10211,functional
48956,non functional
43910,functional
74240,functional
53306,functional needs repair
11907,functional
8914,non functional
57086,functional
59638,functional
60976,non functional
37104,non functional
54528,non functional
62958,functional
15867,non functional
59501,functional
70687,functional
6981,functional
69866,non functional
2463,functional
10803,functional
60185,non functional
5187,functional
65304,functional
65934,functional
36032,functional needs repair
74038,non functional
27579,functional
37150,functional
35768,functional needs repair
10017,functional
67599,non functional
55855,functional
47027,non functional
37108,functional
3103,functional
2169,non functional
17607,non functional
18094,functional needs repair
32336,functional
3893,functional
34497,non functional
30408,non functional
41226,non functional
43227,non functional
26053,non functional
13192,functional
26351,functional needs repair
71044,non functional
16866,non functional
38321,functional
40957,functional
79,functional
68990,functional
24642,functional
62819,functional
43032,functional
4517,functional
29835,non functional
24447,non functional
41371,functional
71240,functional
29372,non functional
16052,non functional
39661,functional
2099,functional
31974,non functional
57084,functional
64793,non functional
58588,functional
66267,functional
70902,functional
59463,functional
39496,functional
59897,non functional
24094,functional
51569,functional
45929,functional
16155,non functional
3838,functional
19604,functional
68207,non functional
59232,non functional
54217,functional
19565,functional
24784,non functional
25201,non functional
19162,non functional
25488,functional
12771,functional
53966,functional
36306,functional
27622,non functional
66762,functional
28794,non functional
25312,functional
24113,non functional
37891,functional
25744,functional
47084,functional
20347,non functional
2491,functional
17243,non functional
16452,functional
33436,functional
30388,functional
19827,functional
18705,non functional
71411,non functional
47324,functional
34167,functional
47877,functional
43265,non functional
7245,functional
41734,functional needs repair
47469,non functional
17541,functional needs repair
15215,functional needs repair
68509,non functional
51963,functional
28886,functional
41729,functional needs repair
73220,functional needs repair
29213,functional needs repair
51825,functional
72008,functional
66167,functional needs repair
50013,non functional
44401,functional
62505,non functional
61296,non functional
74188,non functional
52966,functional
5616,functional needs repair
72381,functional
35141,functional
59128,functional
11143,functional
72262,non functional
63829,functional
19531,functional
4727,non functional
22085,functional
32237,non functional
46808,functional
65744,non functional
23059,non functional
7046,functional
20462,functional
9007,functional needs repair
68071,functional
30080,functional
7166,non functional
58125,functional
14980,functional
17042,functional
42066,non functional
54285,functional
62710,functional needs repair
1136,functional
22886,functional
61986,non functional
56147,functional
38227,non functional
11406,functional
48670,non functional
66275,non functional
23389,functional
18100,functional
30634,functional
14614,non functional
28351,functional needs repair
43559,functional
15312,functional
26889,functional
67171,functional needs repair
3082,functional
10607,non functional
1572,functional
10914,functional
27442,functional needs repair
60681,functional
68147,functional
49416,functional
27113,functional
64559,functional
48573,functional
31967,functional needs repair
48132,functional
42242,functional
60243,functional
49702,functional
67773,non functional
44992,functional
69832,functional
50445,non functional
37840,functional
64303,non functional
63763,non functional
38766,functional
52543,functional
1406,functional needs repair
51055,functional
51208,non functional
40941,non functional
13945,functional
5135,non functional
50265,non functional
30049,functional
21943,functional
72992,functional
41773,functional
36626,functional
39696,non functional
3896,non functional
5658,non functional
3107,functional
49809,non functional
12428,non functional
40824,functional
50687,functional
12910,non functional
6229,non functional
36072,functional
66473,functional
50139,non functional
4704,functional
28961,non functional
42670,non functional
27304,functional
63696,functional
30360,functional needs repair
11037,functional
17884,non functional
19217,non functional
66660,non functional
69937,functional
22378,functional
15848,non functional
57924,non functional
50220,functional needs repair
1679,functional
61084,functional
5551,non functional
15172,functional
73350,functional
58237,functional
449,functional
56980,non functional
43951,functional
20859,functional
50075,functional needs repair
17007,non functional
50836,functional
2684,functional
18482,functional
27744,non functional
6717,functional
4360,non functional
5194,non functional
45741,functional
55811,non functional
26257,non functional
36956,functional
69960,non functional
11252,functional
28544,functional
31249,functional
29930,functional
45731,non functional
7432,functional
35762,non functional
65936,functional
61435,non functional
30556,non functional
5609,functional
21719,functional
47713,functional needs repair
20438,functional
32518,non functional
27042,functional
72263,functional
13202,non functional
14489,functional
15747,functional
1706,non functional
34680,functional needs repair
16042,functional
32671,functional
50001,non functional
12473,functional
49009,functional
48972,functional
72367,non functional
30446,functional
30680,non functional
7011,non functional
46988,functional
11055,non functional
46043,functional
32326,non functional
5907,functional
39160,functional
28061,non functional
43382,non functional
10128,functional needs repair
27181,non functional
41432,non functional
36772,non functional
56925,functional needs repair
21017,functional
2957,functional
43200,functional
8272,functional
39984,functional
29546,functional
61630,functional
20958,functional
19336,non functional
32862,functional
12086,non functional
33867,functional
31011,non functional
7361,functional
52567,non functional
28974,functional needs repair
15978,functional needs repair
63133,functional
54835,functional
47047,non functional
39953,non functional
53671,functional
38943,functional needs repair
15687,functional
846,non functional
35548,non functional
21357,functional
70972,functional needs repair
62434,functional
47286,functional
42848,functional
5032,functional
16543,non functional
36536,non functional
51015,functional
12186,functional
17792,non functional
29899,functional
64874,non functional
13575,functional
12233,non functional
69988,functional needs repair
25179,non functional
57950,non functional
45317,functional
23071,non functional
56552,functional
49362,functional
62642,non functional
20683,functional
8090,functional needs repair
26321,functional
25870,functional
18939,functional
18268,functional
10621,functional
73674,functional
4441,non functional
30614,functional
63546,non functional
42579,functional
61274,functional
23337,functional
29064,non functional
49006,functional
1758,non functional
69468,non functional
33258,functional
3603,non functional
39685,functional
50203,functional
70119,non functional
3068,functional
16158,functional
71902,functional needs repair
48927,non functional
44461,functional
31578,non functional
33307,non functional
60903,non functional
18844,non functional
30661,functional
68648,functional
10990,functional
48226,non functional
46652,functional
68214,functional
3708,non functional
69434,non functional
7074,functional
48393,functional
34516,functional
12270,functional needs repair
58749,functional
14234,functional
70802,non functional
72184,functional
54571,functional needs repair
11479,functional
17383,non functional
36600,non functional
59109,functional
19234,non functional
37118,non functional
4445,functional
12362,functional
31691,non functional
15378,non functional
31341,non functional
40186,non functional
42277,non functional
12419,non functional
46948,non functional
47967,functional
71604,non functional
62132,functional
4465,non functional
45761,functional
30395,functional needs repair
62567,functional needs repair
3192,non functional
12560,functional
31482,functional
37525,non functional
61726,non functional
27200,functional
29468,functional
43538,non functional
31681,non functional
48318,functional
45582,non functional
15583,functional
73848,non functional
9928,non functional
15387,non functional
33881,non functional
45475,non functional
67986,functional
72911,functional
22813,functional
65002,functional
11811,functional
59218,functional
15,non functional
8334,non functional
55567,functional
69695,functional
23507,functional
61671,functional
70784,functional
24168,non functional
61246,functional
13962,functional
3587,non functional
2506,non functional
49148,functional
54211,non functional
58824,functional
37503,functional
72563,non functional
56262,functional
2487,functional
48722,functional needs repair
26992,non functional
39484,functional
52476,functional
2480,functional
70992,functional
29458,non functional
15269,non functional
38393,functional
28661,non functional
5355,non functional
15170,functional
45905,non functional
29573,functional needs repair
38621,non functional
10573,functional
24326,non functional
44413,functional
5233,functional
55950,non functional
16945,functional
23345,non functional
59420,functional
42980,functional
33964,functional
22437,functional
33619,non functional
56704,non functional
4471,functional
19413,non functional
4912,functional
42039,functional
9598,functional
66760,functional
47634,functional
63518,non functional
4408,functional needs repair
8092,functional
9940,non functional
11378,functional
74097,non functional
11610,functional
48264,functional
68751,non functional
18858,functional
50881,non functional
32020,functional
38381,functional
48666,functional
20388,non functional
19880,functional
52562,non functional
56196,functional
36849,functional
54343,functional
52708,functional
66118,functional
12588,non functional
15951,non functional
63338,functional
73927,functional
22304,functional
73670,functional
51586,non functional
33895,non functional
73462,functional needs repair
60939,functional
36453,non functional
72427,non functional
61646,non functional
6995,non functional
1316,functional
20415,functional
70949,functional
72050,functional
53580,non functional
51538,functional
27473,non functional
13874,functional
11053,functional
15471,non functional
18656,non functional
20218,functional
71097,non functional
4590,functional
20921,non functional
24558,non functional
32054,non functional
18426,non functional
32055,functional
14974,functional needs repair
29498,non functional
48117,non functional
53723,functional
26602,functional
41169,functional
35253,non functional
46904,functional
35338,functional
14482,functional
12093,non functional
62648,functional
61027,functional
52796,non functional
32595,functional needs repair
41049,functional
73305,functional
8084,functional
22621,functional
33235,non functional
36169,non functional
56178,functional
34290,non functional
67163,functional
32908,functional
35947,functional
13116,functional
41552,non functional
71893,non functional
69903,functional
1627,non functional
0,non functional
51983,non functional
7319,functional
67925,functional
69563,functional
48814,functional
47367,non functional
71672,non functional
63795,functional needs repair
61356,functional
30204,non functional
19857,functional needs repair
19950,non functional
50769,non functional
19914,functional
22000,functional
12767,functional
26082,non functional
10718,functional
68483,non functional
45707,functional
64450,functional
16238,functional
6661,non functional
9049,functional
9591,functional
25816,non functional
56117,functional needs repair
37424,functional
27052,non functional
36859,non functional
44578,non functional
18728,functional
18897,non functional
10186,functional needs repair
51413,non functional
20994,functional
13034,non functional
43588,non functional
25220,functional
5038,non functional
47900,functional
3672,non functional
19645,functional
66116,functional needs repair
41564,functional
26810,functional
58089,functional
51122,non functional
51665,non functional
31581,functional
7564,functional
26538,non functional
36405,functional
68593,non functional
32580,functional
53918,functional
73619,functional
17401,non functional
34416,functional
73277,functional needs repair
73816,functional
57189,functional
43823,functional
39197,non functional
7253,non functional
36909,functional
29359,non functional
54872,functional
55772,non functional
35775,functional
43828,functional
59083,functional
64868,non functional
19677,functional
30018,functional
17270,non functional
68877,non functional
15353,functional
3948,functional
41826,functional
40201,functional
19310,non functional
47628,non functional
28805,functional
11350,functional
60024,non functional
59215,non functional
23958,functional
14372,functional
60739,functional
43031,non functional
44639,functional
23845,functional
4198,non functional
39185,functional
32913,functional
22470,functional
31900,functional
10922,non functional
42894,non functional
69995,non functional
64101,functional needs repair
59531,functional
37713,functional
63952,functional
2660,functional
39162,non functional
55889,functional
48272,functional
53571,functional needs repair
63020,functional needs repair
51736,non functional
35913,functional
21323,functional
5400,non functional
66223,functional needs repair
51798,functional
35340,non functional
50853,non functional
23268,functional
50141,non functional
60895,non functional
13109,functional
20383,functional
59458,functional
35785,functional
13075,functional
23081,functional
17491,functional
63761,non functional
35011,functional
6753,functional
23195,non functional
19799,non functional
62673,non functional
39723,functional
12974,functional
54671,functional needs repair
32172,functional
21012,non functional
51760,functional
22977,functional
46350,functional
66519,functional
62818,functional
22466,functional
55579,functional
55496,non functional
13345,functional
10100,functional
39555,functional
67681,functional
46792,non functional
32000,functional
46373,non functional
26989,functional needs repair
46423,non functional
17948,functional
28585,non functional
67229,functional
2571,non functional
54101,functional
69790,non functional
18630,functional
33879,non functional
46216,functional
42563,non functional
32160,non functional
51509,functional
45812,non functional
13271,functional
53102,functional
13275,non functional
14819,non functional
65717,non functional
21358,functional needs repair
58455,functional
62582,non functional
11586,functional
37072,functional
26281,non functional
15099,non functional
32302,functional
69584,non functional
48085,non functional
49978,functional
8079,functional needs repair
59022,non functional
11805,functional
68473,functional
29510,functional
29561,functional
2881,functional
4898,functional
64660,non functional
22193,functional
33179,non functional
64018,non functional
11361,non functional
65759,functional
56062,functional
56193,non functional
43429,functional
73784,non functional
1924,non functional
35397,non functional
32155,non functional
67017,functional
215,non functional
16241,functional
22171,non functional
52594,non functional
11189,functional
2575,non functional
25695,functional
51365,functional
21660,functional
6854,non functional
62436,non functional
56515,functional
37177,functional
51491,functional
13081,functional
72703,functional
63508,non functional
63721,functional needs repair
38196,functional needs repair
35373,functional
72719,non functional
68570,non functional
32515,functional
38001,functional needs repair
32809,functional
15872,non functional
71137,functional
20071,functional
47598,non functional
3197,non functional
13630,functional
4473,functional
39719,functional
37011,non functional
32211,non functional
56645,functional
38400,functional
24075,functional
31424,non functional
18923,functional
3557,functional
73527,functional
53398,functional
35382,functional
9226,functional
27215,non functional
41966,functional
32216,functional
29414,functional
13800,non functional
21041,functional
60961,functional
45944,non functional
52124,functional
47725,functional
38390,functional
52519,non functional
57609,functional
70951,non functional
58509,non functional
74011,functional
59517,functional
52802,functional
44455,non functional
6366,functional
47076,non functional
3631,functional
6531,functional
28780,functional
62383,non functional
5983,non functional
50753,non functional
52801,functional
55022,functional
1347,non functional
36239,functional needs repair
69043,non functional
32236,functional
59883,non functional
70662,non functional
58836,functional
39988,functional
12854,non functional
2712,non functional
42451,functional
68115,non functional
17278,non functional
5920,functional
820,functional
6602,non functional
27906,non functional
17680,non functional
71405,non functional
71337,non functional
18849,non functional
6945,non functional
59972,non functional
15012,functional
12830,functional
61067,functional
36562,non functional
72655,functional needs repair
46894,non functional
3133,non functional
70333,non functional
70926,functional needs repair
50637,non functional
51512,functional
58505,functional
71474,non functional
54868,functional
69252,non functional
73099,non functional
64941,non functional
3889,non functional
66304,functional
11320,functional
38024,functional
52575,non functional
39693,functional
31868,functional
1132,non functional
21473,functional
27167,functional
20461,non functional
68106,non functional
20668,functional
29269,non functional
37158,functional
68871,functional
51517,functional needs repair
66082,functional
65219,functional
47252,non functional
2391,functional needs repair
31227,functional
43170,non functional
60974,functional
50269,functional
46336,non functional
3019,non functional
23615,non functional
63190,functional
42474,non functional
27740,functional
58180,functional
19747,non functional
67048,non functional
68586,non functional
67901,functional
24236,functional
26579,functional
60789,non functional
20808,functional
53157,functional
9868,non functional
70857,functional
56753,non functional
49902,functional
49126,non functional
12423,non functional
31798,functional
61201,non functional
21260,functional needs repair
54462,non functional
19146,functional needs repair
34797,functional
38569,functional
58607,functional
60423,non functional
43036,non functional
7053,non functional
46785,functional
19826,functional
23479,non functional
8247,non functional
7755,functional
31123,functional
37464,functional
44647,non functional
34021,functional
13156,non functional
13581,non functional
49212,functional
71810,non functional
54991,non functional
55133,functional
1083,non functional
42833,functional
48680,functional
64666,non functional
18619,functional
66003,functional
44782,functional
25599,functional
58497,non functional
4702,non functional
51836,non functional
43128,non functional
20477,functional
20823,non functional
26640,functional
65312,functional
5559,functional
14914,functional needs repair
42838,non functional
60085,non functional
38585,functional
71185,functional
683,non functional
15375,non functional
32713,functional
57740,functional
67625,functional
64181,functional needs repair
67447,functional
73320,non functional
18757,functional
20051,non functional
68644,functional
66207,functional
50625,functional
22093,functional
19845,functional
15552,non functional
68396,functional
41252,non functional
14263,functional
37212,functional needs repair
28688,functional
54544,non functional
44674,non functional
30120,functional
49066,functional
17151,functional
3468,non functional
19085,functional
59576,functional
13967,non functional
68719,non functional
43410,functional
49591,functional
46802,non functional
56037,non functional
19223,non functional
66995,non functional
15233,functional
54690,functional
422,functional
68546,functional
72348,functional
62003,non functional
12579,functional
57225,functional
67736,functional
29799,functional
12252,non functional
1268,functional
58171,functional
66749,functional needs repair
39625,functional
45080,functional needs repair
45363,functional
48231,functional
67836,functional
49833,functional
33014,functional
24292,non functional
70626,non functional
21710,functional
38546,functional needs repair
36478,non functional
3588,non functional
74150,functional
53746,functional
52193,functional
16224,functional
42291,non functional
40365,functional
36420,functional
28218,non functional
32783,non functional
33738,non functional
28026,non functional
29270,functional
9424,functional
34028,functional
63335,non functional
64756,non functional
65461,non functional
72831,functional needs repair
49650,non functional
13579,non functional
3423,non functional
61766,functional needs repair
64015,functional
58548,non functional
70977,functional
1548,non functional
15092,non functional
53789,functional
69057,non functional
1635,non functional
48129,functional
45743,functional
65950,non functional
40713,functional
33122,non functional
16938,non functional
38186,non functional
31573,non functional
65223,functional
11808,functional
37124,non functional
21858,functional
71752,functional
28883,functional
221,functional
12324,functional
33052,non functional
69989,functional
23265,functional
43907,functional
51460,non functional
68256,functional
40707,non functional
30262,non functional
47426,non functional
50352,functional
18520,functional needs repair
57194,non functional
15490,non functional
51319,non functional
43997,non functional
66326,functional
51329,non functional
70556,functional
5840,non functional
31217,functional
70507,non functional
65955,non functional
43899,functional
69682,functional
42956,functional
43176,functional
65971,functional
26246,non functional
6297,functional
32071,functional
38154,functional needs repair
30597,functional
20109,non functional
42425,functional
19889,functional
52816,functional
15051,functional
49425,functional
2864,non functional
21601,functional
13692,functional
3660,functional
16941,functional
19147,functional needs repair
5089,functional
35146,non functional
5220,functional
18504,non functional
61305,functional
21776,functional needs repair
1042,functional
52072,non functional
18035,non functional
34374,non functional
15756,functional needs repair
69487,non functional
36242,functional needs repair
15327,functional
32125,functional
14103,functional
57726,functional
39767,functional
25882,functional
71667,functional
692,functional
49778,functional
33506,functional
32342,functional
45397,non functional
12196,functional
65460,non functional
2040,functional
51621,functional
70741,non functional
5626,functional
56689,non functional
19649,non functional
24580,functional
52036,functional
27599,non functional
24748,functional
72525,functional
26079,functional
4423,functional
9170,non functional
62390,functional needs repair
48559,functional needs repair
14135,functional
46355,functional
66075,functional
16999,functional
45032,functional
61661,functional
68829,functional
67802,functional
31774,non functional
51313,functional
17810,non functional
56010,functional
26860,functional
16620,non functional
2772,non functional
34211,functional
39741,functional
29311,functional
20936,non functional
28640,functional
22414,functional
66033,functional
30610,non functional
59158,non functional
40048,functional
36867,functional
52195,functional needs repair
47950,functional
54978,functional
24068,functional
49522,functional
49090,functional needs repair
30896,non functional
3909,non functional
17871,functional
33678,non functional
45440,functional needs repair
34238,functional
69466,non functional
41719,functional
61266,functional
61909,non functional
4616,non functional
8552,functional
25037,non functional
20333,non functional
21286,functional
35082,functional
64144,functional
34498,non functional
22316,functional
63574,functional needs repair
42976,non functional
19702,non functional
34282,non functional
73266,non functional
37956,functional
47243,functional
62185,functional
37633,non functional
61668,functional
36201,functional
37445,functional
2145,functional
33154,functional
31420,non functional
19315,non functional
49735,functional
10370,non functional
50916,non functional
8893,functional
43082,non functional
46117,functional
62430,functional
14327,non functional
15414,non functional
58670,functional
64009,non functional
22725,non functional
10611,functional
22370,functional
48224,non functional
21225,non functional
19136,functional
53295,non functional
39548,non functional
65180,functional
31762,functional
62060,non functional
44159,functional
60609,functional
35757,functional
42436,non functional
21937,functional
40678,non functional
29481,functional
70984,non functional
31790,functional
16056,non functional
12787,functional
11007,functional
15900,functional needs repair
2044,non functional
27040,non functional
12115,functional
29725,functional
55109,functional needs repair
55435,functional
36683,functional
74103,functional
3799,non functional
70684,functional needs repair
63332,non functional
22226,functional
32420,non functional
41865,non functional
10140,functional
65891,non functional
49186,functional
40017,functional
26648,non functional
28319,functional
3765,functional
8363,non functional
51601,functional needs repair
54771,non functional
41351,functional
72616,non functional
22820,functional
35367,functional
28263,non functional
70008,functional
12652,non functional
15660,functional needs repair
59305,non functional
14356,functional
67301,functional
4783,non functional
50714,functional
18629,functional
3436,non functional
57349,functional
73078,non functional
38385,non functional
57218,non functional
5380,functional
55606,non functional
69124,functional
30387,functional
55535,non functional
71913,non functional
24801,non functional
63536,non functional
19550,functional
56804,functional needs repair
33974,functional
16344,functional
52133,non functional
70486,non functional
40831,functional needs repair
3844,non functional
29887,non functional
15823,functional needs repair
10305,functional
61710,functional
6641,functional
62214,functional
3739,functional
4789,functional
24339,non functional
66319,functional
16101,non functional
65626,non functional
31688,non functional
23025,functional
11781,functional
69999,functional
9146,functional
68736,functional
67833,non functional
44478,functional
32465,non functional
65055,non functional
2997,functional
47990,non functional
33664,functional
62391,functional
36966,non functional
67383,non functional
8057,functional
30728,functional
41915,functional needs repair
5260,functional
54387,non functional
49178,functional
18991,functional
4500,non functional
29678,functional
62519,non functional
42872,non functional
10454,functional
67848,non functional
8936,non functional
36395,functional needs repair
52855,functional
720,non functional
53700,non functional
339,functional
7657,non functional
8988,functional
8047,functional
11996,non functional
58079,functional
69286,functional
8878,functional
72635,non functional
7934,functional
15930,non functional
14026,functional
32722,non functional
29522,functional needs repair
73214,functional
66633,functional
32566,non functional
37811,functional
8594,functional
66137,non functional
41204,non functional
33287,functional
48345,non functional
47378,non functional
13314,functional needs repair
52273,non functional
59030,non functional
5176,functional
34170,non functional
53618,functional needs repair
44427,functional
31320,functional
8161,non functional
22405,functional
37140,functional
53025,non functional
23416,functional
48461,functional
67910,non functional
59167,functional
59862,functional
1093,non functional
28034,functional needs repair
58520,functional needs repair
33247,functional
8468,non functional
21028,functional
20589,non functional
34334,non functional
36154,non functional
60814,non functional
27794,functional
38294,functional
37415,functional needs repair
4668,non functional
39104,non functional
15027,non functional
62866,functional
62017,non functional
71835,functional
48395,non functional
25675,functional needs repair
52902,functional
3459,functional
39645,non functional
3685,functional
41617,non functional
58530,non functional
50707,functional
27988,functional
45349,non functional
20326,functional
37137,non functional
18819,functional
54057,functional
58498,functional
14462,non functional
18448,non functional
26447,functional
68085,functional
40556,non functional
42657,non functional
9052,functional
7916,functional needs repair
30292,functional needs repair
7267,functional
21827,functional
41284,functional needs repair
25605,functional
50536,functional
62631,functional
3598,functional
64857,non functional
69873,functional
12375,functional
35389,functional
25638,functional
43042,functional
65685,functional
16698,functional
58825,non functional
25196,non functional
57236,non functional
48327,functional
21720,functional
53356,functional
7164,functional
67457,functional
52107,functional
20833,functional
31994,functional
45110,non functional
1859,non functional
24471,functional
72954,functional
56247,non functional
3771,functional
45655,functional
51884,functional needs repair
10701,functional
27400,non functional
68232,functional
54514,functional
9511,functional
46605,functional
6253,functional
5593,functional
69003,functional
17120,functional
31541,non functional
56566,non functional
21349,functional needs repair
16654,non functional
70257,non functional
57480,functional
36202,non functional
62274,functional
31103,non functional
19717,functional
32100,functional
1294,functional
25317,functional
22235,functional
3143,non functional
73086,non functional
863,functional
6532,non functional
13007,functional needs repair
10099,non functional
27938,non functional
31730,functional
30678,functional needs repair
34767,functional
18633,functional
66623,non functional
6179,non functional
2080,functional
42659,non functional
3373,non functional
18238,functional
13144,non functional
64862,functional
11030,functional
60902,non functional
10230,functional needs repair
33242,functional
10474,functional
27374,non functional
39940,functional
22606,non functional
36412,functional
69685,non functional
61137,functional
67420,functional
31753,non functional
34683,functional
29581,functional
23073,functional
44547,functional
16732,non functional
29235,functional
44680,functional
74205,functional
11018,functional
42152,non functional
19494,functional
15970,functional
17750,non functional
37313,functional
26690,functional
27165,non functional
5013,non functional
38598,non functional
56316,non functional
3141,functional needs repair
10126,non functional
68876,functional
4188,functional
13065,functional needs repair
23047,non functional
11677,functional
49082,functional
42035,functional needs repair
33831,functional
14229,functional
16072,functional
43661,non functional
173,functional
13647,non functional
35441,functional
11083,non functional
61396,functional
34920,functional
3653,functional needs repair
51330,non functional
24283,functional
66891,functional
2471,non functional
2450,non functional
1185,functional
16623,non functional
18178,functional
42266,non functional
39806,functional needs repair
67252,non functional
29553,functional
16476,functional needs repair
48441,functional
41615,functional
16378,non functional
52692,non functional
12483,non functional
21960,functional
57404,non functional
50742,functional
10049,non functional
285,non functional
37867,non functional
60713,functional
51024,non functional
48800,functional
69575,functional
57221,functional
3578,non functional
14056,functional
45399,functional
40293,non functional
51377,non functional
37582,functional needs repair
14250,functional
12275,non functional
39089,functional
7376,functional
29903,non functional
27570,functional
14013,non functional
62233,functional
22913,non functional
40783,non functional
40410,functional
71967,functional
71317,non functional
14627,functional
47701,non functional
68443,functional
57719,non functional
70742,non functional
8211,functional
13745,non functional
1529,functional
14059,functional
25127,functional
1287,non functional
49154,functional needs repair
9753,functional
72489,functional
7129,non functional
67554,functional
34004,functional
13536,functional
55425,non functional
66643,functional
33328,functional
7724,functional
25214,functional
15065,non functional
3306,functional needs repair
72979,non functional
36385,functional
5715,non functional
48359,functional
64095,functional
73048,functional
15624,functional
62850,non functional
15448,functional
739,functional
49770,non functional
36034,functional
11750,functional
29582,functional needs repair
43539,functional
48357,functional
41504,non functional
72161,non functional
49127,functional
1234,non functional
72054,functional
30812,non functional
45529,functional
74112,non functional
50895,functional
49934,functional
37439,functional
6788,functional
73013,functional
68033,functional
11822,functional
55951,functional
59443,non functional
70136,non functional
26309,functional
66063,functional
63552,non functional
4450,functional needs repair
19373,non functional
42637,functional
9467,functional
4675,functional needs repair
4859,non functional
162,non functional
64258,functional
3681,functional
43321,non functional
42103,functional
11518,functional
69440,functional
879,non functional
52165,functional
68930,non functional
69380,functional
31721,functional
11593,functional
16415,non functional
69106,functional
20009,functional
21198,functional
22495,non functional
29399,functional
72933,non functional
58422,functional
58650,non functional
31532,non functional
27323,non functional
57492,functional needs repair
21302,functional
26068,non functional
65081,functional
47765,functional
41249,non functional
4231,functional
33529,functional needs repair
28359,non functional
10615,non functional
57021,functional
74135,non functional
65370,functional
67828,non functional
36942,non functional
31874,functional
1425,functional
45903,non functional
54071,functional
34093,non functional
8922,non functional
71380,functional
60832,functional
53454,non functional
44246,non functional
30124,non functional
67619,functional
47391,functional
24212,non functional
64896,functional
44467,functional
21549,functional
17824,functional
22862,non functional
55010,functional needs repair
41492,non functional
22138,functional
72977,functional
20325,non functional
69435,non functional
57873,non functional
68386,non functional
40775,functional
50585,functional
55137,non functional
2359,functional
19086,non functional
15507,non functional
2334,functional
30462,non functional
31717,non functional
28236,non functional
40639,functional needs repair
32258,functional
41117,non functional
28891,functional
70912,functional
65843,functional
23774,functional
62722,functional needs repair
64817,functional
71718,functional
38344,functional
35817,functional
1008,functional
60579,functional
67455,non functional
50454,functional
47382,functional
61272,functional
65895,non functional
70609,functional
53963,functional
38698,non functional
65387,non functional
16769,functional needs repair
15555,non functional
47127,functional
72944,functional
23224,non functional
59910,non functional
7800,non functional
44363,non functional
36986,functional
9949,functional
19887,functional needs repair
34151,non functional
9162,non functional
17624,functional
61751,functional
37946,non functional
62671,non functional
64244,functional
17397,functional
43627,functional
4633,functional
36975,functional
35237,functional
37513,functional
41324,non functional
67583,non functional
64931,functional
16265,functional
56016,non functional
34050,non functional
39799,functional
51248,functional
48787,functional
59399,functional
5799,functional
30847,non functional
37819,non functional
6191,functional needs repair
45367,non functional
43028,non functional
1404,non functional
20877,non functional
18996,non functional
68075,functional
11382,functional
37755,functional
31414,functional
63836,functional
19922,functional
46671,non functional
8518,functional needs repair
74174,functional
66355,non functional
19545,functional
53842,functional
25984,functional
35360,functional
40699,functional
72892,non functional
36277,non functional
65074,functional
43385,functional
54986,non functional
5251,functional
26629,functional
12499,functional needs repair
23803,functional needs repair
20717,non functional
60581,non functional
22847,non functional
51906,functional
62515,functional
72155,functional
16611,functional
8036,functional
72015,non functional
29455,non functional
37658,non functional
42403,non functional
53601,non functional
28458,functional
13066,non functional
30702,functional
46224,functional
58231,functional
45958,non functional
34935,functional
12128,non functional
9477,functional
16373,functional
62547,functional
61830,functional needs repair
5536,functional
20799,functional
2393,functional
56915,non functional
11298,functional
30856,non functional
59139,non functional
57746,functional
52061,functional
1650,non functional
56845,functional
10584,non functional
56905,functional
30095,non functional
6037,functional needs repair
45926,functional
34840,non functional
43630,functional
63883,functional
2785,functional
72527,functional
54640,functional
66543,functional
30431,non functional
17122,non functional
11780,functional
34812,functional
21046,non functional
59113,functional
53412,functional
7942,non functional
39587,non functional
55663,functional
20284,functional
54005,functional
53453,non functional
26409,non functional
71581,non functional
12149,functional
61015,non functional
68408,non functional
66771,non functional
49180,non functional
53200,functional needs repair
46847,functional
8689,functional
16811,functional needs repair
61078,non functional
25142,functional
50581,non functional
65803,non functional
68294,non functional
16389,non functional
58093,functional
19733,functional
52895,non functional
42699,functional
45508,functional
47255,functional
3366,functional
42885,functional
33705,non functional
61893,functional
3556,functional
19714,functional
6878,functional
69929,functional
38995,non functional
62964,functional
10365,non functional
61480,functional
724,non functional
8978,functional
15503,functional
21104,non functional
785,non functional
25414,functional
51017,functional
65718,functional
17092,functional
29610,non functional
56586,non functional
69258,functional
10744,non functional
50038,functional
8733,non functional
65246,functional
18546,functional
17294,functional
42613,functional
32036,functional
56449,non functional
35747,non functional
35426,functional
60621,functional
5834,non functional
42414,functional
1991,functional
36494,non functional
74192,non functional
57062,functional
18868,non functional
4049,functional
25581,functional
72684,functional
51334,functional needs repair
16050,non functional
52147,functional
9306,non functional
18877,functional
146,functional
23598,functional
37915,non functional
28228,functional
66045,non functional
59777,functional
30381,non functional
35667,non functional
34312,functional
67659,functional
65970,non functional
27073,non functional
72987,non functional
69507,non functional
10098,non functional
13500,non functional
13747,functional
70146,non functional
34247,non functional
17242,functional
26084,non functional
70932,functional
64728,functional needs repair
1953,non functional
66160,functional
44162,functional
45114,functional
10440,functional
70382,non functional
19084,non functional
814,non functional
21333,non functional
36647,functional
6616,functional
38656,non functional
2248,functional
8808,non functional
71999,functional
9655,functional
14804,functional
41283,functional
37193,non functional
20559,functional
64128,functional
6336,functional
52723,non functional
46398,non functional
64248,functional
8299,functional
30370,functional
16164,functional
32366,functional
70424,non functional
22776,functional
46344,non functional
51643,functional
9462,functional
21550,non functional
69088,functional
58115,non functional
66736,non functional
17774,non functional
56886,functional
53024,functional
37364,non functional
34253,functional
66987,non functional
50800,functional
3734,functional
16993,functional
71827,functional
15860,non functional
38496,functional
50361,functional
61955,functional
72672,non functional
68167,functional needs repair
60320,functional
50341,non functional
59659,non functional
34394,functional
1837,functional
21966,functional
34880,functional
19885,non functional
9035,functional
70606,functional
13635,non functional
70495,non functional
15290,functional
17059,functional
42950,functional
59086,functional
11051,non functional
38395,functional
28540,functional
66580,functional
19546,non functional
57307,functional needs repair
23790,functional
56266,non functional
67052,functional
45513,non functional
50401,functional
25733,functional
64983,non functional
58287,functional needs repair
47287,non functional
15974,non functional
12139,functional needs repair
73036,functional
39597,functional
49882,functional needs repair
61518,non functional
18772,functional
30926,functional needs repair
35684,non functional
38008,functional
25895,functional
18749,functional
70037,functional
6845,functional
19544,non functional
13493,non functional
7326,functional
46787,functional
1166,functional
20129,non functional
51982,non functional
39464,non functional
7885,functional
2733,non functional
64232,non functional
51923,non functional
57149,functional
2343,functional needs repair
11738,functional
35168,functional
4886,non functional
62263,non functional
31065,functional
18820,non functional
72611,non functional
36659,functional
32147,non functional
45664,functional needs repair
38813,functional
31682,functional
64682,functional
64684,non functional
39475,functional
58937,functional
36744,non functional
50053,non functional
8438,non functional
63819,non functional
52013,functional
25611,non functional
72079,non functional
16094,functional
45103,functional
73684,non functional
73693,non functional
48975,non functional
1453,functional needs repair
14453,functional
46744,functional
59412,functional
55872,non functional
29250,non functional
3944,non functional
45804,non functional
54106,functional
23541,non functional
23961,non functional
33262,non functional
7875,non functional
62526,non functional
17524,functional needs repair
19417,non functional
17359,functional
7461,functional
22244,non functional
53043,functional
12569,functional
63667,functional
61333,functional needs repair
23130,functional
65484,functional
42594,functional
69951,functional
55128,non functional
42063,non functional
52815,functional
47718,non functional
55646,non functional
25579,functional
65941,non functional
41657,functional
9440,functional
44248,non functional
14978,non functional
47998,non functional
30293,non functional
39100,functional
17068,functional needs repair
37500,functional
61835,functional
70853,non functional
56853,functional
62316,functional
9623,functional
45729,non functional
30411,functional
9691,functional
28005,non functional
71067,functional
59429,non functional
64110,functional
60493,non functional
5332,functional
51718,functional
35896,functional
26528,functional needs repair
46050,functional
31226,non functional
52173,non functional
54803,functional needs repair
7049,non functional
36978,functional
46964,non functional
73911,non functional
48715,functional needs repair
28488,functional
54948,functional
3301,non functional
55103,non functional
49490,functional
38195,non functional
27972,functional
15642,functional
18569,functional
7969,non functional
17259,functional
72686,non functional
67254,functional
27930,functional
47989,non functional
25128,non functional
44019,functional
40132,functional
71807,non functional
68202,functional
41272,functional
15055,non functional
43460,functional
39751,functional
3204,non functional
31346,non functional
58377,non functional
2101,functional
29144,functional
53786,functional
66589,functional
49249,non functional
62146,functional
53258,functional
7426,non functional
5615,functional needs repair
53117,non functional
68873,functional
38946,non functional
69028,non functional
18202,non functional
12442,non functional
9217,functional needs repair
14270,non functional
5315,functional
71465,functional
39699,functional
44788,functional
63035,non functional
30367,functional
42669,functional
6293,functional
7979,functional
65964,functional
23262,non functional
9659,functional
61785,non functional
28413,non functional
34877,functional
39075,functional needs repair
60304,functional
14690,non functional
58260,functional
27752,non functional
21336,functional
55478,functional
65045,functional
57846,functional
26838,functional
27789,functional
66333,non functional
57220,functional
1328,non functional
3287,non functional
31940,non functional
63070,functional needs repair
22995,functional needs repair
15273,functional
32541,non functional
10002,non functional
28812,non functional
33064,functional
27668,non functional
22569,functional needs repair
10908,functional
58272,functional
54958,functional
15348,functional
20779,functional
45485,functional
13284,functional
65512,non functional
22194,non functional
64818,functional needs repair
30484,functional
13366,functional
30160,functional
45808,functional
47567,functional
8791,functional
46257,functional
6254,non functional
37851,non functional
36584,functional needs repair
53621,non functional
63127,functional
48244,functional
50179,non functional
15258,functional
41899,functional
47736,functional
71188,non functional
71719,functional
30660,functional
36343,functional needs repair
48732,non functional
51837,functional
71609,non functional
20059,non functional
57729,functional
28472,non functional
34539,functional
51828,non functional
31882,functional
8103,non functional
36529,non functional
18158,non functional
10770,non functional
68941,functional
14420,functional needs repair
29596,non functional
26523,non functional
47122,functional
46568,non functional
58007,functional
500,functional
68074,non functional
53028,functional
49476,functional
3758,non functional
15182,non functional
14630,non functional
71075,non functional
35776,functional needs repair
22396,non functional
69678,functional needs repair
64224,non functional
30271,non functional
12597,functional
7874,non functional
66546,non functional
10549,non functional
1855,functional
42548,non functional
37676,functional
60196,functional
66199,functional needs repair
70472,non functional
67140,non functional
11617,non functional
46146,functional needs repair
8740,functional
28587,functional
57294,functional
12763,functional
47971,functional
6873,functional
39977,functional
5520,functional
68750,non functional
73235,functional
31533,functional
38732,non functional
11549,non functional
2261,non functional
19016,non functional
35370,non functional
63837,functional
55464,functional
25074,functional
93,functional
4908,functional
50852,functional
19633,non functional
64996,functional
50228,non functional
28622,functional
24585,non functional
39195,functional
42328,functional needs repair
3259,functional
30786,functional
20654,functional
25030,functional
20447,functional needs repair
37029,functional
3053,functional
2535,functional needs repair
45811,functional
36121,non functional
43689,non functional
48519,non functional
34298,functional
31670,functional
40809,non functional
73415,functional
23640,functional
25766,non functional
71834,functional
70900,functional
60433,functional
52182,functional
71660,non functional
35017,functional
56161,functional
12226,functional
18589,functional needs repair
22591,functional
73732,non functional
61273,functional
16944,non functional
55274,non functional
38628,non functional
46101,functional
7982,non functional
50965,functional
59819,functional
2494,functional needs repair
40943,functional
23190,functional
32557,non functional
9347,functional needs repair
25940,non functional
13791,functional
59869,functional needs repair
60290,functional
20393,functional
64023,non functional
22715,non functional
57664,functional
34901,functional
56224,non functional
12924,functional needs repair
20387,non functional
31465,non functional
13149,non functional
6579,functional
35809,non functional
28593,non functional
34903,functional
14375,functional needs repair
19792,non functional
29280,functional
35054,non functional
26735,functional
45876,functional
27867,functional
62507,functional
48616,functional
38731,functional
16824,non functional
55506,functional
58948,functional
15445,functional
58609,functional
43792,functional
24645,functional needs repair
43523,functional
22242,non functional
29255,functional
52385,functional
36712,functional
63910,non functional
68711,non functional
44906,functional
6394,non functional
61469,non functional
38983,functional needs repair
15977,functional
38875,non functional
23200,functional
59124,non functional
10293,non functional
62058,functional
67314,functional
35842,functional
50277,functional
71708,functional
74208,functional
66374,non functional
57815,functional
25867,non functional
55814,non functional
61433,non functional
70898,non functional
11774,functional
65917,functional
11318,functional
25641,non functional
2021,non functional
40028,non functional
30004,non functional
44965,functional
11554,functional
34119,functional
18986,functional
1598,functional
66981,functional
15805,functional
36391,non functional
46041,functional
26289,functional
31394,functional
2119,non functional
68609,functional
51347,non functional
28419,functional
18445,non functional
60145,functional
966,functional
13036,functional
69221,non functional
12999,non functional
7714,functional
62189,functional
30586,functional
10960,functional
52607,functional
33788,functional
41473,non functional
47203,functional
30332,functional needs repair
25423,non functional
24004,functional
42590,non functional
48438,non functional
3199,non functional
31214,non functional
61833,non functional
6114,functional
3274,functional
40864,non functional
37353,functional
40912,non functional
28106,functional
62402,functional
12971,functional needs repair
29044,non functional
28325,functional
61440,functional needs repair
67237,functional
21569,functional
50428,non functional
13629,functional
40666,non functional
69581,non functional
32953,non functional
64395,functional needs repair
1235,non functional
14101,non functional
62594,non functional
41425,non functional
24901,non functional
51279,non functional
13621,non functional
20803,functional
10849,functional
53854,functional
16983,non functional
60108,non functional
34894,functional
20680,non functional
33068,non functional
32315,functional
58997,functional
72491,functional
1654,non functional
15773,non functional
60576,functional
49094,functional needs repair
49000,non functional
47308,functional needs repair
11877,functional
29336,functional
48881,non functional
24184,functional
53928,functional
69457,functional
42437,functional
10327,functional
58371,functional
7729,functional
13360,non functional
20228,functional
47543,functional
47975,functional needs repair
56278,non functional
69723,functional
60826,non functional
54047,functional
25968,non functional
23886,non functional
11866,functional
10623,non functional
2189,functional
5550,functional needs repair
61014,functional
45189,functional needs repair
36681,non functional
42243,functional
38456,functional
46525,functional
1993,functional
8767,non functional
40310,functional
31203,functional needs repair
35279,non functional
12873,functional
8618,non functional
65208,functional
10403,functional
3939,functional
68136,non functional
25417,functional
15228,functional
39924,functional
54074,functional needs repair
69574,functional
19285,non functional
41017,functional needs repair
26599,functional
47514,non functional
59204,non functional
43330,functional
44794,functional
9152,functional
26679,functional
36449,functional
44139,non functional
66044,functional needs repair
63590,functional
28531,non functional
56736,non functional
31152,functional
73241,non functional
47365,functional
41774,non functional
44338,functional
53223,functional
51402,functional
28450,functional
17821,non functional
44342,functional
44741,functional
59362,functional
64787,functional
63105,functional
37934,functional
54995,functional
51785,non functional
25385,functional
4090,functional needs repair
11429,non functional
3111,functional
15556,functional
25113,non functional
19237,non functional
71584,non functional
27552,functional
55921,functional
57782,functional
41973,non functional
416,functional
65049,functional
67628,functional needs repair
51371,non functional
13674,functional needs repair
34189,functional
61879,functional
696,functional
58646,functional
106,functional
44949,non functional
3461,functional
7327,functional
56148,functional
71168,non functional
38554,functional
38055,functional
65025,non functional
42353,functional
31193,non functional
37253,non functional
70220,functional
13619,functional
2025,non functional
11604,non functional
1766,functional
37882,non functional
64273,non functional
41257,non functional
59585,functional
66709,non functional
63753,functional
18672,functional
52024,non functional
38480,functional
43009,functional
19873,functional
68524,non functional
4327,functional
45652,non functional
47504,non functional
61962,functional
64061,functional
40537,non functional
7454,functional
9060,functional
59121,non functional
12540,functional
51698,functional
32917,functional
27664,functional
58684,functional
46192,functional
33266,non functional
29575,non functional
29646,functional
24993,non functional
10256,functional
6134,non functional
41427,functional
51057,functional
37006,non functional
43844,non functional
13754,functional
16689,functional
70694,functional
3544,functional
64337,non functional
24792,non functional
38365,non functional
24989,non functional
12906,functional
27051,functional
46768,non functional
44898,functional
34462,non functional
23652,functional
65974,functional
33857,functional
2950,functional
54593,non functional
40657,functional
27063,non functional
54255,functional
18017,non functional
32523,non functional
44833,functional
70277,functional
13444,functional
54449,functional
11579,non functional
47953,functional
47747,functional needs repair
46832,functional
14811,non functional
49681,functional needs repair
61521,functional
43892,functional
36020,functional
31364,non functional
28453,functional
54112,functional
10965,functional
5452,functional needs repair
34224,non functional
62022,non functional
70574,non functional
2492,non functional
40003,functional
50665,functional
31928,functional
33785,functional
34261,functional
55126,functional
16300,non functional
69224,functional
54086,functional needs repair
21095,non functional
72738,functional
9744,non functional
11195,functional
5735,functional
13280,functional
54178,non functional
67562,functional
42343,functional
57464,functional
72924,functional
7294,functional
53441,non functional
47145,functional
72403,functional
48060,functional
44276,non functional
11010,functional
43288,functional
26249,functional
51196,non functional
10717,functional
69259,functional
38266,functional
60239,functional
41505,functional
3921,functional
1488,functional
58632,functional
54002,functional
39535,functional
69568,functional
12244,non functional
58709,non functional
39961,functional
22863,functional
26789,functional needs repair
39592,non functional
72826,functional
7658,functional
69528,functional
11251,non functional
3551,functional needs repair
47467,functional
49172,non functional
43270,functional
6639,non functional
46024,functional
69936,functional
22471,non functional
52190,non functional
17450,functional needs repair
53609,non functional
29542,functional
69758,non functional
65457,non functional
22816,functional
54656,functional
22465,functional needs repair
67982,functional
26991,functional
12850,functional
34633,functional
2669,non functional
56847,non functional
12918,functional
10491,non functional
40962,functional
10747,functional needs repair
46438,functional
58479,non functional
9500,non functional
13532,functional needs repair
70484,non functional
10596,functional
50606,non functional
58131,functional
5534,non functional
74115,non functional
55227,functional
11714,non functional
13987,non functional
17722,non functional
62849,functional
13989,functional
60192,non functional
24240,functional
1392,non functional
21808,functional needs repair
52065,non functional
12250,non functional
62825,functional
60992,functional
3250,non functional
26,functional
37772,functional
45044,functional
23033,functional
46998,functional
20996,functional
20834,functional
73130,functional needs repair
16291,non functional
47444,non functional
43886,non functional
49641,functional
18334,non functional
39500,non functional
43783,functional
43976,non functional
42052,non functional
32570,functional
54836,functional
5146,non functional
5106,non functional
33848,functional needs repair
66996,functional
41373,non functional
62592,non functional
10000,non functional
4829,non functional
51711,non functional
67217,functional
60191,functional
45105,functional
20231,functional
59100,functional
1330,functional
19662,functional
39373,functional
63550,non functional
30067,non functional
57969,non functional
51610,non functional
22528,non functional
68279,non functional
57051,functional
7930,non functional
52764,non functional
11015,non functional
21984,non functional
40613,non functional
70376,non functional
9685,functional
57599,non functional
17492,functional needs repair
41557,functional
15357,functional
60398,non functional
15907,functional
47590,functional
54256,non functional
33110,functional
68023,functional
10991,non functional
4479,functional
2148,functional
3549,non functional
45042,functional
8525,functional
4296,functional
10101,functional
31797,functional
16971,functional needs repair
11255,functional
7131,non functional
49107,functional
50273,non functional
17381,functional
56447,functional
42558,non functional
66129,non functional
11958,non functional
32430,non functional
16301,functional
39994,functional
13463,functional
2395,functional
34502,non functional
70566,functional
68813,functional
4194,functional
35384,functional
1790,non functional
52033,non functional
21,non functional
35727,functional
40336,functional
62776,functional
32373,non functional
49633,functional needs repair
61316,non functional
2078,functional
38369,functional
14941,functional
20206,functional
55966,non functional
15397,non functional
50012,functional
2029,non functional
42163,non functional
7095,functional
22149,functional
71118,functional
9309,non functional
29499,functional
48302,non functional
63606,non functional
5292,functional
38135,non functional
43668,non functional
45451,functional
31650,functional
28255,functional
26043,functional
34936,functional
72205,non functional
24395,non functional
15476,functional
5115,functional
46976,functional
70508,non functional
45181,non functional
49422,functional
67197,functional
50541,functional needs repair
24766,functional
53732,non functional
25663,non functional
31714,functional needs repair
23086,non functional
40665,functional
701,non functional
30092,functional
17069,non functional
56001,functional
69051,functional
9053,functional
21014,functional
67639,functional needs repair
53482,functional
58580,functional
35759,non functional
11388,functional
31548,functional
1711,functional
16855,functional
20423,non functional
34934,functional needs repair
52492,functional needs repair
20163,functional needs repair
26512,functional needs repair
70411,non functional
44357,non functional
1672,non functional
43233,functional
24926,functional
36670,functional
72201,functional needs repair
53400,non functional
2284,functional needs repair
49355,non functional
71648,non functional
70221,non functional
14987,functional
34475,functional
54323,functional
42990,non functional
66323,functional needs repair
32378,functional
72935,non functional
22280,non functional
71553,functional
67322,non functional
42869,non functional
2297,functional
38009,functional
44098,non functional
34057,non functional
32329,functional
53920,non functional
11716,non functional
52307,functional needs repair
19318,functional
4200,functional
2500,functional
30912,non functional
20684,functional
8582,functional
63609,functional
22139,functional needs repair
13234,functional
46488,functional
6936,functional
71573,functional
66299,functional
1033,functional
46911,non functional
10779,functional needs repair
59211,functional
27404,non functional
73591,non functional
17706,functional
4780,functional
5248,non functional
46421,functional needs repair
41772,functional
7895,non functional
28088,functional
28193,functional
26976,non functional
1685,non functional
66035,non functional
67209,functional
68947,non functional
51046,functional
59120,functional needs repair
70658,functional
35585,functional
49894,non functional
26287,non functional
70141,functional needs repair
63583,functional needs repair
44399,non functional
15009,functional
15759,functional
15803,functional
40257,functional
51989,functional
41751,functional
34270,non functional
32863,non functional
11279,functional
9001,non functional
14504,functional
33849,functional
44220,functional
56138,non functional
15807,non functional
8435,non functional
45947,functional
11339,functional
4161,non functional
52067,non functional
1643,functional
32292,non functional
31461,non functional
55827,functional
29231,functional
74185,non functional
47792,functional
72029,non functional
21022,functional
8087,functional needs repair
11295,functional
70815,functional
28802,functional
41446,functional
17467,functional
56879,functional
42180,functional
59985,non functional
218,functional
68626,functional
62588,non functional
7116,functional
39238,non functional
1882,functional
68156,functional
45141,functional
64325,functional
4133,non functional
10013,functional
16073,functional
67216,non functional
11202,functional
55030,non functional
2890,functional
21639,functional
67576,functional
35702,functional
22077,functional needs repair
45400,non functional
33097,functional
59863,functional
37399,functional
50683,non functional
54164,functional
48388,functional
66985,non functional
6401,functional
4714,functional
71821,functional
19121,non functional
70832,non functional
1428,functional
25431,functional
29169,non functional
40841,non functional
40913,functional
10212,functional
53518,non functional
19312,functional
25915,functional
25880,non functional
7708,non functional
58574,functional
53122,functional
20898,non functional
29133,non functional
62275,non functional
14001,functional
72442,non functional
40112,non functional
32602,non functional
11545,non functional
64241,functional
19006,functional
30111,functional
7173,functional needs repair
55585,non functional
58951,non functional
8422,non functional
36807,functional
33041,non functional
27218,functional
64981,functional
18117,non functional
59613,functional
10342,functional
71000,non functional
48709,non functional
13736,functional
47303,functional
48107,functional
44917,non functional
56740,functional
72552,non functional
44160,functional
32897,functional
20481,non functional
27255,non functional
9718,non functional
53195,functional
21117,functional
10923,non functional
30978,functional
39867,functional
17210,functional
32674,non functional
23635,functional
45758,functional
24613,functional
22210,non functional
1385,non functional
59904,functional
35630,non functional
6525,functional
14872,functional
24264,non functional
7707,non functional
49001,non functional
68187,functional
41042,functional needs repair
51726,functional
24158,non functional
46083,functional needs repair
38011,non functional
62067,non functional
20331,functional
57650,non functional
49513,non functional
15052,functional
35951,functional
17671,functional
45328,functional
3674,functional
22671,non functional
44681,functional
37412,non functional
24653,non functional
58975,functional needs repair
53578,functional
5234,non functional
20329,functional
34350,non functional
3092,functional
67316,non functional
8677,functional needs repair
54237,functional
28865,functional
38482,functional
53836,functional
69524,functional
27499,non functional
8554,functional
68875,functional
3383,functional
69012,functional
690,functional needs repair
14767,functional
43555,non functional
30579,functional
62486,non functional
10632,non functional
23819,non functional
62457,non functional
12548,functional needs repair
45710,non functional
5263,non functional
14675,functional
24157,non functional
70579,functional
35286,functional
70181,functional
16506,functional
46510,non functional
39251,non functional
41411,functional needs repair
27204,functional needs repair
32932,functional
49632,functional
50345,non functional
71213,non functional
8290,non functional
22101,non functional
52329,functional
21911,non functional
55251,functional
4424,non functional
23738,non functional
72639,non functional
35997,non functional
44283,non functional
8270,functional
20733,functional needs repair
73595,functional
36109,functional
61795,functional
71554,non functional
25249,functional
58954,non functional
15557,functional
28631,non functional
38777,functional
42707,functional
67116,functional
7558,functional
29036,non functional
49217,non functional
52319,non functional
3577,functional
23735,functional
8426,functional needs repair
551,functional needs repair
19692,non functional
34856,functional
22987,functional
19274,functional
1057,functional
199,functional
70490,functional needs repair
17237,functional needs repair
4199,functional
24193,non functional
47214,functional needs repair
51100,non functional
16721,non functional
4807,functional
16632,functional
9755,non functional
73985,functional needs repair
35260,functional
44073,non functional
9729,functional needs repair
17754,non functional
18228,non functional
44580,functional
72544,non functional
25299,functional
55677,functional
49981,functional
60231,functional
39810,functional
11122,non functional
4318,functional
25202,functional
36665,non functional
52812,non functional
69186,functional
5467,non functional
9897,functional
68754,non functional
45237,functional
21403,functional
23321,functional
27602,non functional
57620,functional
55828,functional
25598,non functional
40011,non functional
58536,functional
51013,functional
7284,non functional
42280,non functional
70777,functional
41616,functional
46612,functional
51407,functional
25501,non functional
7758,functional needs repair
43593,functional
36535,functional
55718,functional
33456,functional
15911,functional needs repair
52619,functional
45447,non functional
13746,non functional
15516,functional
27093,non functional
26833,functional
52488,functional
46885,non functional
32303,functional
21904,non functional
56832,functional
5600,functional
19461,non functional
66463,non functional
48837,non functional
27316,functional
48355,non functional
15308,functional
14847,non functional
71972,functional
19023,functional
19010,non functional
54062,functional
61330,functional
59342,functional
62256,functional
3585,non functional
45990,functional
924,non functional
8496,functional
56225,functional
72259,functional
13478,functional
12303,non functional
63,non functional
11724,non functional
11315,functional
19041,functional
70124,functional
63490,functional
63267,functional
40718,functional
37321,non functional
50820,functional
15968,non functional
38713,functional
25616,functional
4839,functional
6548,functional needs repair
69129,functional
56795,non functional
16016,functional
40281,non functional
29436,functional
46807,functional
2663,non functional
16787,non functional
1055,functional needs repair
74022,functional
47680,functional needs repair
12446,functional
38246,non functional
57024,functional needs repair
41531,functional
71502,non functional
51056,functional
27644,non functional
28208,functional
23908,functional
43125,functional
28475,functional
34112,non functional
60553,functional
47296,functional
20956,functional
36972,functional
62327,non functional
29195,non functional
44763,functional
19332,functional
10675,functional
12240,functional
71287,functional needs repair
14593,non functional
14754,non functional
72706,functional
27847,functional needs repair
44747,non functional
37163,functional
62164,functional
40625,non functional
68442,functional
58201,non functional
73830,non functional
15792,functional
15626,non functional
17482,non functional
61102,functional
19143,functional
53721,functional needs repair
31750,non functional
18664,non functional
8655,non functional
19046,functional needs repair
59980,functional
74051,non functional
21738,non functional
26799,non functional
8579,functional
40142,functional
47928,functional
71638,functional
33862,functional
27806,non functional
46571,functional
203,non functional
7096,non functional
12345,functional needs repair
51438,functional
28289,functional needs repair
44807,functional
9141,functional
63975,functional
16653,non functional
7478,functional
1349,functional
33072,functional needs repair
3142,functional
7480,functional
7219,functional
27572,functional
17894,functional
6272,functional
12608,non functional
57090,non functional
57603,non functional
26723,non functional
11943,functional
15033,functional
70180,functional
45407,functional
71894,non functional
39226,non functional
57384,functional
25146,functional
48933,non functional
4059,non functional
52644,non functional
575,functional
72771,non functional
71404,non functional
15736,functional
30872,functional
10046,non functional
42489,functional
27590,functional
54757,non functional
46364,functional
27910,functional
9766,functional needs repair
58052,functional
69649,functional
33233,functional
6298,functional
57450,functional
46279,functional
17761,functional
275,non functional
4323,non functional
37551,functional
1692,non functional
62941,functional
39078,non functional
64057,non functional
47547,non functional
71457,non functional
56561,functional
41725,non functional
19527,functional
57122,non functional
14227,functional
72842,functional
39752,functional
45847,non functional
34145,functional
67766,non functional
31184,functional
71120,functional
73852,functional needs repair
20926,non functional
12945,non functional
41750,non functional
31024,functional needs repair
73146,functional
18085,functional
23048,functional needs repair
55605,non functional
18883,functional
3242,functional
2736,non functional
14444,functional
35485,non functional
4226,functional
72412,functional
55324,non functional
35092,functional
28420,non functional
20286,functional
17009,functional
32362,functional
28328,non functional
43509,functional
147,non functional
69557,non functional
41265,functional needs repair
19323,functional needs repair
36319,functional
35772,functional
59409,non functional
60930,functional
69448,non functional
66508,non functional
27657,functional
8336,functional needs repair
34939,functional
54072,functional
512,functional needs repair
3078,functional needs repair
3039,non functional
36188,functional
14942,non functional
72230,non functional
44114,functional needs repair
32354,functional
69520,functional
35887,non functional
50372,non functional
28728,functional
5666,non functional
21677,non functional
32321,functional
12260,functional
55122,functional
51913,non functional
31092,functional
32011,functional
17917,functional needs repair
52800,functional
6033,non functional
71187,functional
71069,non functional
29328,functional
42484,functional
748,functional
39044,functional needs repair
66481,non functional
18592,non functional
28966,non functional
27223,functional
22904,functional
12367,non functional
34999,functional
47527,functional
60994,non functional
56417,functional
65313,non functional
20981,functional needs repair
44311,non functional
56102,functional needs repair
37602,functional needs repair
70895,non functional
46377,non functional
20669,non functional
43760,functional
45693,non functional
66159,functional
49032,functional
39126,functional needs repair
37287,functional
51070,functional
20670,functional
51947,functional
26135,non functional
41123,functional
67988,functional
73399,functional needs repair
3055,non functional
57227,non functional
17968,functional
52491,non functional
5193,non functional
58679,functional
73185,non functional
38402,non functional
56399,functional
65563,functional needs repair
20875,non functional
254,functional
28016,functional
59779,functional
19981,functional
30952,functional
34603,functional
45180,functional
70527,functional
72189,functional
68887,functional needs repair
24555,non functional
10534,functional
52410,functional
32384,non functional
38230,functional
54911,functional needs repair
26873,functional
4828,functional
4679,functional
66356,functional needs repair
13523,functional
44861,functional
45961,non functional
41878,functional
6967,non functional
54643,functional
36955,functional
46218,non functional
72096,non functional
50921,functional
39123,non functional
49969,functional
70870,functional
16814,functional
42221,functional
17292,functional
49002,functional
69455,functional
23458,non functional
53835,functional needs repair
20949,functional
50577,non functional
48937,functional
23104,functional
53085,functional
18186,functional
25523,functional
56460,functional
62203,non functional
61802,functional
39156,functional
41348,non functional
21528,functional needs repair
57819,functional
61803,functional
68053,non functional
67827,non functional
60295,functional
18241,functional
21364,functional
66208,functional
33826,functional
62108,functional
38622,functional
28168,functional
50995,functional
18038,functional
16292,non functional
42400,functional
43617,functional
65587,non functional
47962,functional
24749,non functional
61436,non functional
21115,non functional
52943,functional needs repair
41545,functional
74151,functional
12425,non functional
5856,non functional
70451,non functional
12982,functional
71209,functional needs repair
66522,non functional
20891,functional
47497,functional
58350,functional
13591,non functional
8288,non functional
9319,functional
67317,functional
55935,non functional
63179,functional
18723,non functional
4242,functional
15177,functional needs repair
40881,non functional
48542,non functional
67353,functional
28920,non functional
46684,non functional
62425,non functional
27742,functional
18054,functional
3756,functional needs repair
24621,functional
67740,non functional
1578,non functional
67776,non functional
7867,functional
14688,non functional
310,non functional
8717,functional needs repair
11915,non functional
70260,functional
28686,functional
14396,functional
54083,functional
14344,functional
6255,functional
58217,functional
42171,functional
54732,functional
31844,non functional
757,non functional
44704,non functional
53818,functional
869,functional needs repair
14948,functional
1227,non functional
41857,functional
1778,functional
12724,functional
44297,functional
44034,functional
16618,non functional
68445,functional
60462,non functional
28091,non functional
40761,functional
24846,functional needs repair
10170,functional
15014,functional
27279,non functional
31147,functional
5966,functional
32748,non functional
14532,non functional
29704,functional
45078,functional
2683,functional
58172,non functional
20947,functional
18731,functional
69643,non functional
37920,functional
27613,functional
51777,functional
14789,non functional
52992,functional
34719,functional needs repair
24061,functional
24403,non functional
13126,non functional
8757,functional
63723,non functional
37115,non functional
3480,non functional
40816,functional
59492,functional needs repair
7711,functional
73939,functional
7521,non functional
9525,non functional
50313,non functional
72451,non functional
5412,non functional
42603,functional needs repair
2830,functional needs repair
8146,non functional
571,functional
10511,functional
13598,non functional
35845,non functional
27033,functional
47934,non functional
55311,functional
66952,non functional
33782,functional
66482,functional
17325,functional needs repair
25927,non functional
73072,functional
69634,functional
29254,functional
44672,functional needs repair
54204,functional
63660,non functional
68620,functional
63119,non functional
44596,functional
53422,functional
47445,non functional
70453,functional
25447,non functional
70233,non functional
12668,functional
69417,non functional
56900,functional
49365,functional needs repair
65678,non functional
55880,functional
30790,non functional
43277,non functional
931,functional
18022,functional
52070,non functional
8658,non functional
8769,non functional
64748,functional
16947,functional
15463,functional
69331,functional
36776,non functional
45941,functional
21230,non functional
14981,non functional
23118,functional
67996,non functional
24867,functional
60889,functional
27233,functional
61390,functional
42858,non functional
15691,non functional
15682,functional
24166,non functional
61412,non functional
46753,functional
57467,non functional
631,functional
12555,functional
61151,non functional
54318,functional needs repair
28684,non functional
9110,non functional
7858,non functional
51379,non functional
7772,functional
63144,functional
61452,functional
20247,functional
13524,non functional
61975,non functional
52435,non functional
2871,functional needs repair
69964,non functional
198,non functional
66308,functional
18125,functional
16600,functional
25011,functional
48710,functional needs repair
73257,non functional
47015,functional
33123,functional
30898,functional
57593,functional
4787,functional
34900,non functional
14951,functional needs repair
49973,non functional
25799,non functional
32511,functional needs repair
32628,non functional
25098,non functional
24726,functional
59821,non functional
68151,functional
63126,non functional
10421,non functional
64089,non functional
61010,functional
44349,functional
8348,functional
57885,functional
33282,non functional
34637,functional
9875,functional
46970,functional
49914,functional
47061,non functional
40670,non functional
8734,functional
70917,functional
37821,functional needs repair
60780,non functional
47697,non functional
20849,non functional
7069,non functional
5107,functional
47300,functional
20005,functional
72461,non functional
23777,functional
32097,functional needs repair
42946,non functional
43491,non functional
53008,functional
41092,functional needs repair
27722,functional
72076,non functional
65256,non functional
49855,functional
67537,functional
9378,functional
21151,functional
31179,non functional
40234,functional
29567,functional
64997,non functional
4270,functional
71422,functional
23376,functional
43253,non functional
836,functional
25144,non functional
49964,non functional
3334,non functional
22976,non functional
43343,functional
49008,functional
65842,non functional
42241,functional
12877,functional
71702,functional
49138,functional
22521,functional
35988,functional
1217,functional
44928,functional
16431,functional
5898,functional
46441,non functional
16690,functional
28759,functional
33120,functional
16933,functional needs repair
70454,functional
19681,functional
46288,functional
70638,functional
35268,functional needs repair
60236,non functional
61979,functional
62292,non functional
4523,functional
55403,non functional
6422,functional
7002,non functional
67370,functional needs repair
2197,non functional
72558,non functional
46424,functional
20932,non functional
4287,functional
14634,functional
52463,non functional
25561,functional
31084,functional
33025,non functional
4355,non functional
19921,functional
17811,functional
70093,non functional
55184,non functional
60385,functional
66737,non functional
51874,functional
57288,non functional
55732,non functional
12130,functional
23950,functional
32813,non functional
52287,functional
39943,non functional
797,functional
18285,functional
1490,functional
55452,functional
1487,functional
1634,non functional
44143,non functional
24468,non functional
3961,non functional
4880,non functional
17576,functional
48851,non functional
43578,non functional
2586,non functional
70145,functional
29783,non functional
14699,non functional
19093,functional
47982,non functional
62731,non functional
30487,functional
16407,non functional
46334,functional needs repair
61961,non functional
55562,non functional
33459,functional
67700,non functional
59311,functional
52344,non functional
63821,non functional
57291,functional
16464,functional
59173,non functional
73423,non functional
57158,non functional
45334,functional
26968,functional
14623,functional
15979,functional
33986,functional
46444,non functional
27433,non functional
35779,functional
17300,functional
68091,functional needs repair
11683,functional
71049,non functional
69920,functional needs repair
58031,functional
53225,functional
14933,functional
12981,non functional
44638,functional
11575,functional
63638,functional needs repair
23624,non functional
23287,non functional
46222,functional needs repair
50864,non functional
52754,functional
46581,functional
69199,non functional
51454,functional
50049,functional
64581,functional
32806,functional
57247,non functional
53507,functional
10395,non functional
14984,functional
6858,functional needs repair
35655,functional
57523,functional needs repair
2098,non functional
68376,functional
2483,non functional
34406,non functional
11342,non functional
52676,functional
19723,functional
59719,functional
69266,non functional
46681,non functional
7678,functional
39998,non functional
61512,non functional
6180,functional
46578,functional
48036,functional
60971,functional needs repair
9340,non functional
58934,non functional
53926,non functional
8433,functional
27876,functional
103,functional
62869,functional
66943,functional
32410,functional
74055,functional needs repair
42179,functional needs repair
12879,functional
63281,non functional
65544,functional
70979,functional
60218,non functional
10559,functional
61708,non functional
8741,functional
53087,non functional
30084,functional
50571,non functional
13099,functional
53629,non functional
52960,non functional
4153,non functional
5307,functional
30690,functional needs repair
71285,functional
62877,non functional
3904,non functional
73739,non functional
37203,non functional
34254,non functional
63464,non functional
47270,functional
69983,non functional
30808,non functional
22726,functional
5657,functional
28369,functional needs repair
54786,functional
5228,non functional
46162,functional
64535,functional
56017,non functional
68958,non functional
29379,non functional
10206,functional
2973,functional
34125,functional
6066,functional
29527,functional
65979,functional
38859,functional
53880,functional
49690,non functional
71292,non functional
19409,functional
40235,non functional
44435,non functional
63109,functional
41476,functional
62081,non functional
66687,functional
73860,non functional
44762,functional
68724,non functional
63914,functional needs repair
26277,non functional
40632,non functional
69017,non functional
71186,functional
20413,non functional
13683,functional
34362,functional
71355,non functional
48061,non functional
7405,functional
14233,non functional
37363,functional
41994,functional
24708,functional
49612,non functional
32568,functional
63089,functional needs repair
59636,functional
72787,functional
4834,non functional
52530,non functional
27195,functional
21008,functional
31839,non functional
15383,functional needs repair
23264,functional
56769,non functional
51873,functional
45358,functional
39545,functional
63268,functional
29570,functional
35319,non functional
17947,functional
39401,functional
55197,functional needs repair
15066,non functional
2764,non functional
19628,functional
56714,non functional
66434,functional
74081,functional
55820,functional
63472,non functional
36071,functional needs repair
69299,functional
73272,functional
60648,functional
42088,non functional
35132,functional
23018,non functional
69117,functional
39012,non functional
17352,functional
52099,functional
24699,non functional
39167,functional
53511,non functional
38280,functional
72278,functional
47655,non functional
64485,functional
22086,functional needs repair
32606,functional needs repair
73969,functional
47666,functional
5670,non functional
33381,non functional
21380,functional
49544,non functional
16296,functional
15515,functional needs repair
6765,non functional
34664,functional
63589,functional
72371,functional
49150,functional
12756,functional
45346,non functional
20530,non functional
65815,functional
6910,non functional
30488,functional
27158,non functional
31342,functional
23442,functional
59081,functional
56903,functional
22639,functional
7479,non functional
23910,functional
41737,non functional
3514,functional
8916,non functional
37899,non functional
33524,functional
48976,functional
70682,non functional
52148,functional
17731,non functional
43341,non functional
38587,functional
53660,functional
24541,functional
36350,functional
49881,non functional
40760,non functional
5436,functional needs repair
1715,functional needs repair
57547,non functional
7909,non functional
18727,non functional
52459,functional
70909,non functional
12832,non functional
12347,non functional
37346,functional
38775,functional
34615,functional
50752,functional
3859,functional
23216,non functional
70570,functional
38265,functional
9861,non functional
56050,functional
38571,functional
60907,non functional
67400,functional
35192,functional
11633,functional
2759,non functional
72191,non functional
22841,non functional
64267,functional
6786,non functional
73236,functional
23895,functional
19982,functional
40290,functional
3206,non functional
19543,non functional
11949,non functional
65033,non functional
24923,non functional
39665,functional
23574,functional
70383,functional
48365,non functional
29716,functional
53435,non functional
39883,functional
49303,non functional
68197,functional
57438,functional
63724,functional
70520,non functional
4597,non functional
8772,functional needs repair
47717,functional
64348,non functional
74110,non functional
66559,functional
10817,functional
60828,functional
67522,functional needs repair
43097,functional
52790,non functional
49372,functional needs repair
40277,non functional
29566,functional
49749,non functional
32049,non functional
29426,functional needs repair
27907,non functional
38668,functional
26806,functional
23205,non functional
47304,non functional
49415,non functional
22527,functional
33078,non functional
55107,non functional
15824,non functional
36780,non functional
1374,functional
11966,non functional
36751,functional
17070,functional
45577,non functional
33049,functional
48206,non functional
36324,functional
48045,functional
39845,functional
28848,non functional
33260,functional
50413,functional
44498,functional
9124,functional
69857,non functional
27406,non functional
13731,functional
63925,non functional
65798,functional
26531,functional
35807,functional
33312,non functional
42759,non functional
4595,functional
88,functional needs repair
26238,functional
5508,non functional
60420,functional
55350,functional
55754,non functional
60730,functional
45071,functional
39107,functional
10104,non functional
12332,functional
67192,non functional
60537,non functional
72267,functional
45312,non functional
70994,functional needs repair
53998,non functional
33650,functional
17809,non functional
41414,non functional
54105,non functional
52826,functional
39804,functional
1381,non functional
48174,functional
1954,functional
52458,non functional
65976,functional
57735,functional
71851,functional
53944,non functional
1495,functional
45265,functional
69740,functional
41140,functional
11629,functional
62626,non functional
72869,functional
47360,functional
63919,non functional
42646,functional
65225,functional
61998,functional
13652,non functional
28112,functional
55446,non functional
69388,functional
34891,functional
2452,functional
42404,non functional
31254,functional
22009,functional
50884,non functional
19644,functional
42301,non functional
57300,non functional
36448,functional
38264,functional
72793,functional
4924,functional
24299,functional needs repair
61134,functional
11462,functional needs repair
14130,non functional
50879,functional
57847,non functional
68493,non functional
63299,functional
62593,non functional
49757,non functional
14040,functional
41064,functional
37682,functional
46996,functional
39607,functional
12136,non functional
1888,functional
40085,non functional
58765,functional needs repair
64092,functional
39494,functional
36472,functional needs repair
9728,non functional
57906,non functional
71811,non functional
12185,non functional
17428,non functional
12237,functional
42589,non functional
52330,non functional
34641,functional
8551,non functional
59005,functional needs repair
6208,functional
43942,non functional
73281,functional
43399,non functional
36895,functional
20912,functional
50132,functional
62980,functional
30088,functional needs repair
63485,non functional
5090,functional
10162,functional
31060,functional
18938,functional
25913,functional
37334,non functional
58480,functional
62771,non functional
40697,functional
47539,non functional
48656,non functional
65310,non functional
34647,non functional
56315,functional
20642,functional
36981,functional
60049,functional
26134,functional
37923,functional
8515,non functional
48026,functional
55472,functional
26981,functional
41570,non functional
27330,non functional
46157,functional
33977,non functional
6588,non functional
24108,functional
36652,non functional
64307,functional needs repair
3558,non functional
17089,non functional
48296,functional
49336,functional
47241,functional
54036,functional
1107,functional
11892,non functional
24698,functional needs repair
12803,functional needs repair
43871,functional
25316,functional
11390,functional needs repair
25795,non functional
17628,non functional
16638,functional
35210,functional
64882,functional
58812,functional
10360,functional
28830,functional
38158,non functional
21451,non functional
24028,functional
66836,functional
70809,functional
73444,non functional
63517,non functional
50071,non functional
14081,functional
15686,non functional
46963,functional
74210,functional needs repair
63381,functional
69768,functional
61908,functional
73966,functional
3835,functional
24361,functional
73109,functional
51890,functional
29390,functional
50525,functional
7506,functional
18391,non functional
57970,functional
6215,non functional
2428,functional needs repair
17493,functional
15159,functional
18815,functional
32093,functional
6325,functional
31937,functional
6217,non functional
63162,functional
68048,functional
64919,functional
9662,functional
45098,functional
8699,functional
34439,non functional
48690,functional
31004,functional
53592,non functional
16109,functional
22359,functional
70514,functional
67519,functional
12605,functional
32840,non functional
52938,functional
1811,non functional
28469,functional
7490,non functional
18668,non functional
57476,functional
3333,non functional
51990,functional
57716,functional
62094,non functional
5343,functional
50547,non functional
40585,functional
67744,functional needs repair
50837,functional
68576,functional needs repair
42612,functional
47011,functional
8839,functional
26745,functional
42865,functional
19703,non functional
42928,functional
36844,functional needs repair
42372,non functional
40615,functional
59988,non functional
222,non functional
50491,non functional
28877,functional needs repair
61527,functional
5727,functional
15531,non functional
23141,non functional
70381,functional needs repair
69472,functional needs repair
55025,functional needs repair
48563,functional
11779,functional
26324,non functional
71532,non functional
24507,functional needs repair
41057,functional
53644,non functional
25865,functional needs repair
41696,functional
64185,non functional
74004,functional
69732,functional
30989,functional
32562,functional
17604,functional needs repair
17942,functional
25319,functional
53600,non functional
17189,non functional
43295,functional needs repair
29161,non functional
20236,non functional
28612,non functional
9179,functional
36012,functional
51350,functional
30817,non functional
73613,functional
1199,functional
64272,functional
513,functional
5117,non functional
49780,functional
43086,functional
46001,non functional
59996,non functional
26807,functional needs repair
59898,functional needs repair
15547,non functional
31096,functional
70231,functional
17224,non functional
17878,non functional
12580,non functional
30455,functional
28428,functional
7833,non functional
44042,functional
73525,functional
43441,functional
61446,functional
74083,non functional
38447,non functional
71444,functional
16080,non functional
55794,non functional
17902,functional
53450,non functional
17003,functional
45770,non functional
38357,non functional
73715,functional
43413,functional
58437,functional
50301,non functional
43676,functional
62682,non functional
53860,non functional
64914,functional
52911,functional
62061,non functional
64909,functional needs repair
73430,functional needs repair
30310,functional
28206,functional
13252,functional
51119,non functional
41434,functional
33408,non functional
1368,non functional
4494,functional
41161,functional
12554,functional
15096,functional
1550,non functional
72384,non functional
39177,non functional
26299,functional
49069,non functional
24020,functional
44460,non functional
42413,non functional
34176,non functional
38904,non functional
43190,non functional
10396,non functional
36187,non functional
66542,functional
57330,non functional
21906,non functional
9617,functional
44823,non functional
50702,non functional
59418,functional
28930,non functional
41483,non functional
22326,functional
71651,functional
25251,functional
26737,non functional
71507,functional
60180,functional
57280,functional needs repair
2289,non functional
26601,functional
7607,non functional
20151,functional needs repair
14581,non functional
25846,non functional
25477,functional
57360,non functional
27634,non functional
16570,non functional
69219,non functional
73760,functional
28362,functional
10189,functional
9887,functional
21331,functional
39936,functional
5116,non functional
57379,functional
55833,functional
70582,non functional
48853,non functional
69684,non functional
70634,functional
35131,non functional
26999,functional
25838,functional
61420,non functional
49495,functional
20240,non functional
14082,non functional
74229,functional
46194,functional
3153,functional
68601,non functional
2396,functional
1220,functional
5282,functional
18392,non functional
2911,non functional
70557,functional needs repair
63587,non functional
43707,non functional
68741,functional
66699,functional needs repair
26333,functional
7407,non functional
68319,functional
15046,functional
70142,non functional
70538,non functional
68368,functional
19665,functional
8446,functional
55937,functional needs repair
33886,non functional
3174,non functional
10442,non functional
1311,non functional
34039,non functional
26550,non functional
43331,functional
20045,functional
11127,functional needs repair
62503,non functional
71402,functional
35113,functional
46906,functional
28262,functional
47674,non functional
23523,non functional
55111,non functional
37754,non functional
23037,non functional
70743,non functional
64001,non functional
57487,functional
21267,non functional
8941,non functional
57814,functional
18800,functional
1557,non functional
50477,functional
1036,functional
14417,non functional
38806,functional needs repair
24309,non functional
31412,non functional
24310,non functional
60690,functional
60431,functional needs repair
19664,functional needs repair
26605,functional needs repair
22427,functional
72154,functional needs repair
58425,functional
46272,non functional
41949,functional
51285,functional
25402,non functional
52475,functional
12253,non functional
36702,functional
4029,non functional
21465,functional
40343,functional
59515,non functional
34878,functional
65742,non functional
38531,functional
36727,functional
27516,non functional
24743,functional
15389,non functional
58429,non functional
54045,functional
27571,functional
38856,functional
69506,non functional
32299,functional
24672,functional
45859,non functional
72887,functional
21080,functional
49020,functional
43308,functional
39908,functional
25790,functional
68820,functional
8082,functional
54361,functional needs repair
8240,functional
39781,functional
19783,non functional
10773,functional
54539,functional
39211,functional
52390,non functional
64929,functional
7093,non functional
68362,non functional
64957,functional
65454,functional
8690,functional
41936,functional
68488,functional
1494,functional
29256,functional
60110,functional
32622,functional needs repair
32662,non functional
65830,functional
62839,non functional
19673,functional
17407,functional
53744,non functional
27307,functional
43506,functional
15142,functional
49732,functional
164,functional
66986,non functional
32355,functional
51378,functional
6794,functional
48700,functional
47428,non functional
20159,non functional
73441,non functional
72632,non functional
40456,non functional
41167,functional
4547,non functional
19361,non functional
65109,functional
34364,functional
66181,functional
57964,functional
15785,non functional
3787,non functional
47083,functional
55095,functional
42378,functional
19324,functional
16676,non functional
51841,functional
24582,functional
52856,functional
60525,functional
45441,functional
41817,non functional
19385,non functional
60983,non functional
56973,functional needs repair
54920,non functional
40412,non functional
58481,functional
43044,non functional
48931,functional
73997,functional
18032,functional
12339,non functional
62258,functional
64709,functional
25833,functional needs repair
31149,non functional
6974,non functional
44816,functional
54658,non functional
42460,functional
28839,functional
11831,functional
15768,non functional
47678,functional
64560,non functional
60207,functional
59618,functional
38214,functional
57018,non functional
42864,functional
35036,functional
47731,functional needs repair
15283,functional
50963,functional
63655,non functional
67966,non functional
48287,non functional
68932,non functional
61665,non functional
11299,non functional
55853,functional
57967,non functional
18259,functional
65043,non functional
39802,non functional
57624,functional
17736,functional
18254,non functional
52843,non functional
17565,non functional
30063,non functional
8718,non functional
52613,non functional
44369,functional
58385,non functional
16350,functional
51842,functional
62476,functional
14194,functional
38751,non functional
19858,functional
59270,non functional
56526,functional
118,functional
63738,functional
22677,non functional
70848,functional needs repair
20999,non functional
38413,functional
20470,functional
72582,functional
22944,functional needs repair
34386,functional
67608,functional
53132,non functional
2934,functional
9970,non functional
52672,functional
56231,non functional
46137,functional
29272,functional
10916,non functional
4503,non functional
18952,functional
11472,non functional
32506,functional
20483,functional
34045,functional
67841,functional
9932,functional
24247,functional
25654,functional
30868,functional
18766,functional
26515,functional
47057,non functional
53964,non functional
32912,non functional
19220,functional needs repair
12915,non functional
57753,functional
52409,functional
23848,functional
54350,functional
64593,functional
42650,functional
23349,functional
57674,functional
46947,non functional
54224,functional
33096,functional
21623,non functional
10271,non functional
65326,non functional
48188,non functional
20408,functional
4959,non functional
7939,functional
11980,functional
71491,non functional
68055,functional needs repair
55080,functional
30500,functional
12232,functional
29286,functional
35263,non functional
1827,functional
37431,non functional
74147,functional
47903,functional
60766,functional
4975,functional needs repair
30319,non functional
8896,functional
29868,functional
29603,functional
68371,functional
55758,non functional
60499,functional
14665,non functional
9449,functional
59829,functional
16030,functional
39870,non functional
37252,non functional
7710,functional
57083,functional
32618,functional
30923,functional
63234,non functional
62811,non functional
10298,functional
50612,non functional
43993,non functional
2324,functional
51642,functional
14694,functional
17004,functional
71161,functional
30521,functional needs repair
37813,functional
22430,non functional
3831,functional needs repair
10904,non functional
10506,functional
61819,functional
51887,non functional
3122,non functional
32083,functional
61720,non functional
20300,non functional
3777,functional
15858,functional
73717,non functional
36334,non functional
53863,non functional
33410,functional
48631,non functional
21154,non functional
6831,non functional
56309,functional
26961,functional
53988,non functional
31161,non functional
27210,functional
46515,non functional
29598,functional
55172,functional
37673,non functional
46517,functional
24950,functional
48743,functional
42729,non functional
15699,non functional
23601,non functional
11217,functional
46158,non functional
58790,functional
50593,non functional
32512,functional
17368,non functional
59248,functional needs repair
1299,functional
59242,functional needs repair
18646,functional
6223,non functional
47841,non functional
50058,functional
2128,functional
29712,functional needs repair
14895,functional
73743,functional
63814,non functional
5410,non functional
52026,non functional
30163,non functional
5694,functional
69071,non functional
68460,functional needs repair
6259,non functional
64254,non functional
9289,functional
51814,functional
69928,non functional
2802,functional
60510,functional
435,functional
31263,functional
20819,functional
10661,non functional
3728,non functional
5023,functional
31705,functional
22972,functional
14901,functional needs repair
54486,functional
69545,functional
5573,functional needs repair
52363,functional
8837,non functional
73458,functional
6028,non functional
50488,non functional
38485,non functional
13551,non functional
38787,functional
27769,non functional
12934,non functional
1077,functional
21339,functional
71073,functional
70849,functional
39603,functional
72211,functional
60070,non functional
5718,functional
20473,functional
38207,functional
7677,non functional
46962,non functional
8401,functional
9094,functional
8160,functional
61123,non functional
17999,functional
34078,non functional
14798,functional
26295,functional
10321,functional needs repair
38030,non functional
13059,functional
72708,functional needs repair
37378,functional
58325,non functional
19142,non functional
38799,non functional
27443,functional
48300,functional
47293,functional
597,functional
64629,non functional
24838,functional
18191,functional needs repair
7359,functional
12839,functional
64687,non functional
41607,functional
36784,functional
56536,functional
54424,functional
11100,non functional
28818,functional
52900,non functional
57566,functional
44368,non functional
45728,non functional
28855,functional
9547,non functional
22387,non functional
34612,functional
10353,non functional
58262,functional
40166,functional
148,non functional
26111,non functional
45431,functional
14415,functional needs repair
31434,functional
23633,functional
27787,functional
52935,functional needs repair
26377,functional
40158,non functional
7998,functional
20061,functional
47554,functional
62207,functional
14662,non functional
56940,non functional
18036,functional
16602,non functional
28696,non functional
13402,functional
59582,functional
7091,non functional
37235,non functional
18315,functional
37128,functional
35784,functional
7183,non functional
41307,functional
9844,non functional
24676,non functional
60781,functional
23700,non functional
47372,non functional
21526,non functional
64539,functional
397,functional
42497,non functional
15806,functional
55734,functional
2008,functional
50014,non functional
65807,functional
45040,functional needs repair
11197,non functional
45395,functional
15021,functional needs repair
60869,functional
23252,functional
3683,non functional
2918,non functional
28980,non functional
3974,functional
15433,functional
8802,functional
59901,functional
73853,functional
47631,functional
18679,non functional
40551,functional
50,functional
51452,non functional
49505,functional needs repair
15133,non functional
14615,non functional
6486,functional
62570,non functional
38394,functional
17668,non functional
48886,functional
61361,non functional
25962,functional
49011,non functional
1946,non functional
10742,functional
48895,functional
60793,functional
20867,functional
64186,functional
26032,functional
6248,functional
48468,non functional
37089,functional
57268,non functional
68350,functional
18928,functional
40205,non functional
49215,non functional
32966,non functional
47573,non functional
43608,non functional
68913,functional
61922,non functional
55511,non functional
27748,non functional
29682,functional
36326,functional
72094,functional needs repair
4962,functional
51321,functional
41062,non functional
54412,functional
616,functional
15127,non functional
1516,functional
61207,functional
14695,non functional
6424,functional
41864,functional
53694,non functional
13189,functional
2066,non functional
23407,non functional
2643,non functional
67758,functional
2990,functional
64129,functional
22666,non functional
48098,functional
69590,functional needs repair
34469,functional
30010,functional
64376,functional
5022,functional
70493,functional
25965,non functional
54697,functional
21466,functional
42727,functional
15592,functional
47460,functional
65872,functional
62553,non functional
39308,functional
53664,non functional
42008,non functional
65774,functional
60086,functional
70689,non functional
48218,non functional
65185,functional
12435,functional
47643,functional
41494,non functional
42438,functional
7100,functional
676,functional needs repair
346,functional
21598,non functional
48031,functional
17563,non functional
20457,functional needs repair
23809,functional
2509,non functional
55041,functional
35285,functional needs repair
60450,functional
22761,non functional
25050,functional
39941,functional
42887,functional
39183,non functional
57555,functional
33863,non functional
33194,functional
47167,functional
19408,functional
16365,functional
6289,non functional
55621,non functional
72393,non functional
52349,non functional
66742,functional
62848,non functional
35996,functional
72280,functional
52811,non functional
62828,non functional
43669,non functional
39020,functional
14003,non functional
5269,functional
20776,functional needs repair
37204,functional
25449,functional
49556,functional
11817,functional
4955,functional
38542,functional
24239,non functional
45554,non functional
46295,non functional
52686,functional
64022,non functional
2287,functional
10854,functional
51001,functional needs repair
13403,non functional
13074,non functional
63210,non functional
56227,non functional
39061,non functional
71582,functional
12495,non functional
62357,functional
24779,non functional
31794,functional
52337,functional
10142,functional
4457,non functional
68552,functional
12723,functional
32448,functional
6805,functional
7386,functional
49769,functional
4157,functional
11591,functional
50671,functional
27125,functional
21015,non functional
31037,functional
30026,functional needs repair
63978,non functional
70491,non functional
31133,functional
44279,functional
62047,non functional
72000,functional
54125,functional
1019,functional
22314,functional
29897,functional
15150,functional
70107,functional
44212,functional
62782,functional
47752,non functional
68300,non functional
67190,functional
5935,non functional
11482,non functional
5695,functional
51830,functional needs repair
17193,functional
9203,non functional
58999,functional
32811,functional
15129,non functional
57570,functional
44443,functional
27779,functional
29140,functional
33869,non functional
69412,non functional
57489,functional
14395,functional
3881,non functional
31869,functional
63455,non functional
56899,non functional
40358,functional
25826,non functional
53800,functional
7669,non functional
15237,non functional
46865,non functional
18124,non functional
71973,non functional
27140,functional
17088,functional
47380,non functional
20707,functional needs repair
72928,functional
22006,functional
66812,non functional
8340,functional
7633,functional
70594,functional
65138,functional
27124,functional
55136,functional
65194,non functional
16102,non functional
40631,functional
25637,non functional
41605,non functional
58636,functional
42844,functional
72872,non functional
55170,non functional
22563,non functional
45161,functional
41978,functional needs repair
63797,non functional
3802,functional
29128,non functional
33845,functional
36705,functional
48507,functional
1710,non functional
49402,functional needs repair
2094,functional
38466,non functional
55520,non functional
24340,non functional
42480,functional needs repair
72766,non functional
10164,functional
49340,functional
55218,non functional
13394,functional
49316,non functional
66,non functional
25187,functional
42876,non functional
13169,functional
9688,functional
23212,non functional
2526,non functional
31136,functional
38405,functional
7778,functional
11054,functional
11040,functional
52779,functional
42153,non functional
60535,functional
20222,functional
43437,functional needs repair
55402,functional
4904,non functional
59082,functional
15813,non functional
50755,functional
35042,non functional
6600,functional
59108,non functional
28401,functional
22178,non functional
2419,functional
50956,functional
39832,functional
65464,functional
68899,functional
35114,non functional
54842,non functional
53905,functional
64103,non functional
72920,functional
16700,non functional
58411,functional
59407,functional
25058,non functional
11063,functional
63064,functional
60349,non functional
8042,non functional
34395,non functional
61547,non functional
5710,functional
40573,non functional
28273,functional
26034,non functional
11542,functional
45585,functional
33658,non functional
20653,non functional
71517,functional
32650,non functional
24916,functional
16178,non functional
32527,non functional
57889,functional
22965,functional
5763,functional
35383,non functional
8979,functional
13305,functional
15047,functional
29210,functional
72476,functional
15421,functional
12864,functional
47553,functional
24982,functional
29338,functional
71051,non functional
67267,functional
14713,non functional
26184,functional
34323,non functional
13188,functional
62466,functional
8644,functional
28710,functional
58291,non functional
55278,functional
37960,non functional
73863,functional
15918,non functional
20237,non functional
72464,functional
70483,non functional
33841,functional
16724,non functional
56,functional needs repair
38071,functional
72824,functional needs repair
14475,functional
16207,functional
38146,functional
23314,functional
30312,functional
54838,functional
60073,non functional
17031,non functional
45718,functional
57435,functional
19213,functional
44939,functional needs repair
26795,non functional
19194,non functional
9225,functional needs repair
19258,functional
23295,functional
9072,functional
42920,functional
30588,non functional
70005,functional needs repair
20688,non functional
58875,non functional
31989,non functional
13003,functional
58327,functional
21659,non functional
58224,functional
398,functional
45772,functional needs repair
22782,functional
67224,non functional
72906,functional
13718,functional needs repair
6916,functional
51819,non functional
15650,non functional
18325,functional
66989,non functional
46866,functional
6651,functional
5746,functional
53681,functional
35912,non functional
37182,non functional
19835,functional
6027,functional needs repair
27718,functional
8421,functional
65711,non functional
31671,non functional
5598,functional
62354,non functional
41811,non functional
48603,functional
59244,non functional
29805,functional needs repair
1286,functional
41013,non functional
49775,functional
65238,functional needs repair
14651,functional
12911,non functional
36392,non functional
73387,non functional
18129,functional
40996,functional
59161,functional
39740,functional
55015,functional
74039,non functional
43602,non functional
40213,functional
69190,non functional
35860,non functional
43600,functional
35404,non functional
987,functional
49065,non functional
28693,non functional
17883,functional
68421,functional needs repair
17818,functional
13709,functional
62843,functional needs repair
55215,functional
32874,non functional
16657,functional
22324,non functional
48947,functional
6704,functional
9127,functional
16629,functional
11181,non functional
25600,non functional
64067,non functional
68425,functional
44156,non functional
59644,non functional
24731,functional
58404,functional
58554,non functional
45496,functional
23510,non functional
50145,functional
60848,functional
23135,functional
44976,functional
21449,non functional
6676,functional
10316,functional
72780,functional
7203,functional
61817,non functional
59245,functional
25324,functional
20417,non functional
72727,functional needs repair
56260,functional
68934,functional
53319,non functional
19590,non functional
28499,non functional
71246,non functional
64513,functional
11852,functional
21888,non functional
58400,functional
70364,functional
15456,functional
17215,functional
11509,non functional
36079,non functional
16665,functional
870,non functional
60184,functional
46583,functional
18025,non functional
4351,non functional
32696,non functional
42518,non functional
5123,functional
46813,non functional
45216,non functional
39533,functional needs repair
57229,non functional
58364,non functional
24981,non functional
39669,functional
32461,functional
27371,non functional
11332,functional
69596,non functional
37043,functional
20148,non functional
50561,non functional
36090,non functional
65231,functional
71506,non functional
38307,functional
67950,functional
15703,functional needs repair
30805,functional
24630,functional
44910,functional
36444,functional
70564,functional
36666,non functional
69073,functional
63309,functional
32442,functional
69404,non functional
9679,non functional
27381,functional
59074,non functional
17756,non functional
21464,non functional
41304,non functional
9083,non functional
57368,functional
6118,functional
37280,functional
60906,functional
21284,non functional
32857,functional
25159,functional
40097,functional
52841,functional
657,non functional
25054,functional
9589,non functional
13096,non functional
69799,functional
60963,functional
56187,functional needs repair
49714,non functional
47556,functional
71565,functional
73239,non functional
60543,functional
71700,functional
74060,functional
56488,functional
28983,functional needs repair
5592,functional
9513,functional
63691,non functional
66908,functional
25498,functional
35332,non functional
48128,functional needs repair
26112,functional
33280,functional
46457,functional
50514,functional
40946,non functional
43218,functional
5996,functional
16651,functional
20,functional needs repair
44697,functional
56607,functional
14924,non functional
72438,functional
57670,non functional
70956,functional
57786,functional
8597,functional
24875,non functional
35499,functional needs repair
47846,functional
21371,functional
43515,non functional
33139,non functional
56014,functional
40850,functional
25622,functional
39964,non functional
43800,functional
34717,functional
38589,functional
66716,non functional
37770,functional needs repair
53834,functional
69189,functional
2442,non functional
47611,non functional
15083,functional
59233,functional
30435,functional
46138,functional
37360,non functional
34006,functional
71013,functional needs repair
38741,functional
47510,functional
19187,non functional
12491,non functional
72617,functional
67782,functional
64951,functional
11678,functional
20992,non functional
50971,non functional
27551,non functional
21536,functional
67477,functional
6226,non functional
28238,functional
34613,functional
38223,functional
23471,functional
8958,non functional
59181,functional
70521,non functional
34805,functional
62868,functional
19244,functional
37123,functional
7149,functional
54973,non functional
46720,non functional
44981,non functional
33462,non functional
4071,functional
52290,functional
47906,functional
4651,non functional
28512,functional
30327,functional
18066,functional
4593,non functional
39820,non functional
52879,functional
66008,functional
68334,functional
54834,functional
34283,non functional
42831,functional
31261,non functional
61421,functional needs repair
43261,functional
70358,functional needs repair
4708,functional needs repair
37272,functional needs repair
46594,functional
19358,functional
9912,non functional
69423,non functional
57163,functional
39042,functional
51976,non functional
49621,non functional
45978,non functional
45173,functional
7411,functional
63096,functional needs repair
63815,non functional
5445,non functional
23300,functional
57479,non functional
12050,non functional
34843,functional
18997,non functional
60515,functional
30449,non functional
35235,functional
36441,functional
57087,functional
51107,non functional
51672,functional
23850,functional
73708,functional
61391,non functional
41361,non functional
56942,non functional
20031,non functional
21779,non functional
60615,non functional
31302,functional
15197,functional
57687,non functional
1581,functional needs repair
35959,functional
1748,non functional
10887,functional
11294,functional
16746,functional
57474,functional needs repair
55564,non functional
3897,non functional
34804,non functional
30516,functional
53234,non functional
46198,functional
20108,functional
677,functional
51952,functional
14240,functional
17449,functional needs repair
38431,functional
49070,functional
53555,non functional
67623,functional
35724,functional
41308,non functional
61377,functional
54930,non functional
57028,functional
51131,functional
9776,functional
12366,functional
53798,non functional
47558,non functional
62042,functional
40914,functional
34707,non functional
24560,functional
52149,non functional
70969,non functional
736,non functional
57848,functional needs repair
17029,non functional
9318,functional needs repair
27702,functional
1135,functional needs repair
26525,functional
15818,functional
29901,functional
4357,non functional
17008,non functional
21854,non functional
54409,non functional
48323,functional
43275,functional
54999,non functional
27697,functional
50970,functional
12333,functional needs repair
17180,non functional
16752,functional
36183,functional
21459,functional
13051,non functional
48926,functional
47794,non functional
56744,functional
23170,functional
16363,non functional
28481,functional
31889,functional
69383,functional
52172,functional
18909,non functional
21849,non functional
73873,functional needs repair
73403,functional
1762,functional
7223,non functional
8992,functional
31877,functional
41023,non functional
6136,functional
50161,functional
40719,functional
71419,non functional
16201,functional
43909,functional needs repair
62299,functional
52,functional
6991,functional
16076,functional
2127,functional needs repair
45689,non functional
32149,non functional
64945,non functional
51732,non functional
19418,non functional
45562,functional
66913,non functional
29779,non functional
30231,functional
51937,functional needs repair
61859,functional
11084,non functional
11494,non functional
42718,functional
56185,functional
43605,non functional
38341,functional
10268,functional needs repair
60644,non functional
67958,functional
22774,non functional
11795,non functional
10531,non functional
59054,non functional
61086,non functional
23209,functional
11396,functional
36491,functional
53831,non functional
60318,functional
22843,functional
25883,non functional
5058,functional
55908,functional
47403,non functional
57000,functional
47144,functional
32319,non functional
25059,functional
9884,functional
15167,functional
16286,non functional
61169,functional
12432,functional
38519,functional
28809,functional
49081,non functional
34349,functional
64845,non functional
50015,functional
68097,functional
23915,functional
28950,functional
24998,functional
67283,functional
28493,functional
67117,non functional
19671,non functional
10148,functional
62409,non functional
10533,functional
53010,functional
9173,non functional
60372,non functional
26450,functional
6434,non functional
37731,functional
30518,functional
38080,non functional
65309,non functional
52877,functional
3645,functional
9749,functional
18088,non functional
2306,functional
49998,functional
23918,functional
38613,functional needs repair
49023,non functional
63607,non functional
10583,non functional
19233,non functional
46479,functional
26534,non functional
40590,functional
21933,functional
28807,non functional
26052,functional
52109,non functional
40705,non functional
69345,functional
52980,non functional
13247,functional
9693,non functional
33104,functional
16984,non functional
71024,functional
16451,non functional
33855,non functional
28721,non functional
19759,non functional
21712,non functional
4808,functional
72571,functional
37597,functional
50607,functional
25544,non functional
33647,non functional
1259,non functional
24051,functional
51804,functional needs repair
60528,functional
52553,non functional
52605,functional needs repair
25295,non functional
25241,functional needs repair
52631,non functional
51663,functional
25468,non functional
60194,functional
48452,non functional
2888,non functional
64863,non functional
52166,non functional
24258,functional
4282,non functional
38143,non functional
14671,functional
47158,non functional
19818,non functional
71263,functional
15648,non functional
61880,functional
17535,functional needs repair
46068,functional
15050,functional
1040,non functional
30209,functional
4569,functional needs repair
49301,non functional
62001,functional
71196,functional
37555,non functional
19710,non functional
20856,functional
61414,functional
12056,functional
18248,functional
58403,non functional
27118,functional
48636,non functional
49448,functional
36506,non functional
21306,non functional
50073,functional
1486,functional
55256,non functional
26370,functional
67029,non functional
6130,functional
58821,functional
55667,functional
67343,non functional
60229,functional
3120,non functional
17357,non functional
22199,functional
19048,non functional
38641,non functional
51535,non functional
45275,functional needs repair
29143,non functional
33836,functional
92,non functional
32275,functional
48686,functional
59377,functional needs repair
6466,non functional
23159,functional
49596,functional
24599,functional
23996,functional
8666,non functional
56852,functional
73855,functional
40073,functional
15464,non functional
1448,functional
54843,functional
22837,non functional
3526,non functional
12008,functional
28736,non functional
17897,functional needs repair
4713,functional needs repair
18399,functional
4284,non functional
73468,functional
30469,functional
58543,functional
14758,non functional
39168,functional
26022,non functional
17718,non functional
28119,functional
33681,functional needs repair
54041,non functional
37798,functional
64767,non functional
27334,non functional
38975,functional
17678,non functional
49352,functional
47254,non functional
28410,functional
69392,non functional
58375,functional
53137,non functional
71857,functional
70601,functional
11329,non functional
51959,non functional
7897,non functional
73178,non functional
30131,non functional
4496,non functional
25141,functional
31563,functional
29872,functional
64654,functional
31620,non functional
33806,functional needs repair
72951,functional
66521,functional
41220,functional
73273,functional
63091,functional
3044,functional
47650,functional needs repair
49896,functional
7691,functional
15767,functional
26389,non functional
14313,functional
45085,functional
27521,functional
14619,functional
42448,functional
795,functional
4663,functional
64477,functional
18885,functional
51662,non functional
14985,functional
26203,functional
19728,functional
299,non functional
47425,functional
59391,functional
6355,functional
41330,non functional
40301,non functional
27277,non functional
779,functional
3907,non functional
69116,functional
43427,functional
58393,non functional
4620,functional
5815,functional
53959,non functional
59192,non functional
8223,functional
49790,functional
39916,functional
4611,functional
13199,non functional
65280,functional
38603,functional
40127,non functional
22374,functional
50237,functional needs repair
6664,non functional
27180,functional
30820,functional
43752,non functional
35049,functional
50348,non functional
14677,functional
1898,non functional
56358,non functional
11208,functional
37894,non functional
45814,non functional
10768,functional
7534,functional
23771,non functional
16438,non functional
8460,non functional
65142,functional
14953,non functional
62655,functional
62814,functional
69531,functional
24478,functional needs repair
59293,functional
13481,functional
4858,functional
20487,functional
69773,non functional
6012,non functional
32471,functional
3049,functional
63850,non functional
42411,functional
17135,functional needs repair
43816,functional
54240,functional
25112,functional
23491,functional
62092,non functional
21830,non functional
2464,functional needs repair
46358,non functional
26701,functional
33668,non functional
58234,functional
65439,functional
65906,functional
20550,non functional
8147,functional
46541,functional
47199,functional
32053,non functional
7022,functional
47002,non functional
36469,non functional
380,functional
60095,non functional
13078,non functional
14723,functional
57820,non functional
22730,non functional
17909,functional
36695,functional
662,functional
74018,non functional
4321,functional
29804,functional
8818,functional
7731,functional
47945,functional
31568,functional needs repair
9159,functional
35489,non functional
21210,functional
6595,non functional
47686,functional
71289,functional
29951,non functional
16445,functional
72529,non functional
65315,non functional
4184,functional
3074,functional
30819,non functional
35914,functional
59462,functional
69438,non functional
17653,functional
63171,functional
57419,functional
46393,non functional
1739,functional
48790,functional
32009,functional
42517,functional
37590,non functional
36080,functional
31772,non functional
54129,functional
2706,non functional
50919,functional
61615,functional
62447,functional needs repair
20199,functional
37506,non functional
28271,non functional
61643,non functional
145,non functional
16745,functional
5385,functional needs repair
19188,non functional
39632,non functional
25164,functional
73307,non functional
16489,functional
44820,non functional
51573,functional
17225,functional
8196,non functional
36443,non functional
15306,functional
11043,functional
6503,non functional
10195,non functional
30228,non functional
65868,non functional
16704,functional
20322,functional
47092,non functional
4139,non functional
37738,non functional
46144,functional
28344,functional
73561,non functional
21607,functional
73020,functional
9304,functional
22516,functional
72838,non functional
65377,functional
56838,functional
44776,functional
51807,non functional
25418,functional
52677,functional
61312,non functional
28803,functional
38970,functional
27655,functional
13401,non functional
45000,functional needs repair
40504,functional
25475,functional
57111,functional
34793,functional
8441,non functional
5477,functional
36117,non functional
47154,non functional
52730,functional
71551,functional
47492,functional
36288,non functional
63659,functional
63924,functional needs repair
19685,non functional
66393,non functional
72586,functional
62609,functional
33269,functional
12968,non functional
9496,non functional
27936,functional
40321,functional needs repair
19174,functional
28779,functional needs repair
64915,non functional
9671,non functional
3228,functional
58771,non functional
44893,functional
61226,functional
68049,functional
24591,functional
35905,non functional
17236,non functional
22731,functional
18281,functional
48196,non functional
2237,functional
52507,functional
29444,functional
13944,functional
387,non functional
49661,functional
31277,functional
36282,functional
34281,functional
25017,non functional
56983,functional
61154,functional
4541,functional
23166,functional needs repair
35954,functional
15590,functional
10999,functional
52973,functional
29485,functional
16189,functional
12289,functional
63617,functional
45640,non functional
19020,functional needs repair
43699,functional needs repair
36984,functional needs repair
63225,non functional
57054,non functional
60440,non functional
70438,non functional
51515,functional
15797,non functional
73814,non functional
72647,functional
61081,functional
29728,functional
71714,functional
58349,non functional
60159,functional
42459,functional needs repair
22635,functional
72239,functional
11759,functional needs repair
40379,functional needs repair
38753,functional
6304,functional
67653,non functional
25021,functional
39735,functional
38253,non functional
48180,non functional
64794,functional
18933,functional
1480,functional needs repair
15252,functional
4759,non functional
19901,functional
23353,functional
56372,non functional
31504,non functional
37274,non functional
8532,non functional
26212,functional needs repair
54589,functional
25892,functional
58442,non functional
24398,non functional
64773,non functional
73540,functional
30290,functional
73861,non functional
44239,non functional
50384,functional
9248,non functional
46576,functional
57844,functional
10524,functional
49248,functional
1786,functional
9130,functional
60125,non functional
25182,functional
23963,functional
18717,functional
31857,functional
12804,non functional
5963,functional
28175,functional
72470,non functional
20304,functional
44052,non functional
33171,functional
16361,functional
6557,functional
30555,non functional
45052,functional
39589,non functional
44994,non functional
67127,functional
13207,functional
64111,functional
6139,non functional
28020,non functional
71639,non functional
48137,non functional
60393,functional
64247,functional
73345,non functional
66597,functional
10233,non functional
34256,non functional
41078,functional
69096,non functional
43656,non functional
14351,functional
55635,functional
56269,functional
14235,non functional
72522,non functional
53164,functional
68810,functional
38205,non functional
33876,functional
10682,functional
25180,functional
62272,functional
62760,non functional
26813,functional
3754,functional
41738,non functional
47291,non functional
60892,functional
24907,functional
62663,functional
42675,non functional
558,functional
44373,non functional
28247,non functional
61019,functional
5813,functional needs repair
4214,functional
10499,non functional
63718,functional
25712,non functional
28363,functional
29030,non functional
71783,non functional
51030,non functional
28960,non functional
1647,non functional
52194,non functional
29837,functional needs repair
44620,functional needs repair
2731,functional
71694,functional
32500,non functional
65078,non functional
55930,non functional
39868,functional
44391,non functional
64490,non functional
71182,functional
18891,functional
20695,functional
3147,functional
66557,functional
43937,non functional
13799,non functional
57071,functional needs repair
44946,functional
2670,functional
45320,non functional
69429,functional
15612,functional
2915,functional
60435,functional
35922,non functional
45622,functional
14476,functional
68612,non functional
21902,non functional
49968,non functional
59648,functional
1659,functional
68225,non functional
5110,functional
34027,non functional
44104,non functional
11567,non functional
29325,functional
36673,non functional
52292,functional
10482,functional
17200,non functional
44157,functional
48634,functional
9570,non functional
54521,non functional
21679,functional
21149,functional needs repair
61804,functional
37305,non functional
71483,non functional
72815,functional
66733,functional
38018,functional
41637,functional
38261,non functional
40398,non functional
58057,non functional
68858,functional
61022,functional
58220,functional
54396,functional
4432,functional needs repair
23960,functional
29418,functional
59871,functional
34020,non functional
1037,functional
13050,non functional
4723,non functional
33417,non functional
14790,functional
27809,functional
10074,non functional
11290,non functional
33837,functional needs repair
21765,non functional
8356,functional
19419,non functional
60128,non functional
28747,functional
26455,non functional
35695,functional
20316,non functional
30534,functional
7151,non functional
244,non functional
71184,non functional
56137,functional needs repair
62044,functional needs repair
44557,non functional
9579,functional
63333,functional
36226,non functional
35561,non functional
73222,functional
72039,non functional
45877,functional
5879,functional
46531,non functional
51695,functional
19268,functional
13848,functional
44868,non functional
3419,non functional
47113,functional
62962,non functional
14549,functional
9506,non functional
22377,non functional
60636,functional
70782,functional
34601,functional
20925,functional
30767,functional
22082,functional needs repair
25009,functional
55660,functional
67139,non functional
64922,non functional
38133,functional
1134,non functional
29560,functional
67892,functional
60437,functional
14657,functional
44720,functional
25670,functional
42693,functional
25255,functional
3806,non functional
28231,functional
56232,non functional
49102,functional
7602,non functional
48216,functional
50267,functional
10264,functional
72784,functional
24902,functional
72971,non functional
29681,non functional
8263,functional
66765,non functional
51040,non functional
30215,functional
19039,functional
53565,functional
68764,functional
14129,functional
26675,functional
2372,functional
48130,non functional
50442,functional
28820,functional
74066,functional
18947,functional
25102,non functional
43893,functional
12170,non functional
47453,functional
3037,functional
52457,functional needs repair
54959,non functional
43775,non functional
30754,non functional
63349,functional
17028,functional
72458,functional
70390,functional
33505,non functional
1424,functional needs repair
58041,non functional
27103,functional
14264,non functional
49213,functional
7727,non functional
59212,functional
50363,functional
46035,functional
39568,functional
69727,non functional
10141,functional
26193,functional
29721,non functional
50325,non functional
48305,functional needs repair
2061,non functional
22607,functional
72462,non functional
53751,non functional
47465,functional
51147,functional needs repair
59049,non functional
50324,non functional
50224,functional needs repair
50351,non functional
40437,non functional
42740,functional
40297,functional
22659,non functional
37164,non functional
4592,non functional
63475,non functional
481,non functional
9329,non functional
56715,non functional
16003,functional
22499,functional
10709,non functional
14703,non functional
24538,non functional
6053,functional
27168,non functional
36178,functional
9103,functional
58782,functional
64434,non functional
38279,functional
25311,non functional
27512,non functional
5464,non functional
10056,non functional
29242,functional
50232,non functional
31575,functional
24152,functional needs repair
25755,functional
5739,functional
3516,functional needs repair
61429,non functional
41211,functional
63527,functional
20235,non functional
19453,functional
44586,non functional
42468,functional
48808,functional needs repair
30951,functional
67995,non functional
31644,functional
53050,non functional
64918,non functional
13544,non functional
30301,functional
68451,functional
1113,functional needs repair
34570,functional
7474,functional
20785,non functional
16023,non functional
25809,functional needs repair
43784,functional
43203,functional
33374,functional
19647,functional
69555,functional
64824,non functional
26897,non functional
62891,non functional
52683,non functional
33214,functional
22692,functional
7728,non functional
47986,functional
14460,non functional
12544,non functional
7500,non functional
64161,non functional
19432,functional
60324,functional
15483,non functional
43034,functional
6487,functional
44663,functional
39448,functional
12730,functional
30025,non functional
23808,non functional
60011,functional
58606,non functional
36948,functional
44797,functional needs repair
72190,functional
19926,non functional
50694,functional
21248,functional
25007,functional
29948,functional
18555,functional
9936,functional needs repair
9672,functional needs repair
36938,functional
30320,functional
27390,functional
71279,non functional
63506,non functional
47896,non functional
15661,functional
2103,non functional
51730,functional
46915,non functional
33160,non functional
28522,non functional
1343,non functional
2244,non functional
39,functional
15452,functional
68484,non functional
16617,functional
13102,functional
45518,functional
73689,functional
780,non functional
64442,functional
24503,non functional
55787,functional
34342,functional
18491,functional
26609,non functional
39339,non functional
19522,non functional
42067,non functional
73681,non functional
22858,functional
42795,functional
72004,functional
48325,functional
28993,functional
25781,functional
49541,non functional
20010,non functional
1940,functional
64169,functional
46599,functional
61196,non functional
718,functional
6339,non functional
54614,non functional
8332,non functional
73709,functional
62615,functional
44665,functional
10478,non functional
44447,functional
42967,functional
33765,functional
71175,functional
71533,functional
64297,non functional
46181,functional
17691,functional
1599,functional
59219,non functional
21701,functional
58044,functional
39730,non functional
56784,non functional
49879,functional
60654,functional
5148,functional
50572,non functional
22218,non functional
27259,non functional
34133,functional
4,non functional
41993,functional
51193,non functional
53065,non functional
51650,non functional
70990,functional
47772,functional
56406,functional
17964,functional
53382,functional
15820,functional
56433,non functional
9077,functional
25049,functional
72973,non functional
30443,functional
42984,non functional
17611,non functional
61217,functional
9747,functional
23847,functional
73915,non functional
33572,non functional
27723,functional
29487,non functional
46981,functional
6747,non functional
67329,functional needs repair
20246,non functional
8403,functional
47979,functional
66992,non functional
36009,functional
16747,non functional
73381,functional
63935,functional
59555,non functional
70516,functional
58966,non functional
60928,non functional
24921,non functional
58630,functional needs repair
54750,functional
46239,functional
7325,functional
57214,non functional
67551,non functional
51545,non functional
39287,functional
73042,non functional
67465,functional
65694,functional
13153,functional
4923,functional
17261,functional
55108,non functional
58558,non functional
26462,functional
17974,non functional
26545,non functional
9798,non functional
65073,functional
52180,non functional
3812,functional
23253,functional needs repair
60242,functional
71116,non functional
43315,non functional
9076,non functional
54402,non functional
46985,non functional
4836,functional
67524,functional
64678,functional
22767,non functional
39828,functional
63013,non functional
71951,functional
42354,functional
14512,non functional
10197,functional
44026,functional
14109,non functional
51188,non functional
57421,non functional
13862,functional needs repair
33208,functional needs repair
56054,functional
70301,functional
63766,functional
10955,functional
4548,non functional
24861,functional
63905,non functional
43684,functional
34942,functional
70817,non functional
72941,non functional
39536,non functional
16392,non functional
33819,non functional
46871,functional
8759,non functional
29279,functional
73930,functional
5474,functional
55676,non functional
49371,functional
30850,non functional
12641,non functional
48288,functional
39898,non functional
66859,functional
39929,functional
53674,functional
10617,non functional
10931,non functional
13210,functional
60053,non functional
38003,functional
28296,functional
26577,functional
38758,functional
66402,functional
37573,functional
5606,functional
40496,non functional
37925,non functional
5979,functional needs repair
19959,functional needs repair
24767,functional
64064,functional
15836,non functional
55164,functional
15410,non functional
53614,functional
31055,functional needs repair
9849,functional
19687,functional needs repair
45160,non functional
56059,functional
43455,functional
21175,non functional
55356,non functional
43289,functional
35182,functional
48190,non functional
68204,functional
33548,functional
68992,non functional
70713,functional
29949,non functional
29867,functional
29556,non functional
42981,non functional
14520,non functional
49957,functional
43304,functional
6644,functional
47468,functional
55462,non functional
47404,functional
42146,functional
63245,non functional
5845,functional
628,functional
25734,non functional
25547,non functional
23480,functional
66656,functional
16693,functional needs repair
44054,functional
37978,non functional
68774,non functional
43132,non functional
54574,functional
34,non functional
52975,functional
35723,non functional
30583,functional
63977,non functional
28229,functional
21116,functional
6266,functional
34640,functional
12553,functional
13614,functional
20142,functional
43596,functional
4002,non functional
60950,functional needs repair
2504,functional
34951,functional
55265,functional
20940,functional
69398,functional
26780,functional
39635,functional needs repair
53566,non functional
73808,functional
37743,non functional
43071,non functional
3453,functional needs repair
51474,functional
55395,functional
58099,non functional
3965,functional
33797,non functional
73974,functional
66271,non functional
38398,non functional
43312,non functional
26548,functional
17799,functional
61126,non functional
46338,non functional
65584,functional
46372,non functional
44791,non functional
26731,functional
8166,non functional
5333,functional
30109,functional
57265,functional
31316,functional
16136,functional
56005,functional needs repair
41186,functional
11756,functional
61611,functional
68221,functional
64751,non functional
69099,functional
69924,functional needs repair
7047,functional needs repair
950,functional
44421,non functional
55399,non functional
33699,functional
11765,non functional
68295,non functional
26162,functional
73359,functional needs repair
69198,functional
59657,non functional
63007,non functional
37078,functional
7451,non functional
53845,functional
46978,functional needs repair
29299,functional
44506,non functional
12710,functional
31836,functional
71618,functional
8002,non functional
8570,functional
51964,non functional
6583,functional
54384,non functional
11245,non functional
48027,functional
21999,non functional
44449,functional
36745,functional
70844,non functional
34666,functional
30107,non functional
56716,functional
71358,functional
69763,functional
6236,non functional
52606,non functional
64613,functional
48113,functional
19167,functional
19617,non functional
56345,non functional
20551,functional
19375,functional
68902,functional
25791,functional
50958,functional
9341,non functional
39575,functional
67785,non functional
20502,functional
55509,non functional
16503,functional
71559,non functional
71688,non functional
27342,functional
33665,functional needs repair
21637,functional
39826,functional
35101,functional
27145,functional
49201,non functional
25341,functional
57029,non functional
11327,non functional
61971,non functional
18483,non functional
60322,functional
46938,functional
57148,non functional
64595,functional
73971,non functional
66423,non functional
54375,non functional
31247,non functional
47018,functional
21667,functional
29490,non functional
8022,functional
34313,non functional
41650,non functional
50261,functional
17057,non functional
12675,non functional
36081,functional needs repair
39046,functional
45002,functional needs repair
46526,functional
23084,non functional
9666,non functional
68486,functional
46082,functional
73309,functional
6032,functional
70806,functional
63036,non functional
14100,non functional
61075,functional
61595,functional
22450,functional
1922,functional
41664,functional
72212,non functional
72879,non functional
2839,non functional
4889,non functional
70338,functional
48564,functional
39946,non functional
63734,non functional
8846,functional
71795,functional
49450,non functional
29376,functional
70612,functional needs repair
51433,functional
19003,functional needs repair
33270,functional needs repair
69427,non functional
72480,functional
585,non functional
69396,functional
62516,non functional
4275,functional
18541,non functional
51634,functional needs repair
54155,functional
43628,functional
63361,functional
39411,non functional
51838,functional
73878,functional
27360,functional needs repair
36367,functional
23098,non functional
34390,non functional
48774,functional
27855,non functional
23783,non functional
46559,non functional
49756,functional
4484,non functional
455,non functional
58297,non functional
30096,functional
28675,non functional
66034,non functional
59151,functional needs repair
66373,functional
32412,non functional
46484,non functional
49240,non functional
4354,non functional
5376,functional
25643,functional
62135,non functional
37517,functional
69844,non functional
24576,non functional
32531,functional needs repair
26588,functional
10954,functional
17065,non functional
61561,functional needs repair
20742,functional
71577,non functional
49080,non functional
28103,non functional
14176,functional
29450,non functional
40322,functional needs repair
34297,functional
36393,non functional
56998,functional needs repair
68328,non functional
54738,functional
73077,functional
35484,non functional
50642,non functional
8840,functional
15808,functional
33362,non functional
25890,functional
12249,non functional
74230,functional
46693,non functional
53162,functional
67373,functional
70654,functional
4594,functional
1772,non functional
36490,non functional
40627,functional
54927,functional
35778,non functional
11247,functional needs repair
65417,functional
40256,functional
4487,non functional
39237,non functional
32320,non functional
17024,non functional
2241,functional
13808,functional
30097,functional
58624,functional
63626,non functional
21434,functional
13211,non functional
66081,non functional
17317,non functional
27388,non functional
40794,non functional
67174,non functional
23327,functional
43503,functional
47172,non functional
53015,non functional
10848,functional
51253,functional
37147,functional
53307,non functional
70061,non functional
21763,functional
71764,non functional
47048,functional
7256,non functional
27046,functional
66766,functional
27837,functional
17840,functional
16132,non functional
58829,functional
10969,functional
64219,non functional
73425,functional needs repair
49417,functional
56079,functional needs repair
43967,functional
31825,non functional
50518,functional
66681,functional
42208,non functional
59825,non functional
62902,functional
24796,non functional
15580,functional
35654,functional
48692,functional
65497,functional
43966,functional
47357,functional
50896,non functional
8621,non functional
761,functional
36480,functional
61043,functional
62815,non functional
59598,non functional
30648,non functional
11432,functional
30763,non functional
12867,non functional
41231,non functional
4881,non functional
74170,functional needs repair
10204,non functional
18449,functional
59646,functional needs repair
50017,non functional
30494,functional needs repair
15075,non functional
2813,non functional
57321,functional
32455,functional
49630,functional
42392,functional
49751,functional
1864,functional
12301,non functional
8763,functional
30102,functional
43838,non functional
24352,non functional
22222,functional needs repair
8963,functional
58348,non functional
2201,functional
46678,non functional
70397,functional
1696,functional
67298,functional needs repair
58247,non functional
4440,non functional
7449,functional
13580,non functional
17204,functional needs repair
38651,non functional
41482,functional
18122,non functional
33313,non functional
58957,functional needs repair
62646,functional
71941,non functional
59165,functional needs repair
66831,functional
7335,functional
35720,functional
34355,non functional
54902,functional
7159,functional
69842,functional
67335,non functional
18326,functional needs repair
4999,functional
67251,non functional
1094,functional
860,functional
40131,functional
42254,functional
52948,functional
25577,non functional
72750,functional
55494,functional
68231,non functional
69238,functional
9801,functional
4074,non functional
11380,functional
16259,functional needs repair
72009,non functional
105,functional
48347,functional needs repair
55840,non functional
12673,functional
69364,functional needs repair
32076,non functional
22098,functional
32178,functional
42961,functional
33038,non functional
60561,functional needs repair
8954,non functional
6320,non functional
63072,functional needs repair
72734,functional
51908,functional needs repair
6398,functional
14879,functional
30824,functional
4695,functional
60208,non functional
64405,functional
16054,functional
66435,non functional
3542,functional
58486,functional
35183,non functional
51912,functional
24450,functional
58600,functional
27961,functional
1412,non functional
72378,non functional
3091,functional
59426,non functional
3002,non functional
74036,functional
6312,functional
30410,functional
32374,non functional
68161,functional needs repair
30901,functional
1839,functional
71275,functional
53312,functional
72816,non functional
3289,non functional
19849,functional
72993,functional
1155,functional
19965,functional
32013,functional
57169,non functional
1014,non functional
68305,non functional
62443,functional
3950,functional
33305,non functional
67470,functional
51346,non functional
72080,non functional
65924,non functional
31576,functional
1255,functional
68855,functional
30053,functional
22870,non functional
57788,functional
20297,non functional
40519,non functional
71072,functional
52583,functional
31034,functional
4420,functional
10801,non functional
30486,non functional
67010,functional
2303,functional
5892,functional
23745,non functional
39449,non functional
53624,non functional
65594,non functional
71232,functional needs repair
56764,non functional
38881,functional
58205,non functional
49839,functional
10417,non functional
30709,non functional
54934,functional
44151,functional
49153,non functional
57707,functional
21399,functional
45432,functional
60448,functional
4373,functional
16860,functional
34080,functional
60047,functional
47956,functional
20904,functional
4410,functional
5897,functional
51843,functional
10278,functional
6889,functional
62876,functional
565,non functional
58270,non functional
2555,functional
64777,functional
48166,non functional
21927,non functional
20749,non functional
61139,functional
15972,functional
27745,functional
44225,functional
42824,functional
5957,functional
327,non functional
35427,non functional
13820,functional
48259,functional
52321,functional
4514,functional
13547,non functional
8824,non functional
31553,functional
42388,non functional
8308,functional needs repair
54740,non functional
56181,non functional
13863,functional
41165,non functional
8711,functional
8477,non functional
3533,functional
20085,non functional
71850,functional
67038,non functional
22906,functional
41760,non functional
2658,functional
57947,non functional
16865,functional needs repair
72532,non functional
55169,functional
10947,functional
34325,non functional
39194,non functional
6188,functional
25967,non functional
29821,functional
2516,non functional
49151,functional
5899,non functional
72391,functional
44315,functional
4827,functional
74125,functional needs repair
18243,non functional
21432,functional
59597,functional
8156,non functional
16297,functional
16299,non functional
12980,non functional
11595,non functional
14156,functional
53642,functional
27088,functional
73962,non functional
61838,functional
49337,non functional
265,non functional
52077,non functional
35024,functional
17612,functional
6980,functional
60131,functional
52158,non functional
54277,functional
59393,non functional
32797,functional
42202,functional
58832,functional
48791,functional
4038,functional
48096,non functional
10447,functional
65758,functional
22105,functional
26496,non functional
38463,functional needs repair
58413,functional
40646,functional
54925,functional needs repair
35682,functional
44552,functional
72195,functional
72439,functional
7126,non functional
38625,functional needs repair
66927,non functional
12894,functional needs repair
29082,functional
17326,non functional
68852,non functional
18224,functional
63896,functional
56214,functional
18582,functional
47863,functional
72370,non functional
56012,non functional
54869,non functional
52183,non functional
38325,non functional
36135,functional
23707,functional
72937,functional
60785,functional
6185,functional
49815,functional
27401,functional needs repair
9839,functional
62618,functional
21064,functional
52687,functional needs repair
69801,non functional
7303,functional
1399,functional needs repair
15992,functional
65865,functional
67143,functional
29634,non functional
58696,non functional
51966,functional needs repair
9448,functional
47185,functional
11283,functional
1141,functional
71547,non functional
41830,non functional
530,non functional
68370,functional
16823,non functional
3479,non functional
26172,functional
38051,functional needs repair
48889,functional
17822,non functional
8205,non functional
64605,non functional
70873,non functional
47716,non functional
52589,non functional
46666,non functional
23660,functional
15692,non functional
18261,functional
68417,functional
56167,functional
46342,non functional
32670,non functional
15715,functional
26417,functional
44247,non functional
4102,functional
50185,non functional
7282,functional
67573,functional
4456,functional
26885,functional
52482,non functional
52042,functional needs repair
19160,functional
54729,functional
17419,non functional
61601,functional
66860,functional
72638,functional
63140,functional
14115,functional
8909,functional needs repair
39884,functional
3723,non functional
36951,non functional
22048,functional
69934,functional
10975,functional
37746,non functional
25517,non functional
40919,non functional
38800,non functional
4875,non functional
54979,functional
63128,functional
7147,functional needs repair
47129,non functional
64342,non functional
68093,non functional
22923,functional
35142,non functional
51045,non functional
47068,functional
64550,functional
45026,functional
68728,functional
55989,functional
18665,functional needs repair
14413,non functional
8396,functional
73088,functional
23146,non functional
4322,non functional
4474,non functional
5040,non functional
69865,non functional
24701,non functional
25594,functional
72849,non functional
41194,functional
52572,non functional
28556,non functional
7137,functional
62713,non functional
2954,non functional
67432,functional
59490,functional
8949,non functional
18522,functional
16130,functional
8178,functional
15700,functional needs repair
29803,non functional
36241,functional
47342,functional
13764,functional needs repair
28306,non functional
71610,non functional
54425,functional
53444,functional
52460,non functional
69884,functional
38630,functional
1203,functional
40217,functional
31831,non functional
72852,functional
72875,functional
63117,functional
15391,functional
10595,functional
21121,functional
30345,functional
17690,functional
23156,non functional
40168,non functional
23453,functional
48845,functional
60235,functional needs repair
28768,functional
41892,non functional
60293,non functional
13119,non functional
11134,functional
42923,non functional
72294,non functional
61202,functional
10404,functional
57879,functional
14369,functional
32497,non functional
69048,functional
39576,non functional
43927,functional
49543,functional
69693,functional needs repair
18779,functional needs repair
57845,functional
40787,functional
54270,functional
50835,functional
22808,non functional
13379,functional needs repair
62830,functional
4785,functional
8423,functional
33221,non functional
68518,non functional
31324,functional
23233,functional
24323,non functional
10966,functional
5638,functional
46542,non functional
29737,functional
49895,functional
22699,non functional
31435,functional
36914,functional
48434,non functional
49218,non functional
51549,functional
22680,functional
3015,functional
36809,non functional
37044,functional
53762,functional
40316,non functional
33714,functional
67456,non functional
50932,non functional
59032,non functional
23002,functional
41258,functional
62907,non functional
56518,functional
5973,functional
4586,functional
64368,functional needs repair
25578,functional
44676,functional
10289,non functional
524,functional needs repair
49322,functional
22457,functional
21645,non functional
20766,functional needs repair
903,non functional
9269,functional
24378,functional
17574,functional
54196,non functional
52884,functional
16798,non functional
20020,functional
53268,non functional
32726,non functional
3065,non functional
41900,functional
62599,functional
71888,functional
37116,non functional
52847,functional
35559,functional
38568,functional
56974,functional
73883,functional needs repair
40993,functional needs repair
12680,non functional
27338,functional
61447,non functional
46956,non functional
35981,non functional
19289,non functional
70322,functional
64151,non functional
69589,functional needs repair
43168,functional
57833,functional
46781,functional
31713,non functional
18681,functional
43507,functional
54764,non functional
60914,functional
24745,functional
73881,functional
35625,non functional
42258,functional
40851,functional
21472,non functional
8126,functional
69217,non functional
56640,non functional
73573,functional
46292,functional
9637,functional
66671,functional needs repair
1944,non functional
36094,non functional
9761,non functional
56797,non functional
20289,functional
8111,non functional
40861,non functional
6402,non functional
3412,non functional
7033,non functional
21109,functional
29826,non functional
71107,functional
48544,functional
64216,non functional
6921,non functional
71838,functional
8898,functional
34947,non functional
33872,functional
5535,functional
24218,non functional
56413,functional
65162,non functional
58110,non functional
19863,non functional
71711,functional
38919,non functional
27776,functional
25103,functional needs repair
37388,functional
34082,functional
47074,functional
24428,functional
72848,non functional
8919,non functional
62195,non functional
66217,non functional
46992,functional
61934,functional
22735,non functional
67902,functional
41065,non functional
11585,non functional
39738,functional
33065,non functional
46283,non functional
64870,functional
59583,functional
42564,non functional
151,functional
23630,functional
64221,functional
30280,functional
17071,non functional
14851,non functional
60762,non functional
63224,non functional
66518,functional
38107,functional
9112,functional needs repair
47676,non functional
53228,functional
3215,non functional
70715,functional
28665,functional
61484,functional
23288,non functional
73194,functional
59818,non functional
24032,non functional
31968,non functional
54329,functional needs repair
64843,non functional
54610,non functional
62924,functional
57499,functional
19600,functional
34316,functional
6591,non functional
53038,functional
20591,functional
27683,functional
3349,functional
14884,functional
20604,non functional
22696,functional
41576,functional
334,non functional
56248,functional
48659,functional
30652,functional
71503,non functional
64809,functional needs repair
27078,functional
28009,non functional
67893,non functional
38363,functional
73931,functional
37886,non functional
42428,non functional
59281,non functional
18670,non functional
11096,functional
53009,functional
59405,functional
56985,non functional
26847,non functional
65003,functional
28372,functional
49055,functional needs repair
51007,non functional
38370,functional
18188,functional
24117,functional
23161,functional
26916,functional
59751,functional
17753,non functional
28813,non functional
68534,functional
52298,functional
6988,functional
27056,non functional
6937,functional
21785,functional
592,functional
68134,functional
14138,functional needs repair
57659,non functional
14511,functional
58898,functional
16310,non functional
36878,functional needs repair
16481,functional
56087,non functional
69931,functional
63543,functional
27427,non functional
24426,non functional
64114,functional needs repair
45917,functional
72820,non functional
59353,functional
70839,non functional
45144,functional
54550,non functional
1224,non functional
28343,functional
33388,non functional
72380,functional needs repair
25961,functional
22914,functional
59457,functional
48746,non functional
39888,functional needs repair
9030,non functional
19306,non functional
34163,non functional
68527,non functional
51439,functional
20724,non functional
24787,non functional
49038,functional
21233,functional
69009,functional
28076,non functional
66286,non functional
68431,non functional
1156,functional
57483,non functional
62479,functional needs repair
17062,functional needs repair
62191,functional
10687,functional
59551,functional
35002,functional
33019,non functional
43740,non functional
43512,non functional
73529,functional
31211,non functional
9772,functional
9421,functional
70552,functional
67088,functional
24841,functional
51936,functional
64504,functional
28604,functional
40334,functional
37639,functional
3300,functional
67113,functional
69015,functional
25551,functional
16475,functional
67712,functional
29297,non functional
59271,non functional
8167,functional needs repair
66456,functional
72186,functional
40384,non functional
10237,functional
33683,functional
2511,functional
71110,functional
57632,non functional
35197,non functional
22238,non functional
51590,functional
5498,non functional
51014,non functional
15539,functional
11564,functional needs repair
68935,functional
10622,functional
52276,non functional
63487,functional
28549,non functional
67433,functional
19968,functional
46925,functional
5261,functional
7702,functional
46588,non functional
55192,non functional
29898,functional
51781,non functional
42522,non functional
4718,functional
52784,functional
62906,non functional
33447,functional
28644,functional
57130,functional
4058,non functional
22040,non functional
5081,non functional
14686,non functional
130,non functional
56811,functional
41675,functional
43381,functional
33125,non functional
24937,functional needs repair
56106,functional
26996,functional
55481,functional
42321,functional
33036,non functional
37557,functional
45985,non functional
40375,functional
64227,functional needs repair
2904,functional
27916,functional
7482,functional needs repair
29643,non functional
56883,non functional
21817,functional
57147,non functional
37741,functional
33338,functional needs repair
18047,non functional
70890,functional
48717,non functional
50693,functional
46290,non functional
41480,functional
34100,functional
28048,functional needs repair
1542,functional
70326,non functional
9285,non functional
50993,functional
50302,non functional
72698,functional
55059,functional
68343,functional
67840,functional
6384,functional
71864,functional
55575,functional
66532,non functional
18851,functional
67603,functional
59170,non functional
35598,non functional
24785,functional
17967,non functional
72386,functional
32153,non functional
65276,functional
62687,non functional
38165,functional
46823,non functional
33318,functional
53425,functional
21800,functional
18716,functional
50389,non functional
72626,functional
43135,non functional
48295,non functional
45988,functional
25339,functional needs repair
26742,non functional
24738,functional
45775,non functional
9391,non functional
17683,functional
61590,functional needs repair
12447,functional
58806,functional
27960,non functional
16566,non functional
57812,functional
66248,non functional
63968,functional
37049,functional
18530,non functional
34144,functional
28600,non functional
57585,functional
53661,non functional
47706,functional
12451,functional
27861,non functional
27112,functional
36369,functional
68690,non functional
30138,functional
2667,functional
9981,functional needs repair
21174,non functional
30928,functional
4436,functional
35741,functional
70237,functional
46703,non functional
53830,functional
113,functional
59199,functional
52447,non functional
64764,functional
57513,functional
67684,non functional
17111,functional
52648,non functional
63296,non functional
10822,functional
30714,non functional
7502,functional
42159,non functional
35686,functional
68009,functional
47220,non functional
46388,functional
8907,non functional
63080,functional
37271,functional
66501,functional
59553,non functional
18640,non functional
66324,functional
22743,non functional
39912,non functional
7540,non functional
60396,functional
68250,non functional
40566,functional
56577,functional
27147,functional
18089,functional
11277,non functional
68347,non functional
13818,functional
70185,non functional
14495,functional
20432,non functional
7854,functional
5881,non functional
46683,non functional
52373,non functional
41535,functional
22804,non functional
69292,non functional
59562,functional
786,non functional
56855,non functional
53495,functional
54273,non functional
13380,functional
3633,functional
47156,non functional
54921,functional
41134,functional
5247,functional
49666,functional needs repair
46015,functional
644,functional
15214,functional
43096,functional
5759,non functional
47876,functional
30037,non functional
7175,functional needs repair
39084,functional
26100,functional
11665,non functional
19552,functional
2426,functional needs repair
52050,non functional
44882,functional
55003,functional
61378,functional
50582,non functional
44589,functional
70246,non functional
24145,non functional
1,functional
53524,functional
7627,non functional
62376,non functional
28365,non functional
58321,non functional
40567,functional
49618,functional
29740,non functional
27522,non functional
19197,functional
57038,functional needs repair
41125,non functional
69982,non functional
20364,non functional
58372,functional
65252,non functional
13546,functional
67450,functional
70201,functional
72679,functional
21683,functional
21244,functional
42081,functional
71408,functional
63379,functional
4756,functional needs repair
35136,functional
57611,non functional
9202,functional
35975,non functional
40260,functional
13616,functional
66827,functional
57981,functional
28557,functional
27133,non functional
55981,functional
39992,functional needs repair
60382,functional
22451,functional
53317,functional
60428,non functional
8071,functional
59853,functional
2865,functional
5230,functional
21534,non functional
9335,non functional
64452,non functional
13792,functional
38440,functional
6034,functional
44900,functional
8277,functional
72817,non functional
60019,functional
5908,functional
51202,non functional
20169,functional
1626,functional
52481,non functional
27547,non functional
44842,functional
21547,non functional
56765,functional
65870,non functional
10745,functional
27617,non functional
66349,non functional
11791,non functional
31842,functional
31182,functional needs repair
54667,functional
27616,functional
7843,functional
52402,non functional
57314,functional
14613,functional
37556,non functional
30178,non functional
51483,non functional
68703,non functional
35034,functional
51528,non functional
46842,non functional
29981,functional
71412,non functional
39296,functional needs repair
19497,non functional
73461,non functional
56066,functional
22227,functional
10609,non functional
39347,functional
23210,functional
37111,functional
39956,non functional
3808,functional
73397,non functional
48119,functional
34579,non functional
5429,non functional
53465,non functional
45964,functional
11356,functional
37567,functional
2319,non functional
8833,non functional
45698,non functional
34715,non functional
51092,non functional
52412,non functional
49862,non functional
61349,non functional
44417,functional
60602,non functional
25504,non functional
7179,functional
10085,functional needs repair
50031,non functional
52714,functional
69677,non functional
32103,functional
31820,functional needs repair
16553,functional
573,non functional
30994,functional
57399,functional
18904,functional
62916,functional
56438,functional needs repair
1579,functional
27803,non functional
29459,non functional
3963,functional
12596,functional
31511,functional
19066,functional
15251,functional needs repair
59971,functional
66664,functional
69502,non functional
20420,functional
1730,functional
8381,non functional
9737,non functional
37926,functional
9552,functional
20705,non functional
49683,non functional
20506,non functional
34074,non functional
61190,functional
29856,non functional
72055,functional needs repair
63051,functional
2352,functional
41555,functional
64081,non functional
55837,non functional
12578,functional
47406,non functional
12725,non functional
62614,functional
35641,non functional
62633,functional
9369,non functional
32232,non functional
46164,functional
11460,non functional
45721,functional
64487,non functional
16741,non functional
35737,functional needs repair
71190,functional
22860,functional
38063,non functional
59769,functional
73176,non functional
73128,non functional
39608,functional
1015,functional needs repair
62461,functional needs repair
31971,functional
36775,functional
18738,functional needs repair
35028,functional needs repair
53779,functional
37320,functional
5303,non functional
72893,non functional
8133,non functional
58830,functional
4164,non functional
52080,functional
30509,functional
2365,functional
72779,functional
6856,functional
8527,functional
60969,functional
56743,non functional
71824,functional
48089,functional needs repair
14125,non functional
60426,non functional
4209,non functional
72392,non functional
70913,functional
5205,functional needs repair
63687,non functional
61970,functional
32251,functional
44261,non functional
8354,non functional
67359,non functional
66466,functional
71703,functional
45014,non functional
49257,non functional
52537,functional
19656,non functional
45751,non functional
60769,non functional
73418,functional
47750,functional
26175,non functional
10507,functional
54949,functional
57166,functional
55867,functional
21262,functional
32106,non functional
12836,functional
10008,functional
28142,non functional
1660,non functional
25629,non functional
30800,functional
55199,non functional
60787,functional
44570,non functional
24677,functional
53265,functional
22770,functional needs repair
25765,non functional
48167,non functional
40203,non functional
55934,non functional
4850,non functional
18454,functional
54965,functional
54551,non functional
33715,non functional
50868,functional
42890,functional
32731,non functional
40652,functional needs repair
9574,functional
21967,functional
5986,functional
43022,functional
22258,functional
33960,functional
74238,non functional
37291,non functional
68394,non functional
50283,non functional
68450,non functional
37492,functional needs repair
32170,non functional
17403,functional
14599,non functional
44637,non functional
11999,non functional
39491,non functional
2444,non functional
70649,functional
43863,functional
37595,functional
42651,functional
63237,functional needs repair
8180,functional
42307,functional
14747,non functional
36877,functional
4224,non functional
38902,functional
5294,non functional
61150,non functional
4147,non functional
67473,non functional
24629,non functional
44722,functional
314,functional
33191,functional
27709,functional
66517,non functional
2634,functional
45009,functional
56995,functional
69330,functional
14706,non functional
17584,non functional
46487,functional
53742,functional
70131,non functional
2369,functional
17504,functional
54795,functional
23399,functional
3181,non functional
29552,functional needs repair
4746,functional
46763,non functional
20633,non functional
34736,functional
44081,non functional
63411,non functional
52419,functional
34823,functional
29983,non functional
23792,non functional
57866,functional
15064,non functional
10794,functional
9817,functional
17662,functional
16740,functional
56333,functional
57901,functional
39191,non functional
29066,functional
40796,non functional
63474,functional
20337,functional
63892,functional
35816,functional
48816,functional
67976,non functional
46913,functional
36217,functional
68464,non functional
1941,functional
35635,functional
46013,functional
8574,functional
71415,non functional
350,non functional
28598,functional
29528,functional
44234,functional
20131,functional
64772,non functional
28562,non functional
53568,functional
43930,functional needs repair
60258,functional
70449,functional
12769,functional
46909,functional
16511,non functional
42672,functional
37126,functional needs repair
12610,functional
33212,functional
28608,functional
48813,functional
71895,functional
62169,functional
53666,non functional
45245,non functional
35283,non functional
11267,functional
31443,functional
34328,functional
14691,functional
30287,functional
59925,functional
21872,functional
39405,functional
23686,non functional
2970,functional
11985,non functional
6657,non functional
55328,functional
15914,non functional
72910,functional
44083,functional needs repair
51225,functional
61070,non functional
60395,non functional
3223,functional
21838,functional
12188,non functional
27049,functional
68021,functional
66668,non functional
61867,functional
65124,non functional
44086,non functional
43900,functional
15594,functional
60986,functional
48392,functional
47698,functional
26842,non functional
42390,functional needs repair
8648,functional needs repair
54450,functional
44323,functional needs repair
23688,non functional
35881,functional
65534,non functional
9219,functional
33217,non functional
12326,functional
11166,non functional
59633,functional
73905,non functional
2927,functional
25613,functional
70825,functional
5421,non functional
40457,non functional
4628,non functional
30185,non functional
61736,non functional
24198,non functional
39097,non functional
2542,functional needs repair
26470,functional
15300,non functional
1726,non functional
6040,functional
29876,functional
4540,functional needs repair
32095,functional
39427,functional
49385,non functional
33348,functional needs repair
71909,functional
60308,non functional
67539,non functional
8603,functional needs repair
45226,functional
62956,functional needs repair
25526,non functional
17875,non functional
71471,non functional
37606,functional
23561,functional
56002,non functional
41840,non functional
27629,non functional
3879,non functional
20843,functional
69154,non functional
65265,functional needs repair
6425,functional
56798,non functional
1961,functional
46251,functional
40006,functional
10055,functional
42783,non functional
12340,functional
69058,functional
58198,non functional
47515,functional
53078,functional
10714,functional
23723,non functional
36954,functional
50455,non functional
52154,functional
32065,functional
58622,functional
53981,functional
28764,functional
3100,functional
69636,functional
26106,functional
46172,functional
17807,non functional
48133,functional
18967,functional
10308,functional
51744,non functional
8271,functional
12376,non functional
66634,non functional
18542,non functional
59831,non functional
59331,functional
53082,functional
22803,non functional
46139,functional
33645,functional
38821,non functional
10009,functional
6729,functional
3086,functional
7153,functional
38267,functional needs repair
953,functional
63781,functional
9246,functional
61673,non functional
13387,functional needs repair
6913,non functional
53130,functional
63791,functional
50908,non functional
20082,non functional
30959,non functional
822,functional
72601,non functional
52262,functional
978,functional
71079,non functional
37372,functional
44919,functional
9260,functional
37098,non functional
57468,non functional
54441,functional
11409,functional
61843,functional
30330,functional needs repair
26050,functional
11785,functional
16527,non functional
43640,functional
44533,non functional
64359,functional
64615,functional
4621,functional
58142,functional
33982,non functional
73688,non functional
42738,functional
4796,functional needs repair
17280,non functional
42240,functional
65728,functional
40938,functional
64911,functional
27016,functional
24868,non functional
7076,functional
22188,functional
57494,functional
26759,functional
23409,functional
59962,functional
20837,non functional
4136,functional
28058,functional
4219,functional
71059,non functional
4842,functional
39853,non functional
67641,functional
41417,functional
34248,non functional
73045,functional
36470,functional
7352,functional
28502,functional
64262,non functional
36597,non functional
47320,functional
39188,functional
55963,functional
68807,non functional
7393,non functional
28129,functional
72089,non functional
3485,non functional
33350,functional
16722,functional
1686,functional needs repair
48661,functional
72483,non functional
19456,functional
22070,non functional
33420,functional
11534,non functional
30828,functional
51925,functional
25843,functional
47269,functional
61782,non functional
33,functional
22298,non functional
47312,non functional
48496,non functional
23304,functional
4361,non functional
49436,functional
43968,functional
51603,non functional
45637,non functional
10485,functional
40570,functional
67459,functional
43616,functional
3801,functional needs repair
57064,non functional
3125,functional
21478,functional
64838,functional
60765,functional
31648,functional
53378,functional
9222,functional
51570,functional
66638,non functional
30990,non functional
60454,functional
63633,functional
30127,functional needs repair
67392,functional
23356,functional needs repair
10958,functional
71669,non functional
10449,functional
64745,functional needs repair
11184,functional
6775,functional
39402,functional
18553,non functional
19767,functional
31430,functional
53710,non functional
9181,functional
39787,non functional
30174,functional
63800,non functional
17941,functional
45319,non functional
54708,functional
24127,functional
11736,functional
67550,functional
56594,functional
33188,non functional
599,non functional
27173,functional
35374,non functional
71011,non functional
21421,functional
14583,non functional
17174,functional
7817,functional
12420,non functional
8434,functional
61287,non functional
31509,functional
43242,non functional
16412,functional
45511,functional
61778,functional
60833,functional
32681,functional
32855,functional
70498,functional
39726,non functional
17776,functional needs repair
73794,functional
39948,functional
62867,non functional
10358,functional
33877,functional
53231,non functional
26372,functional needs repair
60022,functional
41218,functional
40395,functional
13533,functional needs repair
71085,functional
15572,functional
19888,non functional
69387,non functional
48844,non functional
49773,functional
41247,functional
63265,non functional
9739,functional
68845,functional needs repair
9769,functional needs repair
25845,non functional
14551,functional
41230,functional
38420,non functional
62178,non functional
72569,functional
71861,functional
55440,non functional
67977,non functional
11504,non functional
19124,functional
49555,non functional
6904,functional
11275,functional
48925,functional
40584,functional
4320,functional
31788,functional
59376,non functional
55582,non functional
42739,functional needs repair
62765,functional
3330,non functional
72325,functional
40592,non functional
27116,functional
37907,non functional
58381,functional
31329,functional needs repair
13368,non functional
45690,non functional
45818,non functional
23460,functional needs repair
73729,non functional
30172,functional
64226,functional
36145,functional
49474,functional needs repair
2600,functional
59620,functional
36869,functional
67965,non functional
68678,non functional
63083,non functional
57013,functional
36950,non functional
39067,functional needs repair
65048,functional
296,functional
15514,functional
73835,non functional
68825,functional
11834,functional
41538,non functional
21437,functional
35604,functional
60570,functional
66057,non functional
55441,non functional
68118,functional
42144,functional
69860,non functional
48095,non functional
58368,non functional
39258,functional
23694,functional
37660,functional
61790,functional
55365,non functional
51311,non functional
18805,functional
1532,non functional
52493,functional
70437,non functional
10340,non functional
43894,functional needs repair
35766,non functional
40901,non functional
50809,functional
5417,functional
44468,functional
26145,non functional
55960,non functional
18635,non functional
38664,non functional
65576,functional
73768,non functional
49638,non functional
10644,non functional
71440,non functional
3229,functional
44226,non functional
61509,functional
27663,non functional
51519,non functional
39465,non functional
4512,non functional
68339,functional
19768,functional
41142,functional
61711,functional
35202,functional
43499,non functional
43453,functional needs repair
67311,non functional
638,functional
47869,functional
17747,functional needs repair
190,functional
18114,non functional
37223,functional
66967,functional
43485,functional needs repair
37790,functional needs repair
43439,non functional
4625,functional
53246,non functional
34964,non functional
21570,non functional
38673,non functional
61358,non functional
27812,non functional
43249,functional
24720,non functional
57509,functional
71555,functional
44543,functional
25794,functional
28143,non functional
66872,non functional
64205,functional
62550,functional
36067,functional needs repair
15634,functional
49915,functional
68826,non functional
8131,functional
57237,non functional
4308,functional
6735,functional
61413,functional
55838,functional
55037,functional
72266,functional
483,non functional
377,functional
74180,non functional
72774,functional
23842,non functional
2613,functional
15632,non functional
32971,functional
61818,functional
5507,non functional
8186,functional
67306,functional
68581,functional
46474,functional needs repair
20509,functional
66682,non functional
32068,functional
63449,functional
24174,functional
62842,functional
18985,functional
4565,functional
34102,non functional
46012,non functional
58159,non functional
60340,functional
35526,functional
11712,non functional
56524,functional
71152,functional
32459,non functional
37768,non functional
6227,non functional
68680,functional
35247,functional
28791,non functional
23770,non functional
2710,functional
64829,functional
38086,functional
55885,functional
7443,functional
64572,non functional
40981,non functional
13827,functional
37416,functional needs repair
23022,functional needs repair
70677,functional
738,functional
31439,functional
6849,functional
35121,functional
19127,non functional
41039,non functional
29792,non functional
72724,functional needs repair
12370,non functional
61262,non functional
47796,functional
24257,non functional
5652,functional
44825,functional
9158,non functional
42467,non functional
43911,functional needs repair
66327,non functional
25150,non functional
73824,non functional
55058,non functional
48597,functional
30539,functional
50239,functional
57517,functional
46931,functional
44155,non functional
19560,non functional
66415,functional
51362,functional
63298,non functional
63392,functional
18790,functional
44819,non functional
5558,non functional
50968,functional needs repair
2857,functional
53691,non functional
27894,functional
47313,functional
71053,non functional
34687,functional
51133,functional
12967,functional needs repair
34252,non functional
26373,functional
18443,functional
29786,non functional
33659,functional
42292,functional
52467,non functional
34662,functional needs repair
66732,non functional
57516,non functional
10036,functional
42478,functional
39101,non functional
73189,non functional
34169,functional needs repair
72121,functional
44181,functional
69260,non functional
566,non functional
34067,non functional
73847,functional
53351,functional
40187,non functional
12492,functional
63086,non functional
52791,non functional
40211,functional
62892,non functional
63143,functional
6450,functional
63292,non functional
7197,non functional
67357,functional
21508,functional
12552,functional
29222,non functional
12843,functional
58226,functional
1536,functional
4218,non functional
45434,non functional
15418,functional
65953,functional
59189,functional
58456,non functional
46165,functional
50662,functional needs repair
28679,non functional
38053,non functional
15901,non functional
14609,non functional
23401,non functional
29829,non functional
8573,functional
15478,non functional
26775,non functional
56623,non functional
41618,functional
38084,functional
11909,non functional
38633,functional
69607,functional
41770,functional
16338,non functional
66459,non functional
57839,non functional
32358,functional needs repair
9618,functional needs repair
50466,non functional
28797,functional
8900,functional
45791,functional
58241,functional
4387,functional
66752,functional
14388,functional
63439,non functional
70540,non functional
32039,non functional
56441,non functional
72712,non functional
28523,functional
18531,functional
63476,non functional
63006,functional
3661,non functional
61257,functional
57757,non functional
6171,functional
5506,functional
41571,non functional
38039,functional
10579,functional
63405,functional
38104,functional needs repair
39477,non functional
51596,functional
5703,functional needs repair
56848,non functional
3943,non functional
45789,functional
71611,functional needs repair
65849,non functional
9553,functional
64706,functional
52327,functional needs repair
37113,non functional
72163,non functional
28353,functional
40109,non functional
45255,functional
37161,non functional
48222,functional
2476,functional needs repair
41109,non functional
33349,non functional
37522,functional
31795,non functional
26242,functional
37343,functional
32294,non functional
67695,functional
20910,functional
26383,functional
10386,functional
64534,functional
64403,functional
7505,functional
28348,functional
35295,non functional
54091,non functional
45619,functional
31582,functional
14994,non functional
1029,non functional
49477,non functional
65327,functional
27710,functional
68195,functional
3731,functional
3780,functional
72081,non functional
62089,functional
70474,functional
42399,functional
29628,non functional
50538,non functional
1505,functional
64707,functional needs repair
38762,functional
38459,non functional
31634,non functional
72966,functional
40703,functional needs repair
37103,non functional
59625,non functional
9468,functional
57020,non functional
5914,functional
36528,non functional
69147,functional
43667,non functional
40999,functional
22844,functional
7503,functional needs repair
59749,functional needs repair
19499,non functional
44187,non functional
55221,functional
32873,non functional
41569,non functional
30979,functional needs repair
19212,functional
36964,functional
41578,functional
17348,functional needs repair
53016,functional
26219,functional
43084,non functional
59546,functional
20081,non functional
63065,functional
37333,functional
40118,non functional
55424,functional
36733,functional
70586,functional
20508,functional
7486,non functional
65810,functional
14043,non functional
53587,functional needs repair
49346,non functional
2913,non functional
31295,functional
10032,functional
510,functional
54264,functional
43392,non functional
9224,functional needs repair
3865,non functional
39029,functional
7446,functional
35348,non functional
51784,functional
58741,functional
10629,functional
66201,non functional
34060,non functional
1226,functional
31551,functional
2236,functional
32006,functional
70285,non functional
66161,functional
55387,non functional
74222,non functional
26680,functional
44117,functional
38977,non functional
17752,non functional
268,functional needs repair
39462,functional
46687,functional
65400,functional
55125,functional
33429,non functional
64872,functional
73740,functional
14617,functional
56304,functional
51969,functional
35706,functional
3684,non functional
5709,functional
56470,functional
68351,functional
36853,functional
9322,non functional
45140,functional
54411,functional
27317,non functional
58585,non functional
58722,non functional
36046,functional
58753,non functional
61813,non functional
47261,non functional
20588,functional
24154,non functional
47776,non functional
22827,non functional
26943,functional needs repair
44826,non functional
73934,functional needs repair
16017,non functional
71961,non functional
22582,functional
57009,non functional
6015,non functional
32949,functional
26918,functional
39680,functional
41999,functional needs repair
7816,non functional
17337,functional needs repair
8428,non functional
9452,functional
40992,non functional
14527,functional
28155,non functional
8034,functional
70267,non functional
51487,functional
46105,non functional
24602,functional
44650,functional
72701,non functional
46079,functional
71876,functional
3397,functional
26005,functional
31527,functional
39565,non functional
72867,functional
60332,functional
29559,non functional
23433,functional
41972,functional
12905,functional
41839,non functional
18597,functional
6469,functional
73346,non functional
55237,non functional
22052,functional
36206,functional
21608,functional
2637,functional
48703,functional
5651,non functional
61017,functional
16871,functional
39813,non functional
51312,functional
73795,functional
29316,non functional
27141,functional
57143,functional
21494,non functional
4742,functional
3194,non functional
39250,functional
14421,functional
16167,functional
47872,functional
21825,non functional
63733,non functional
46540,functional
51715,functional
35644,functional needs repair
60339,functional
22431,non functional
43002,functional
55702,functional
39831,functional
9303,functional needs repair
10580,non functional
1472,functional
66408,non functional
27216,non functional
73551,functional
31379,functional
25097,functional needs repair
34875,non functional
22643,non functional
47905,non functional
40502,non functional
41693,functional
47726,functional
53206,functional
34187,non functional
51766,non functional
48480,functional
69694,non functional
38618,non functional
45696,functional
20667,non functional
12802,functional
1964,non functional
10344,functional
30077,functional
68385,functional
64130,non functional
56129,functional
45321,functional
39788,non functional
15966,functional
1751,functional
48736,functional
43177,non functional
369,functional
63284,non functional
5848,functional
45551,non functional
56860,functional
11916,functional
29604,functional
38899,functional
58328,non functional
25974,functional
14246,functional
37067,non functional
31058,functional
62910,functional
36527,non functional
58748,functional
59336,functional
30459,functional
7618,functional
71173,non functional
48023,functional
68847,functional
16719,non functional
6052,functional
41667,functional
53547,non functional
8194,functional
38984,non functional
37057,functional
31777,non functional
15382,non functional
49286,functional
1845,functional
26835,non functional
61189,functional
22285,non functional
14929,functional
65575,non functional
13337,non functional
69880,non functional
73879,non functional
47025,functional
55577,non functional
2612,non functional
37022,non functional
35059,functional
5415,functional
69840,functional
33571,functional
39158,functional
16726,non functional
27450,functional
7345,functional
19117,functional
9767,functional needs repair
66095,non functional
41789,functional needs repair
57677,functional
57979,functional
22253,non functional
63521,functional needs repair
16664,non functional
2251,functional
72133,functional
5663,non functional
43589,non functional
47123,non functional
61667,non functional
6816,functional
5120,non functional
65783,functional
72275,functional needs repair
47450,non functional
12742,functional
22213,non functional
48448,non functional
50575,non functional
34072,non functional
68788,non functional
13739,functional
3616,functional
2805,functional
4550,functional
67201,non functional
39008,functional
65036,functional
18746,functional
48723,non functional
929,functional
9280,functional
6672,non functional
42185,functional
9923,functional
3340,functional
50293,functional
67107,non functional
70572,non functional
39267,functional
59921,functional
12421,functional
34260,functional
42878,functional
39286,non functional
58529,non functional
4238,non functional
40005,functional
26796,non functional
21661,functional
35156,functional
37683,non functional
49932,functional needs repair
19815,functional needs repair
149,functional needs repair
1478,functional
9889,non functional
72883,non functional
9848,non functional
28111,functional
70480,functional
41068,functional
63229,functional
54011,non functional
34220,functional
8662,non functional
72220,functional
72056,non functional
33912,functional needs repair
1279,non functional
6257,non functional
20830,non functional
18187,functional
42960,non functional
67157,functional
42022,non functional
62921,non functional
24388,functional
71920,functional
42648,functional
44837,functional
65916,functional
66350,functional
12760,functional
12364,non functional
59057,functional
9677,functional
69120,non functional
35562,functional
6065,functional
69544,non functional
72667,functional
70425,functional
16184,functional
58950,non functional
65456,functional
69603,functional
11619,functional
43163,functional
10045,functional needs repair
68042,functional needs repair
67326,non functional
28991,non functional
49888,non functional
4356,functional
7733,functional needs repair
39789,functional
31708,non functional
45769,non functional
37855,functional
9324,functional
45336,non functional
18831,functional
67114,functional
29743,non functional
51600,non functional
42903,non functional
26856,non functional
35867,functional
15525,functional
18840,functional
35040,non functional
8562,functional
71625,functional
12469,functional needs repair
60037,non functional
65822,functional needs repair
8977,functional
51499,functional
67249,functional
27819,functional
17613,functional
24790,functional
29109,non functional
68517,non functional
197,functional
67406,non functional
7286,functional
52546,functional
44476,functional needs repair
16123,non functional
14296,non functional
2718,non functional
59498,functional needs repair
21745,functional
63698,functional
69041,functional
6443,functional
66825,functional
3818,non functional
10962,non functional
14763,non functional
44415,non functional
50089,functional needs repair
66404,functional
39534,non functional
46367,functional needs repair
32964,functional
11019,functional needs repair
13278,functional needs repair
63707,functional
63911,non functional
20158,non functional
24216,non functional
33866,non functional
7028,functional needs repair
32206,functional
49520,non functional
33180,non functional
60742,functional
2536,functional
17100,functional
46818,functional
55077,functional
29047,functional
25340,functional needs repair
69718,non functional
36213,functional
58784,non functional
49039,functional needs repair
31173,non functional
12987,functional needs repair
37630,non functional
57648,functional
5216,non functional
19250,functional
19980,functional
68539,functional
21044,functional
71251,non functional
48662,non functional
63994,functional
29817,functional
49034,non functional
31950,functional
6618,functional
67670,functional
29440,functional
652,non functional
55943,functional
6062,functional needs repair
72718,non functional
16718,non functional
56771,functional
3052,functional
61842,functional needs repair
45347,functional
71539,non functional
28336,functional
36747,non functional
11713,non functional
73061,functional
28418,non functional
24866,functional
7317,functional
2636,non functional
59733,functional
28412,functional
22276,non functional
68833,non functional
61235,functional
2435,functional
18599,functional
64400,functional
7209,non functional
39019,non functional
51500,functional
62612,functional
40726,non functional
36568,functional
36781,functional
39923,functional
54248,non functional
12267,functional
34554,functional
29276,functional
33767,functional
61690,non functional
48386,functional needs repair
62508,non functional
8328,functional
71271,functional
24604,non functional
21194,non functional
28441,functional
3790,non functional
55297,functional
54625,functional
62031,functional
64498,non functional
9471,non functional
66583,non functional
46714,non functional
6841,functional
26765,non functional
2258,functional needs repair
2486,functional
1047,functional
16113,non functional
68976,non functional
10412,functional
10680,functional
13038,non functional
29117,functional
70966,functional
65392,functional
57150,non functional
44878,functional
42418,functional
12470,functional
14915,non functional
26818,non functional
59371,non functional
24048,functional
39138,non functional
37039,non functional
36993,functional
36430,functional needs repair
67940,functional
63523,non functional
50186,functional
14162,functional
35346,functional
25489,non functional
25682,non functional
48020,non functional
9485,functional
50623,functional
62721,functional
65038,non functional
20602,non functional
15350,functional
10819,functional
47111,functional
33373,functional
21240,non functional
72858,non functional
37179,functional
64812,functional
19915,non functional
73334,non functional
31021,functional
49717,functional
60801,non functional
44041,functional
142,functional
33073,functional
13658,functional
57053,non functional
26179,non functional
18218,functional
59852,functional
40164,non functional
32369,functional
20868,non functional
58124,functional
36102,functional
58759,functional
26783,functional
21072,non functional
36928,functional needs repair
11029,functional needs repair
51405,functional
68359,non functional
44021,non functional
67136,functional
70349,functional
41779,functional needs repair
37927,non functional
36451,functional
73746,non functional
46555,functional
53599,non functional
26945,functional
64702,functional
15991,functional
47855,functional
71881,functional
2175,functional
21341,functional
22577,functional
102,non functional
46436,functional
32879,non functional
16019,non functional
12092,functional
70370,non functional
47849,functional
71978,non functional
16249,functional
52722,non functional
58643,functional
42276,functional
53359,non functional
6376,functional
42341,functional
36156,non functional
42614,non functional
73992,functional needs repair
40677,functional
42496,functional
50021,functional
55971,non functional
60323,functional
58939,functional
69825,non functional
9455,functional
66378,non functional
34086,functional
7305,non functional
18431,functional
7753,functional
36308,functional needs repair
52086,non functional
55171,non functional
4687,functional
22783,non functional
9697,functional
48638,functional
66150,non functional
64473,functional
52060,functional needs repair
53711,functional
56462,functional
9824,functional
43151,functional
55996,functional
25875,non functional
18432,functional
2019,non functional
65707,functional
21353,non functional
32915,functional
73522,non functional
1416,functional
19850,functional
62045,non functional
20161,non functional
21925,functional
52570,functional
5742,functional
71970,non functional
14964,functional
39778,functional needs repair
36298,non functional
59138,functional
19549,non functional
21313,functional needs repair
46031,functional
48665,functional
37952,functional
64562,non functional
17676,non functional
37467,non functional
44593,functional
62187,functional
36590,functional
7559,non functional
52603,functional
27548,non functional
46240,functional
42994,functional
58979,functional
4182,functional
35084,functional
29423,non functional
17891,functional
24365,non functional
66234,functional
626,non functional
4973,functional needs repair
20547,non functional
48120,functional
34294,non functional
29065,functional
6432,functional
24460,non functional
59188,non functional
69697,functional
53493,functional
16869,functional
31086,functional
57242,non functional
70824,non functional
57263,functional
382,functional
619,functional
1243,functional
63412,non functional
71373,functional
27671,non functional
27237,non functional
39364,functional needs repair
69170,functional
28283,functional
35540,functional
63244,functional
35018,functional
23474,functional needs repair
37715,functional
32212,non functional
36623,functional
17952,functional
32327,functional
23273,functional
21551,non functional
60306,non functional
62777,non functional
53172,functional
59664,non functional
65884,functional
48711,functional
57238,functional needs repair
57012,non functional
17554,non functional
69220,non functional
63081,functional
24872,non functional
62504,non functional
4304,non functional
55045,functional
54651,functional
53788,functional
43396,functional
69397,functional
32508,non functional
41041,functional
2427,functional
32037,functional
19627,functional
42487,non functional
33541,non functional
9397,functional
74035,functional
15402,non functional
70392,non functional
51580,functional
44408,non functional
55084,functional
45209,non functional
35520,functional
10540,functional
51719,functional
70891,non functional
73521,non functional
600,non functional
48310,functional
20582,functional needs repair
606,functional
64734,functional needs repair
71274,functional
68219,non functional
19593,functional
26132,functional
7176,non functional
23369,non functional
70276,functional
60799,functional
27146,non functional
12235,non functional
37131,functional
20476,functional
64203,non functional
36315,functional
72471,functional
59790,functional
2744,functional
60946,functional
69836,non functional
58059,functional needs repair
29772,functional
4847,functional
39439,functional needs repair
63616,non functional
9590,functional
32894,functional needs repair
49539,functional
12397,functional
61374,functional
9348,functional
55666,functional needs repair
15074,non functional
69617,functional
24803,functional
62084,non functional
10029,functional
11701,functional
43278,functional
44715,functional
42009,functional
51815,functional
26388,functional
48456,non functional
29489,functional
62643,non functional
44069,functional
31099,functional needs repair
25147,functional
70469,non functional
45221,functional
39031,non functional
49805,functional
60524,functional
41331,non functional
59741,functional
62100,functional
49273,functional
10855,non functional
54666,non functional
14878,non functional
6565,non functional
66504,functional
64888,functional
54299,functional
63352,functional
20814,functional
11354,functional
71170,functional
54629,non functional
45212,functional
51505,functional
58366,non functional
21144,functional
32960,non functional
23844,functional
7799,functional
33393,non functional
60912,functional needs repair
46021,functional
6083,functional
20217,functional
60516,non functional
43526,non functional
61321,non functional
21078,non functional
66796,functional
58974,functional
70930,functional
69010,functional
70629,non functional
68671,functional
13593,functional
65652,non functional
2623,functional
29891,non functional
50153,non functional
71725,non functional
44367,non functional
46844,non functional
70927,non functional
44668,non functional
44180,functional
72874,functional
52509,functional
62826,functional
72291,functional
37749,functional
14228,functional
12936,functional
50182,functional
72167,functional needs repair
68582,functional
45306,functional
38601,functional
39002,functional
50025,functional
4686,functional
43782,non functional
27967,functional
51310,non functional
5555,non functional
61683,functional needs repair
67699,non functional
46919,functional needs repair
45745,functional
26619,functional
50282,functional
28495,functional
70073,functional
61694,functional
55288,non functional
33560,functional
69954,functional
69541,functional
42588,functional
1169,non functional
30222,functional
72130,functional needs repair
9377,non functional
11139,non functional
39731,functional
59236,functional needs repair
30072,non functional
337,functional
58871,functional
13514,functional
26241,functional needs repair
35753,non functional
50047,functional
38770,functional
24895,functional
14249,non functional
51459,non functional
30637,functional
39265,non functional
30024,functional
30726,functional
22750,functional
62885,functional
49475,functional
69184,functional needs repair
3171,non functional
30617,non functional
57773,functional
59680,non functional
7372,functional
7336,non functional
45971,non functional
50332,non functional
24664,functional
53656,non functional
43461,functional
62847,non functional
29185,functional
16671,functional
39310,non functional
2522,functional
58754,functional needs repair
43501,non functional
63826,functional
67312,non functional
61899,non functional
20118,functional needs repair
67487,non functional
67808,functional
59235,non functional
19794,functional needs repair
5255,non functional
56802,functional needs repair
2380,functional
40032,functional
52620,non functional
74075,non functional
47064,functional
8724,functional needs repair
45605,functional
10542,non functional
51743,functional
29223,functional
5416,non functional
30551,functional
73142,non functional
28673,functional
19321,functional
14117,functional
32616,non functional
10917,functional
67330,non functional
9631,functional
14311,functional needs repair
49431,functional
30445,functional
22868,functional needs repair
57567,functional
69158,non functional
35393,functional
6642,non functional
20449,non functional
29812,non functional
4809,functional
4819,non functional
57628,non functional
64483,functional needs repair
57880,non functional
18697,non functional
51911,non functional
19381,functional
37787,non functional
59525,functional
5690,functional
41807,functional
60187,functional
67784,non functional
30886,non functional
56466,functional
37826,functional
26332,functional
45748,functional
2968,functional
19506,functional
12732,functional
15569,functional
6811,non functional
73485,functional needs repair
51419,non functional
14477,non functional
63878,functional
11415,functional needs repair
71842,non functional
24496,functional
2293,non functional
33413,functional
53181,non functional
10959,functional
66791,functional needs repair
12313,non functional
4488,non functional
70810,non functional
32084,functional needs repair
64363,functional
58596,non functional
56029,non functional
9825,functional needs repair
2412,functional needs repair
66529,non functional
61314,non functional
57389,non functional
4777,functional
52880,non functional
10590,non functional
68768,non functional
22308,functional needs repair
70709,functional
42083,non functional
5372,non functional
16914,functional
66635,functional
21702,non functional
14160,functional
2837,non functional
14621,non functional
53270,non functional
15892,non functional
14717,functional
30323,non functional
63357,functional
20934,non functional
40467,functional
22894,non functional
11638,functional
19986,functional
31977,functional
63031,functional
171,functional
48689,functional
44333,non functional
56708,functional
37890,functional
51614,non functional
66605,functional
57712,functional
47141,functional
20568,functional
32042,non functional
40072,non functional
20937,functional
48414,non functional
24592,functional
45296,functional
73131,functional
61938,non functional
9499,non functional
41943,functional
28905,functional
58713,functional
38327,functional
12393,non functional
39887,non functional
55468,functional
5342,non functional
67427,functional needs repair
58755,functional
35122,non functional
42817,non functional
29129,non functional
4603,functional
25469,non functional
59694,non functional
37625,functional
1736,functional
41055,functional
40661,functional
42371,functional
70379,functional
13070,non functional
53884,non functional
69868,non functional
69775,functional
22989,non functional
5796,functional
13726,non functional
15362,functional
43220,functional
18316,functional
30398,functional
26144,functional
59735,functional
10061,non functional
52762,non functional
35375,functional needs repair
11637,functional
1575,functional
53415,functional needs repair
55902,functional
26732,functional
28845,non functional
5337,functional
67060,functional
54113,functional
67439,non functional
10294,functional
35565,functional
15030,functional
69824,non functional
53059,non functional
24973,non functional
23666,non functional
42621,non functional
56404,non functional
23024,functional
27561,functional
50552,functional needs repair
69169,non functional
31450,functional
25207,non functional
71709,functional
3245,functional
12278,non functional
4716,non functional
54238,functional
19359,non functional
52391,non functional
21620,functional
9751,functional needs repair
61989,functional
44110,non functional
32405,functional
18420,functional
54506,non functional
54825,functional needs repair
14725,functional
59891,non functional
36843,functional
11047,functional
59448,functional
34212,functional
17645,functional needs repair
11687,functional
15793,functional
16731,functional
27557,non functional
59437,non functional
20942,functional needs repair
6334,non functional
68602,functional needs repair
65969,functional needs repair
72141,functional needs repair
42711,functional needs repair
7455,non functional
38048,non functional
10949,functional
34251,non functional
3076,functional
2958,functional
48289,functional needs repair
12342,functional
60725,functional
43986,non functional
35318,non functional
10273,functional
12701,functional needs repair
23093,functional needs repair
11157,non functional
30466,functional needs repair
28571,functional
2198,functional
34522,non functional
11718,functional
52991,non functional
37144,non functional
40041,functional
31097,functional
34882,functional
67443,functional needs repair
73446,functional
71441,functional
57114,functional
31804,functional
40174,non functional
34431,functional
27035,functional
15522,functional
37507,functional
17275,functional
71463,functional
35076,functional needs repair
8408,functional
11177,non functional
20324,functional
29168,functional
67552,functional
23303,functional
29478,functional
8484,functional
72705,non functional
40043,functional
72208,non functional
8748,functional
64115,functional
751,functional
772,functional
37903,functional
13597,functional
20257,functional
53001,functional
20521,functional
44078,non functional
58916,functional
8825,non functional
8628,functional
196,non functional
8872,non functional
56411,non functional
64237,functional
62176,non functional
71327,non functional
4596,functional
65560,functional needs repair
66974,functional
29486,non functional
35178,non functional
53471,functional
34036,non functional
71181,non functional
30415,non functional
38518,non functional
8182,non functional
8268,functional
15481,functional
70083,functional
52466,functional
2422,non functional
1240,non functional
70531,non functional
30798,functional
38212,functional needs repair
9114,functional
60336,non functional
21777,non functional
27408,functional
15303,non functional
52338,functional
17919,non functional
47121,functional
46145,functional
72456,functional needs repair
65330,non functional
7703,functional
55239,non functional
20291,functional
70855,functional
38536,functional
35569,functional
3046,functional
67231,non functional
4088,functional needs repair
66892,non functional
31273,non functional
70245,non functional
7990,functional
49311,non functional
13048,functional
49752,functional
44231,functional
53142,functional
5630,non functional
49841,non functional
51917,non functional
17331,non functional
24660,non functional
19272,non functional
35150,functional
22423,functional
45682,functional
14028,functional
54180,functional
28286,functional needs repair
24133,functional
26708,non functional
56299,non functional
40973,non functional
59178,functional
68180,non functional
3840,functional
63289,functional
454,functional
27811,functional
11874,non functional
46497,non functional
50304,non functional
20212,functional
24900,functional
58541,non functional
26456,functional needs repair
33822,functional
55304,functional
30256,functional
69981,functional
50257,functional
73137,functional needs repair
68777,functional
14261,non functional
62200,non functional
46648,functional
31032,functional
7570,functional
10993,non functional
55076,functional
17474,non functional
40545,functional
71871,functional
47566,functional
2107,functional needs repair
59001,functional
53750,functional
45106,functional
49242,functional
30242,functional
73075,functional
6127,functional
50115,non functional
7496,non functional
8035,functional
63959,functional
33345,non functional
65298,non functional
33661,functional
69079,functional needs repair
40906,functional
57683,functional
13414,non functional
33613,functional needs repair
46121,functional needs repair
58476,functional needs repair
3241,non functional
69406,non functional
11098,functional
18513,non functional
43317,non functional
60999,functional
49131,functional
18613,non functional
46751,non functional
49193,functional
62242,non functional
42753,functional
4664,non functional
74242,functional
59573,non functional
71787,functional
6585,functional
68145,functional
28784,functional
54841,non functional
73070,non functional
23871,functional
74124,functional
54632,functional
24389,non functional
22658,functional needs repair
23090,functional
53892,non functional
56668,functional
60843,functional needs repair
69689,functional needs repair
22990,functional
52192,functional
59473,functional
66266,functional
33804,functional
69379,functional
25189,functional
10921,non functional
42030,non functional
4146,non functional
16479,functional needs repair
15124,non functional
13430,non functional
3043,functional
23859,functional
8244,functional
6576,functional
1109,functional
72693,non functional
53563,functional
21091,functional
414,non functional
22043,functional
42900,functional
65166,non functional
36468,functional
70272,functional needs repair
2680,functional
61083,functional
2656,functional
31111,non functional
29781,functional needs repair
13330,functional
32845,functional needs repair
23064,functional
68821,non functional
55383,non functional
58617,non functional
70665,non functional
20625,functional needs repair
21709,functional
47463,non functional
798,non functional
66853,non functional
6526,non functional
48058,functional
49503,functional
57304,non functional
42419,functional
46070,functional
10019,functional
62412,functional
50795,functional
21201,functional
51180,non functional
52885,non functional
14083,functional
39220,non functional
63353,non functional
15845,functional
52725,functional
37070,functional needs repair
27086,functional needs repair
38094,non functional
36783,functional needs repair
43813,non functional
21531,non functional
5465,functional
18935,non functional
40354,non functional
54549,non functional
38860,functional needs repair
37326,non functional
45842,functional
60378,non functional
42251,non functional
72441,functional
42910,non functional
23052,functional
59300,functional
37217,functional
16095,functional
66425,non functional
20036,non functional
12306,functional
8454,functional
46778,functional
58908,functional
25165,functional needs repair
28422,functional
62971,non functional
12897,functional
14509,functional
71300,non functional
42655,functional
51507,functional
69530,functional
14764,functional
60114,functional
27698,functional
44314,functional needs repair
58844,functional
54102,functional
69093,non functional
22295,non functional
32044,non functional
3697,non functional
10410,functional
40751,functional
58977,non functional
41566,non functional
73022,functional
39990,non functional
34200,non functional
48595,non functional
10135,functional
12046,functional
53496,functional
3458,non functional
68679,functional
48940,non functional
71074,non functional
26190,non functional
5378,functional needs repair
28144,non functional
22546,functional
54328,non functional
32760,functional
70228,functional
47936,functional
44700,non functional
12350,functional
12255,functional
28454,non functional
40146,non functional
19780,functional
30757,functional
66783,functional
38742,non functional
35921,non functional
52002,functional
32101,non functional
23604,non functional
7888,non functional
7483,non functional
67930,functional
68904,functional
26962,functional
38237,functional
37617,functional
62975,functional
11703,non functional
72282,functional needs repair
44641,functional
36075,functional
16852,functional
39571,non functional
51320,functional
23461,non functional
17329,functional
70283,functional
6551,functional needs repair
16923,functional
12992,functional
36416,functional
19465,functional
54040,non functional
6674,functional
46402,non functional
10802,functional
17238,functional
22760,non functional
62439,functional
2685,functional
6683,functional
11218,functional
3431,functional
25335,functional
15429,non functional
12177,non functional
67168,functional
4041,functional needs repair
38090,functional
23864,non functional
6147,non functional
465,functional
58961,functional
30565,non functional
71020,functional
31373,non functional
32844,non functional
67460,non functional
47338,non functional
26356,functional
73757,non functional
16099,functional
25424,non functional
68634,functional
48158,functional
57610,functional needs repair
8501,non functional
52767,functional needs repair
59101,non functional
71449,functional
14064,functional
36739,functional
160,functional
36792,functional
46052,non functional
37690,non functional
51697,non functional
64252,functional
2312,functional
44511,non functional
50207,functional
51833,functional
57386,functional needs repair
6604,non functional
69463,functional
40070,functional
55801,functional
27905,non functional
31959,non functional
43921,functional
18358,non functional
4533,functional
63014,functional
22266,functional
45781,functional
6702,non functional
43340,functional
40594,functional
69137,functional
1200,functional
57093,non functional
332,non functional
72434,functional
43346,functional
31566,functional needs repair
1123,functional
39869,functional
57761,functional
40772,non functional
5497,non functional
8736,functional
66483,functional
40227,functional
28391,non functional
28756,non functional
26181,functional
19199,non functional
8311,non functional
28259,non functional
19281,functional
22252,functional
31740,non functional
68963,non functional
42239,non functional
70058,functional
28399,functional
1451,non functional
26072,non functional
872,functional needs repair
39487,functional
192,functional
34352,non functional
28071,functional
66251,functional
53567,functional
45732,functional
73419,functional
3680,functional
3008,functional
17940,functional
28337,non functional
67688,functional
44771,non functional
73336,non functional
69990,non functional
27340,functional
72782,functional needs repair
29378,non functional
13262,functional
21057,non functional
24786,functional
47487,non functional
50211,non functional
17143,functional needs repair
12316,functional
43367,functional needs repair
19205,non functional
6269,functional
21669,non functional
66353,non functional
64058,functional
58077,non functional
68358,non functional
7371,non functional
29401,functional
31530,non functional
70313,non functional
50838,functional
27192,functional
25162,functional
25268,non functional
10183,non functional
58236,non functional
56576,non functional
64674,functional needs repair
3062,functional needs repair
68849,functional
40580,non functional
25969,non functional
8894,non functional
25044,functional
65709,non functional
68245,functional
62862,functional
50603,functional
3290,non functional
30284,functional
17568,functional
13213,non functional
30542,non functional
49670,functional
71853,non functional
9847,functional needs repair
32286,functional
2022,non functional
40753,non functional
95,non functional
52369,functional
42751,functional needs repair
40351,functional
52000,functional
34946,functional
48513,functional
69941,functional
43110,non functional
56846,non functional
17985,functional
23311,functional
42730,non functional
48254,functional
2327,non functional
13452,functional
28714,non functional
14712,functional
32395,functional
53527,functional
4527,non functional
3177,non functional
8097,functional
60402,functional
3912,non functional
62066,functional
43154,functional needs repair
35998,functional
26469,non functional
45568,non functional
45762,functional needs repair
26965,functional
40800,functional
10527,non functional
67105,functional
61355,non functional
37921,functional
22951,non functional
33203,non functional
50654,functional
10739,functional
70,non functional
74203,functional
14923,functional
5329,functional
15868,non functional
42688,functional
1091,non functional
31546,functional
16784,non functional
29138,functional
29765,non functional
66156,functional
48457,functional
32144,functional
50930,functional
2233,functional needs repair
52423,non functional
67437,functional
29587,functional needs repair
68726,functional
40195,non functional
16232,non functional
67521,non functional
7071,functional
10383,non functional
62167,functional
1303,functional
62068,functional
13570,functional
58242,non functional
18473,non functional
17384,non functional
51212,functional
2482,non functional
11088,functional
69056,functional
14051,functional
51103,non functional
58689,non functional
53294,non functional
63888,functional
28,functional
67898,functional
10567,functional
46959,functional
71917,functional
74091,non functional
10155,functional
47594,non functional
20774,non functional
35780,functional needs repair
22376,functional
68929,functional
11876,functional needs repair
5295,non functional
57696,functional
26517,non functional
1043,non functional
10889,functional
50601,non functional
6544,functional needs repair
21310,functional
41025,non functional
72568,functional needs repair
72185,functional
39157,functional
64739,non functional
63840,functional
43756,non functional
38471,non functional
22306,non functional
68285,functional
31997,functional
30626,functional
44174,non functional
18357,non functional
20797,functional
48451,non functional
55238,non functional
12746,functional
68516,non functional
68880,functional
35033,functional
61996,non functional
51238,non functional
49060,non functional
41731,functional
70304,non functional
57005,functional
73646,functional
39322,functional
50091,functional
3401,functional
34277,non functional
34538,functional
72453,functional
59053,functional
35672,functional needs repair
71823,functional
25494,functional
5249,non functional
22330,functional
72748,functional
4656,functional
13995,non functional
505,functional
23019,non functional
29862,non functional
16228,functional
22612,non functional
38058,non functional
19652,functional
41604,functional
9858,functional
61927,functional
54908,functional
13748,functional
29252,functional
51520,functional
56550,non functional
29911,non functional
45232,functional needs repair
48150,functional
53067,functional
5900,functional
45343,functional
56807,functional
48118,functional
11607,functional needs repair
34726,functional
43770,functional
48111,functional
19235,non functional
53341,non functional
67115,functional
58846,non functional
20133,functional
59036,functional
64432,non functional
63340,functional needs repair
53954,functional
69421,non functional
46419,functional
18601,functional
59828,non functional
56687,functional
46465,non functional
50041,functional
37995,functional
64573,non functional
19424,non functional
40601,functional
57958,functional
12391,non functional
45012,functional
56420,functional
26307,functional
31803,non functional
73018,non functional
54655,functional
56559,functional
64638,functional
58157,non functional
20874,non functional
68354,functional
15026,non functional
22656,functional needs repair
45482,non functional
28808,non functional
23884,functional
73039,non functional
34380,functional
19055,functional
24886,non functional
29192,non functional
49707,functional needs repair
73933,functional
33204,non functional
14349,functional
16406,non functional
45220,functional
74134,functional
59137,non functional
46255,functional
58065,non functional
13970,non functional
67007,functional
24226,functional
65552,functional
29191,non functional
67674,functional
64925,non functional
18375,functional
24842,non functional
4522,non functional
15733,functional needs repair
2521,non functional
12402,functional
2298,non functional
67591,functional
28967,functional
7801,non functional
73302,functional
52517,functional needs repair
33630,non functional
62008,functional
18788,functional
52323,non functional
33928,non functional
62413,non functional
53229,non functional
36958,functional
21944,functional
46247,functional
39043,functional
1377,functional needs repair
56759,functional needs repair
31859,functional needs repair
20381,functional
56984,functional
43195,functional
28013,functional needs repair
4382,non functional
50737,non functional
66924,functional
20518,functional needs repair
11302,functional
46277,functional
24760,functional
65285,functional
63602,non functional
55165,functional
57017,functional
9087,functional needs repair
13880,functional
4753,non functional
74114,functional
70537,functional
9727,functional
26194,functional
32140,functional
65006,non functional
844,functional
784,functional
62803,non functional
48874,functional
43804,non functional
65161,non functional
1801,non functional
29028,non functional
11334,functional
47879,non functional
37955,functional
35940,functional needs repair
740,functional
74246,non functional
10434,non functional
70851,functional
58216,functional needs repair
17121,functional
37801,functional
1237,functional
49114,functional
35019,functional needs repair
5159,functional
5336,non functional
66462,non functional
15494,non functional
39467,functional
29312,non functional
39651,functional
67849,non functional
60605,non functional
9551,non functional
4252,functional
8766,functional needs repair
67983,functional
35379,functional
54193,functional
32664,functional needs repair
23904,functional
63995,functional needs repair
26977,functional
73169,functional
47732,non functional
39710,functional
39677,functional
36902,non functional
23832,functional
61046,functional
22793,functional
51928,functional
59497,functional
16402,functional
6776,non functional
48033,functional needs repair
44724,functional
33089,functional
6915,functional
73172,non functional
40446,functional
74128,non functional
27815,functional
53734,functional
68500,functional
1908,functional needs repair
14658,functional
68946,functional
51579,functional
43443,non functional
36049,functional
65781,functional
65779,functional
13358,functional
68985,non functional
34244,non functional
70901,non functional
534,non functional
47056,functional
8019,non functional
30279,non functional
30353,non functional
20140,functional
60123,non functional
67315,functional needs repair
39957,functional
17144,functional
43525,functional
24499,functional
48769,functional
73846,functional
24671,non functional
57456,non functional
35560,functional needs repair
70125,functional
33890,functional
17837,functional
74121,functional
58969,non functional
44764,functional
54282,functional
11041,functional
6341,non functional
13168,functional
28711,functional
9061,functional
10882,functional
40593,functional
1741,functional
12766,functional
234,functional
66211,functional
24092,functional
33147,functional
26884,non functional
21653,functional
678,functional
27901,functional
8136,functional
34353,functional
55067,functional
28952,functional
44875,functional
35874,non functional
37076,functional
37324,functional
18773,functional
22297,non functional
29928,non functional
52108,non functional
58435,non functional
17511,functional
39112,functional
29852,functional
17361,non functional
4907,functional needs repair
68018,functional
23157,functional
66617,non functional
25125,non functional
29972,non functional
18564,functional
74048,functional
48057,functional
11116,non functional
22667,non functional
10163,functional
67872,functional
13510,non functional
33564,non functional
11819,functional
73741,functional
33124,functional
70179,functional
42520,functional
61498,functional
45701,non functional
72518,functional
6035,functional
15921,non functional
27828,non functional
47935,non functional
16681,non functional
59554,functional needs repair
3295,functional needs repair
52038,functional
66833,non functional
46347,functional needs repair
49188,functional
28117,non functional
59796,functional
35220,functional
59956,non functional
30506,non functional
19412,non functional
56414,non functional
3987,non functional
70400,functional
68107,functional
50487,functional
7332,non functional
6152,non functional
63330,functional
46389,non functional
65030,functional
47973,non functional
53796,non functional
15794,functional
9550,functional needs repair
74127,functional
63562,non functional
53414,non functional
35072,non functional
26793,functional
9133,functional needs repair
72218,non functional
20537,functional
36692,non functional
36767,non functional
12286,functional
35970,functional
36860,functional
48007,non functional
20946,non functional
5446,non functional
22593,non functional
46902,non functional
17782,functional
3472,functional
62109,functional
25788,non functional
15878,functional
25399,functional
36355,functional
49019,non functional
19120,functional
57063,functional
289,functional
15203,functional
1393,non functional
15710,non functional
70375,non functional
16435,non functional
49658,non functional
56104,functional
71180,non functional
49801,functional
34599,functional
10035,functional
42963,functional
52669,non functional
43664,functional
30136,non functional
19905,functional
32927,functional
30851,functional
58905,non functional
25516,non functional
59999,functional
66889,functional
56143,functional
46341,non functional
41381,functional
186,functional
6182,functional
11769,functional
23184,functional
27241,functional
23976,functional
11622,functional
82,non functional
17973,functional
4368,functional
16021,functional
31382,non functional
66428,functional
56825,non functional
4462,non functional
17233,non functional
46903,non functional
3911,functional
6150,functional
35781,non functional
72575,functional
59678,non functional
9476,functional
23284,functional
65866,functional
3679,functional
59783,non functional
20798,non functional
53650,functional
25586,non functional
34610,functional
40575,functional needs repair
47107,non functional
35855,functional
34384,functional
1387,functional
34279,functional
41854,functional
32021,functional
43497,non functional
4941,functional
29196,non functional
72829,non functional
61655,functional needs repair
13205,non functional
1062,functional
45853,functional needs repair
13985,functional needs repair
46982,functional
52986,functional
57335,functional
51481,functional
27951,non functional
69475,functional
30499,functional
48988,functional needs repair
21338,functional
59850,functional
32589,functional
73539,functional
21228,non functional
16089,non functional
61800,functional
32637,non functional
55419,functional
33769,non functional
71897,functional
40026,functional
70800,functional
25138,non functional
26663,non functional
67636,non functional
70182,non functional
54198,functional
11854,non functional
11951,non functional
7232,functional
37740,non functional
71680,functional
37359,functional
13250,functional
29632,non functional
63181,functional
27659,functional
68521,non functional
35777,functional
37427,non functional
20115,functional
42570,non functional
58186,non functional
45050,non functional
9325,functional
73957,non functional
3118,non functional
46199,non functional
12101,non functional
68392,functional
7035,non functional
9014,functional
63236,functional
10058,non functional
29652,functional
59566,functional
23658,functional
21209,functional needs repair
44318,non functional
40986,functional
21221,functional
44943,functional
35478,functional
2109,functional
5554,functional
22500,non functional
65608,non functional
25232,functional
69315,non functional
61953,functional
10572,non functional
2695,functional
51857,functional
10054,non functional
43888,functional needs repair
64148,non functional
1925,non functional
44841,non functional
45064,functional
7556,functional
20614,functional
25874,non functional
34627,non functional
14454,non functional
9538,non functional
34217,functional
2824,functional
34295,functional
56052,functional
25948,non functional
26027,functional
4086,non functional
52608,non functional
47225,functional
67289,functional
8883,functional needs repair
47762,functional needs repair
10670,functional
24381,functional
54060,functional
41255,non functional
35463,functional
35836,functional
73165,non functional
58449,non functional
6527,functional needs repair
16836,functional
62211,non functional
39840,non functional
13304,functional
53597,functional
12429,functional
39980,non functional
67412,non functional
42232,functional
62685,non functional
56674,functional
58066,non functional
54647,non functional
11115,functional
36157,functional
37542,functional
3324,functional
14795,functional
37835,functional
53338,non functional
63328,non functional
67924,functional
12021,non functional
20998,non functional
37189,functional
43199,non functional
33218,non functional
38824,functional
4490,functional
49380,functional
13039,functional
2041,functional
62166,non functional
57345,functional
71820,functional
22158,functional
18946,functional
20290,functional
23957,non functional
65317,non functional
58716,functional needs repair
28452,non functional
2833,functional
60608,functional
54501,functional
73620,functional
41724,non functional
27801,functional
59855,functional
21875,functional
5769,functional
44732,functional needs repair
9311,functional
64030,functional
36179,non functional
33161,functional
8430,functional
6435,functional
57078,non functional
43572,functional
73724,non functional
351,functional
48835,functional needs repair
207,functional
57568,non functional
16637,functional
40866,functional
62934,functional
14361,non functional
806,functional
9119,functional
72295,non functional
72565,non functional
60704,non functional
48733,non functional
34204,functional
56964,functional needs repair
53036,non functional
28655,functional
67762,non functional
55622,non functional
4338,functional
48157,functional
32143,non functional
29087,functional needs repair
10221,functional
23292,functional
44538,functional
10400,non functional
55064,non functional
4574,functional
53005,functional
28203,non functional
43355,non functional
18440,non functional
40156,functional
22183,non functional
29959,functional
249,functional
71092,functional
19541,functional
15940,non functional
70489,non functional
38000,functional needs repair
12343,non functional
11536,non functional
55561,functional
56125,non functional
36138,functional
38469,functional
23940,functional needs repair
11601,non functional
36153,non functional
20308,functional
35594,functional
66547,functional
28017,functional
4178,non functional
48649,functional
52485,non functional
44250,functional
35280,non functional
12963,functional needs repair
66051,functional
72164,functional
44453,non functional
10196,non functional
20241,non functional
57283,functional
38109,non functional
6707,non functional
46039,functional
1684,functional
5716,non functional
60562,functional
38605,non functional
33545,functional
61109,non functional
33622,functional
58104,functional
1866,functional
26812,non functional
44244,functional
10443,functional
54156,functional needs repair
3621,functional
65922,non functional
68883,functional
67507,functional
13721,functional
17129,functional
65229,functional
70875,functional
15564,functional
11323,functional
11858,functional
6863,non functional
31616,functional
20935,non functional
41033,functional
12283,functional
56019,non functional
11576,non functional
35511,non functional
53591,functional
69569,functional
66106,functional
33303,functional
42661,functional
6431,non functional
52563,non functional
4591,non functional
14180,non functional
58038,functional
57877,functional needs repair
42731,non functional
62583,non functional
31807,functional
62148,functional
9010,non functional
16214,functional
38835,non functional
57916,non functional
39933,functional
64778,functional needs repair
66592,non functional
34007,functional
47106,non functional
28085,non functional
6156,non functional
5183,non functional
53238,non functional
71534,non functional
26368,functional
13733,functional
73682,functional
16765,non functional
26570,non functional
60300,non functional
73347,functional
26255,functional
61149,non functional
59543,functional
14142,functional
17471,functional
11161,non functional
8997,non functional
52135,functional
71469,functional
11572,functional
40688,functional
56932,functional
32404,functional
51467,functional needs repair
1559,functional
46186,functional
42367,non functional
49235,functional
9783,functional
52112,functional
59249,functional
59900,functional
2282,non functional
70172,non functional
55614,functional
22,functional
23065,functional
5700,non functional
35352,non functional
54130,non functional
28069,functional
51526,functional
3957,non functional
14814,functional
3146,functional
59669,non functional
41486,functional
69340,non functional
44646,non functional
12271,non functional
70487,functional
36150,functional
8704,non functional
37998,functional needs repair
15349,functional
53636,non functional
7152,non functional
63345,functional
7847,non functional
28609,functional
60526,non functional
37666,non functional
54502,functional
11746,non functional
6679,functional
28864,non functional
31727,functional
44961,non functional
59228,non functional
57392,functional
16739,non functional
56809,functional
46839,functional
70026,non functional
70558,functional
51653,functional
21750,functional
34404,non functional
61280,functional
53405,functional
30592,functional needs repair
29819,functional needs repair
58936,functional
50531,functional
27429,functional
25392,functional
56297,functional
8370,functional
25297,non functional
69458,functional
45516,non functional
65627,non functional
60083,functional
11140,functional needs repair
66721,functional
71566,functional
30029,non functional
938,non functional
44433,non functional
6316,functional
24714,functional
57472,functional
49369,non functional
57797,functional
38537,functional
63859,functional
29987,non functional
3667,functional
57596,functional
26501,functional
16576,non functional
71428,functional
10475,functional
60909,non functional
52249,non functional
72876,functional
64508,functional
54490,functional
57414,non functional
41212,functional
59655,non functional
29484,functional
21732,functional needs repair
71229,functional
25239,functional
7056,non functional
47247,functional
54526,functional
70749,non functional
47101,functional
37254,non functional
74050,non functional
34883,functional
12110,functional
29163,functional
58427,non functional
70522,functional
21467,non functional
45708,non functional
24534,functional
35595,functional
39207,functional
45870,non functional
43861,functional
38031,functional needs repair
17382,functional
26271,functional needs repair
11686,functional
22021,non functional
21485,functional
20991,functional
23293,non functional
13242,functional
3140,functional
49793,functional
8720,functional
60539,functional
66963,functional
59571,non functional
61199,functional
24360,functional
73232,non functional
60246,functional
13977,functional
42793,functional needs repair
55307,non functional
2872,functional
52198,functional
6684,functional
47153,functional needs repair
18312,functional
18631,non functional
21581,non functional
56893,functional
27368,functional
62015,functional
56298,non functional
39280,non functional
12640,non functional
27538,functional
49200,functional
22289,functional
68166,non functional
55061,functional
29994,non functional
8768,functional
31709,non functional
61119,functional
64100,functional needs repair
30974,functional
22343,functional
2705,functional needs repair
65058,functional
73466,functional
67768,non functional
63984,functional
62249,non functional
22505,functional needs repair
45999,functional
41095,non functional
3581,functional
49137,functional
9351,functional needs repair
28081,non functional
33464,functional
20390,non functional
36660,non functional
21063,functional
39598,non functional
57234,non functional
55471,non functional
26540,non functional
51685,non functional
56374,functional
27291,non functional
29395,functional needs repair
22744,functional
47799,non functional
11067,non functional
58235,non functional
853,functional
53840,functional
61483,non functional
20165,functional
15847,non functional
27731,functional
6569,non functional
2548,functional
1563,functional needs repair
21040,non functional
66076,non functional
33753,non functional
59029,functional
7343,functional
30195,functional
11543,functional
49030,functional
5816,functional
31793,functional
24810,functional
4557,non functional
61203,non functional
34096,non functional
67051,functional
65393,functional
30795,functional
6779,functional
31432,functional
25190,functional
34047,functional
367,functional
16420,functional needs repair
48000,functional
37928,functional
3012,functional
37277,functional needs repair
58085,non functional
28252,functional
14362,functional
61170,non functional
2069,non functional
49724,non functional
68466,functional needs repair
45880,functional
54431,functional
34844,non functional
68592,functional
9480,non functional
51852,functional
16825,functional
49255,functional
11421,functional
40734,non functional
57457,functional
33368,non functional
15194,functional
19712,functional
57187,functional needs repair
23448,functional
53093,functional needs repair
57188,functional
68937,non functional
37702,functional
27054,functional
45834,functional
1371,non functional
35726,functional
45981,functional
21374,functional needs repair
68717,non functional
73200,functional
54423,functional needs repair
1665,non functional
10324,functional
28944,non functional
68940,non functional
7650,functional
11000,functional
6519,functional
2594,non functional
35254,functional
18638,non functional
17698,non functional
35,non functional
2307,functional
29448,non functional
28986,functional
36295,functional
67014,non functional
17575,functional
5812,non functional
40529,functional
53682,non functional
747,functional
25215,non functional
30070,non functional
17521,non functional
20615,functional
16565,non functional
41162,non functional
12077,non functional
5909,non functional
51910,non functional
30002,functional
39917,non functional
38506,functional
23396,functional
9619,functional
53820,functional
28442,non functional
46123,non functional
29554,non functional
45514,functional
72995,functional
58880,functional
20569,non functional
24589,non functional
49835,functional needs repair
16082,functional
61827,functional
42036,non functional
41990,non functional
61677,functional
4715,functional
24022,functional
36570,functional
5725,non functional
977,functional
706,functional
45131,non functional
31635,functional
55752,functional
31239,functional needs repair
72048,functional
5952,non functional
9441,non functional
58405,non functional
31988,non functional
61888,non functional
17257,non functional
54993,functional
1231,non functional
62676,functional
5926,non functional
4187,non functional
9996,functional
50026,functional
7064,functional
43370,functional
63422,non functional
66060,functional
16140,functional
53140,non functional
17542,functional
30423,non functional
70224,functional
67718,functional
65115,functional
30576,functional
15394,functional
10038,non functional
55156,functional needs repair
61340,non functional
1983,non functional
42369,non functional
18181,non functional
18924,functional
6695,functional
47744,functional
12048,functional
27094,functional
50286,functional
69113,functional
33185,functional
53974,functional
13281,functional
49116,non functional
70140,non functional
40911,functional
23385,functional
4045,non functional
13778,functional
6087,non functional
43444,functional
68562,functional
27945,functional
72806,functional
50478,functional
51783,functional
21444,non functional
18914,functional
29492,functional
64561,functional
58203,functional needs repair
34203,functional
44227,functional
50798,functional
51975,non functional
39400,functional
32063,functional
62241,functional needs repair
31597,non functional
51834,functional
31763,functional
13893,functional needs repair
10997,functional
38072,functional needs repair
65975,non functional
66751,functional
44522,functional needs repair
53729,functional
62827,functional
69474,functional
50731,non functional
39241,functional
35497,non functional
21206,non functional
69166,non functional
23975,non functional
53391,non functional
41213,functional
30557,functional
25987,functional
34033,non functional
63202,functional
54348,functional
69922,non functional
17571,functional
10807,non functional
52834,functional
49493,functional needs repair
50070,functional
51404,functional
22752,functional
20323,non functional
73990,non functional
16062,functional
35012,functional
39181,functional
7921,functional
19372,functional
64672,functional
37199,non functional
45844,functional
2765,non functional
26338,functional
31652,non functional
29657,functional needs repair
13198,non functional
48050,functional
73781,functional
48608,functional
46898,non functional
40143,functional needs repair
3260,functional
69214,functional
62365,non functional
25260,functional
36736,non functional
17802,functional
70681,functional
67616,non functional
61029,non functional
65348,functional
66228,non functional
2738,functional
54900,non functional
22853,functional
61571,functional
68181,non functional
10479,functional
59454,non functional
46872,functional
266,functional
13064,functional
43843,non functional
65938,functional
69067,functional
50337,non functional
54049,functional
11955,functional
27282,functional
68132,functional
46086,functional
17360,non functional
57973,functional
48236,functional
17901,functional
6738,functional needs repair
3482,functional
31481,functional needs repair
33590,functional
35858,functional
27309,non functional
6518,functional
72631,functional
50652,functional
28601,functional
55781,functional needs repair
47833,functional
2856,non functional
67324,non functional
25959,functional
33151,non functional
32919,non functional
54773,non functional
48201,functional
19303,functional
49870,functional
26105,non functional
31623,functional
3109,non functional
34015,non functional
31526,non functional
6715,non functional
46357,non functional
45967,non functional
36151,functional
20771,functional
18660,functional
38535,functional
52822,functional needs repair
3155,non functional
70109,non functional
38163,non functional
45043,functional needs repair
21330,functional
27640,non functional
2250,non functional
64753,non functional
48498,non functional
14844,functional
58127,functional needs repair
43268,functional
37589,non functional
54886,functional
7507,functional
70420,functional needs repair
48176,non functional
47548,functional needs repair
33276,functional
55603,functional
46668,functional
27977,functional
20622,functional needs repair
47400,functional
6381,non functional
8553,functional needs repair
16867,functional
51948,functional
71829,functional
43213,functional
21139,non functional
21884,functional
57044,non functional
17716,non functional
36800,non functional
38056,non functional
43542,functional
15910,non functional
30166,non functional
71928,non functional
48015,functional
51178,functional
65089,functional
754,functional
252,functional
57228,functional
54775,non functional
50123,non functional
10761,non functional
11112,functional
41968,functional
28910,non functional
55115,functional
23643,non functional
20361,non functional
26652,functional
31128,non functional
29347,non functional
47195,functional
54163,non functional
4439,functional needs repair
54515,functional
26083,functional
16630,non functional
65580,functional
15284,non functional
74136,functional
27276,functional
8847,functional
4863,non functional
52808,non functional
72217,functional
49256,functional
29108,functional
11517,functional needs repair
15646,functional
33995,functional
17050,non functional
22565,non functional
13757,non functional
25287,non functional
38291,functional needs repair
47786,non functional
33109,functional
43107,functional
67151,functional
65988,functional
40712,functional
43854,functional
61298,functional needs repair
25110,functional needs repair
26984,functional
64749,non functional
7412,functional
1285,functional
55072,non functional
5671,functional
65434,non functional
10935,non functional
28633,functional
50989,non functional
68553,functional
37202,functional
64586,functional
37721,functional
25481,non functional
31281,non functional
64469,functional
8723,non functional
21857,functional
53715,non functional
41152,non functional
29500,functional
36161,non functional
17462,non functional
11387,non functional
43952,non functional
59899,functional
63262,functional needs repair
62190,functional needs repair
62925,functional
961,functional
8857,functional
27593,functional needs repair
46002,functional
35687,functional
48008,non functional
74065,non functional
32866,functional
55320,functional
54553,functional
54304,functional
34713,non functional
1644,non functional
69646,functional
27969,non functional
70356,non functional
54432,functional needs repair
15776,non functional
61258,non functional
71293,non functional
21214,functional needs repair
7113,functional
42181,functional
46707,functional
52098,functional
35213,non functional
52640,non functional
18057,functional
34790,functional
19924,non functional
48644,functional
49526,non functional
66213,non functional
64518,functional needs repair
68226,functional
17858,functional
29151,functional
16678,functional
71227,functional
14318,functional
9941,functional
42821,functional
65213,non functional
72140,functional
19060,functional
8262,functional
58151,non functional
9951,functional
73649,non functional
533,functional needs repair
13794,non functional
69127,functional
15380,functional
58856,functional
9603,functional
58311,functional
21707,functional needs repair
73060,functional
40208,non functional
70317,non functional
66801,functional
57231,functional
17602,functional
48160,non functional
41227,non functional
49183,non functional
31370,non functional
34867,non functional
32969,functional needs repair
9694,non functional
58706,functional
2068,non functional
31371,functional
12764,functional
72233,functional
45193,non functional
16324,non functional
53388,functional
6377,functional
66371,functional
18693,non functional
25368,functional
47149,non functional
24071,functional
49409,non functional
59186,non functional
42701,non functional
22119,functional needs repair
66873,non functional
34796,functional
20746,non functional
56371,non functional
11992,functional
44632,non functional
39481,functional
59299,functional needs repair
18290,functional
56301,functional
13809,non functional
73532,functional
64971,functional
26941,functional
23383,non functional
7040,non functional
52592,functional
48898,functional
53334,non functional
36847,functional
29009,functional
33574,non functional
7722,non functional
9096,functional needs repair
11879,functional
24319,non functional
65440,functional
20032,non functional
39954,functional
19376,functional needs repair
61585,functional
51792,functional
47431,functional
8417,non functional
51210,functional
37684,functional
32197,non functional
57805,functional
6879,functional
28355,functional
44857,non functional
62332,functional
69794,functional
57246,non functional
22756,functional
46514,non functional
59327,functional
72305,functional
14988,functional needs repair
43624,functional
7716,non functional
63123,functional
17502,non functional
695,functional
51686,non functional
37061,functional
34467,functional
70158,functional
72946,non functional
46333,non functional
67103,functional
29190,functional
56325,functional
37980,functional
38545,non functional
23747,functional needs repair
38488,functional
70111,non functional
63713,functional
1351,functional
49561,non functional
70893,non functional
34830,functional
7675,functional
74100,non functional
26695,functional
42766,functional needs repair
29162,functional
16339,functional
34239,non functional
72807,functional
48805,non functional
62319,functional
50940,non functional
25726,functional
5037,functional
20341,functional
74116,functional
50886,functional
67206,functional
68258,non functional
19654,functional needs repair
12293,functional
42908,non functional
11487,functional
34693,functional
40653,functional
388,functional
25568,non functional
57694,functional
10227,non functional
55551,non functional
12,non functional
46038,non functional
21259,non functional
57100,functional needs repair
16261,functional
73549,functional
33405,non functional
57572,functional
35719,non functional
42999,non functional
60816,functional
63575,functional
40883,non functional
47574,functional
19841,functional
65797,functional
71055,non functional
42150,functional
11282,functional
8731,non functional
61904,non functional
16195,non functional
40979,functional
35820,non functional
19875,functional
40964,functional needs repair
66720,functional
43102,functional
61731,non functional
60389,non functional
5734,functional
24492,functional
28245,non functional
15745,functional
17829,non functional
55735,non functional
27453,non functional
392,non functional
45493,functional
35880,functional
67215,functional
42748,non functional
25499,functional
71028,functional
33103,functional
72479,non functional
44267,non functional
32135,functional needs repair
14433,functional
72105,functional
52783,non functional
12840,functional
24244,non functional
4100,functional
54562,functional needs repair
72356,non functional
7646,non functional
52851,functional
64068,functional
63941,functional
2341,functional
30687,non functional
8255,functional
34548,non functional
16762,functional
62304,functional
7248,functional
33790,functional
59710,functional
16138,functional
8660,non functional
25878,functional
41146,functional needs repair
1126,non functional
30722,non functional
5705,non functional
7370,non functional
68522,functional
71191,functional
57989,functional
22371,functional
44075,functional needs repair
44146,functional
71637,functional
68835,functional
32466,non functional
72128,functional
10200,functional
31583,functional needs repair
28833,functional
39326,non functional
20336,functional
17305,non functional
2329,functional
63704,functional
48683,non functional
15243,functional
60233,functional
52503,non functional
37373,functional
26560,functional
73867,functional
3927,functional
67313,non functional
34481,non functional
26854,functional
291,functional
3620,functional
10303,functional needs repair
1138,non functional
63161,functional
2763,functional
68336,non functional
48255,functional
31700,functional needs repair
37527,functional
45638,functional
4587,functional
12961,functional
6546,non functional
51443,functional
38241,non functional
57589,non functional
69549,non functional
20592,non functional
12698,functional
1675,non functional
68991,functional
52219,functional
13973,functional
236,functional
62927,non functional
71716,functional needs repair
9930,functional
56836,functional
24186,functional
56239,non functional
33075,functional
48387,functional needs repair
54302,functional needs repair
71649,non functional
8215,functional
54278,non functional
11763,non functional
20990,functional
22272,functional
10504,non functional
61743,non functional
70683,functional
2097,functional
55008,functional
71364,non functional
74239,non functional
57557,functional
48958,non functional
70167,functional
42352,non functional
71849,functional
71208,non functional
5252,non functional
12901,non functional
8716,non functional
9541,functional
40183,functional
27208,functional
23911,non functional
33452,non functional
51652,functional needs repair
15548,non functional
61733,functional needs repair
33596,functional
68026,functional
53604,functional
44191,non functional
67942,non functional
2330,non functional
49305,non functional
39098,non functional
41769,functional
45497,functional
35316,non functional
12984,functional
47881,non functional
7532,non functional
54265,non functional
10666,non functional
42140,functional
4800,non functional
67890,functional
59435,non functional
61103,non functional
20619,functional needs repair
15212,functional
34614,functional
67772,functional
9287,functional
17658,functional
51145,functional needs repair
67055,functional
73597,non functional
64986,functional
53908,functional
55699,non functional
36273,functional
63468,non functional
25832,non functional
45641,non functional
3071,functional needs repair
70708,functional
3080,functional
53259,non functional
73338,functional needs repair
8684,functional
71371,functional
51713,non functional
4916,functional
63172,functional
32162,functional
41586,functional
18856,functional
49058,functional
35738,functional
45315,non functional
35800,functional
7373,functional
65719,functional
32306,functional
1894,functional
62150,non functional
27413,non functional
34095,functional
53108,functional
63955,functional
65863,functional
55761,functional
51031,functional
46830,functional
19484,functional
21698,functional
2431,functional
24313,functional
39511,non functional
37168,non functional
43324,functional needs repair
26296,functional
67205,functional
67666,functional
50566,non functional
70863,non functional
1434,non functional
30608,functional
47942,non functional
3124,functional
28260,functional
25337,functional
14102,functional
61792,functional
53442,functional
7050,non functional
72169,non functional
69944,non functional
40944,non functional
35119,non functional
11440,functional
60688,functional
30598,non functional
57043,functional
64693,functional
25356,functional
11471,non functional
20805,non functional
25139,non functional
9235,non functional
19405,functional
46246,functional
56486,functional
14348,functional
51605,non functional
17296,non functional
70611,functional
23971,non functional
69444,non functional
66884,functional
53179,functional needs repair
48460,non functional
37447,non functional
69567,non functional
23949,functional
61198,functional
69247,functional
51179,non functional
6337,functional
12949,functional
65754,functional
21483,functional needs repair
6617,non functional
70086,functional
73695,functional
17803,non functional
68426,functional
20468,non functional
68538,functional
50006,functional
30385,functional
17742,non functional
11889,functional
50406,non functional
72581,functional
29564,non functional
33827,functional
19972,functional
13511,functional
19473,functional
5850,functional
47139,non functional
35680,functional
26451,non functional
14085,functional
42141,non functional
23477,functional needs repair
66444,functional
64060,non functional
49243,functional
53241,functional
3045,functional
45260,non functional
45016,functional
28120,functional
24162,functional
10587,functional
71002,functional
43836,functional
29531,non functional
71290,non functional
7662,non functional
47545,functional
45546,functional
7401,functional
22380,functional
59419,functional
64362,non functional
72030,non functional
9166,functional
52406,functional
50159,functional
48154,functional
39609,non functional
16203,non functional
47705,functional
42360,functional
62127,functional
16924,non functional
28031,functional
25352,functional
30498,non functional
27775,functional needs repair
5489,functional
38401,functional needs repair
74105,non functional
7890,functional
48455,functional needs repair
37881,functional
21359,functional
17441,functional
37839,functional
8467,functional
14251,functional
28010,functional needs repair
49064,functional
40448,non functional
11317,functional
1282,functional
58804,functional
26220,non functional
74073,functional
40117,functional
54438,functional needs repair
8168,non functional
30170,non functional
48182,functional
19354,functional
28291,non functional
26994,functional
33915,non functional
5067,functional needs repair
67101,functional needs repair
4082,non functional
55344,functional needs repair
12158,functional
41536,functional needs repair
59383,non functional
73230,non functional
50887,functional
15224,functional needs repair
15630,non functional
62870,functional
73024,functional
38882,non functional
57708,non functional
33144,non functional
52443,functional
62853,functional
4332,non functional
31931,non functional
71572,non functional
41834,functional needs repair
18377,functional
55057,functional
60778,functional needs repair
2962,non functional
70361,non functional
57634,functional
48687,functional
72261,non functional
65134,functional
57657,functional
12709,non functional
50808,non functional
36842,functional
7759,functional
12973,functional
6342,non functional
3520,functional
61143,non functional
23981,functional
182,functional
35300,functional
60365,non functional
16305,functional
61302,functional
19614,functional
6561,functional
3179,functional
41334,non functional
12081,functional
36851,functional
50511,functional
12568,functional
62400,non functional
9720,functional
38243,functional
16512,functional
59780,functional needs repair
18686,non functional
250,functional
53698,non functional
44502,non functional
1397,non functional
43120,functional needs repair
14302,non functional
39544,non functional
61716,functional
5076,functional
51113,functional
1013,functional
6658,functional
2849,functional
59035,non functional
56720,non functional
71362,functional
4113,functional needs repair
8236,functional
64719,functional
65125,functional
66691,non functional
69310,functional
61780,functional needs repair
13008,non functional
60632,non functional
36418,non functional
48809,functional
52304,non functional
21282,non functional
71231,functional
9793,non functional
71247,functional
23127,non functional
26676,functional
71975,non functional
74166,functional
45109,functional
3236,non functional
66610,non functional
26837,functional
6928,non functional
70771,functional
57983,functional
48873,functional
73375,non functional
71341,functional needs repair
64306,functional
7013,functional
7649,functional
25625,functional
15359,non functional
67596,non functional
5786,non functional
12634,functional needs repair
7014,non functional
18318,functional
51480,non functional
45784,functional needs repair
42785,functional
58489,functional
58801,functional
7260,functional needs repair
50698,functional
54507,functional needs repair
55267,functional
51201,functional
49260,functional
70121,non functional
13412,non functional
16589,non functional
8228,functional needs repair
30670,functional
20762,non functional
70774,functional
41401,functional
45668,functional
47003,non functional
46941,functional
20552,functional
49120,functional
46054,functional
9015,functional
18337,functional
66740,functional
7846,functional
29374,functional
33501,functional
11204,functional
54429,functional
56895,functional
66684,functional
62382,non functional
16509,functional
54334,non functional
42452,functional
58593,functional
30251,functional
73343,non functional
64317,non functional
66281,non functional
45810,non functional
57656,functional
4965,non functional
60565,functional needs repair
4120,non functional
39666,functional
16497,functional needs repair
15732,functional needs repair
1096,functional
46776,non functional
55332,non functional
52110,non functional
12239,functional needs repair
15221,functional
804,non functional
45463,functional
37251,functional
72965,functional
2488,non functional
60399,functional
52551,non functional
44546,non functional
49347,functional
28312,functional needs repair
5556,functional
26174,non functional
63503,functional
15154,non functional
51484,functional
54538,functional
52556,non functional
45195,non functional
4658,functional
60272,functional
66717,functional needs repair
55610,functional
20480,functional needs repair
21390,functional
40970,non functional
18962,non functional
12979,non functional
13490,non functional
72047,functional
56127,non functional
52093,functional
69111,functional
14446,non functional
1919,functional
58708,functional
73980,functional
63380,non functional
22542,functional
3627,non functional
54451,non functional
38179,functional
56145,functional
72073,functional
4790,non functional
5974,functional needs repair
38534,non functional
8412,non functional
61779,non functional
74029,functional needs repair
41579,functional needs repair
58581,non functional
62392,non functional
3456,functional
1765,non functional
73585,non functional
54295,non functional
6716,functional
55576,functional
46685,functional
13889,functional
35005,functional
4661,functional
36231,functional needs repair
2859,functional
24611,functional
65147,functional
7387,functional needs repair
16730,non functional
51921,functional needs repair
69281,functional
37737,functional
20731,functional
18475,functional
56661,functional
18622,non functional
28215,functional
72063,non functional
26394,functional
53536,functional
52489,functional
37901,functional
18492,non functional
13001,non functional
16461,functional
26712,functional
37678,non functional
28931,functional
27943,non functional
60859,functional
27844,functional
68164,non functional
40711,functional
36628,functional
38355,non functional
68639,non functional
59721,functional needs repair
3615,functional
39875,non functional
67235,non functional
7252,non functional
38387,non functional
73758,functional
9241,functional
73898,functional needs repair
39444,non functional
48883,non functional
59246,non functional
72755,non functional
18881,functional
30439,functional
52634,non functional
10406,functional
49937,functional
49017,functional
21945,functional
5927,non functional
11223,functional
35627,functional
62690,functional
3833,functional
6964,functional
30229,functional
46289,non functional
30756,functional
18452,non functional
55874,non functional
31252,functional
27005,functional
51861,non functional
73928,functional
32070,functional
62799,non functional
23851,functional
56094,functional
47771,functional
55366,functional
60461,non functional
45983,functional
36297,non functional
37317,functional
8078,non functional
67652,non functional
68472,functional
19566,non functional
13359,non functional
12095,functional
68964,functional
41193,non functional
16058,functional
39901,functional
51877,functional needs repair
40154,functional
65712,functional
64653,functional
5806,functional
69410,non functional
72978,non functional
69301,non functional
41515,non functional
43958,functional
35137,non functional
5565,functional
36874,functional
21367,non functional
51883,non functional
32918,non functional
16879,non functional
36594,non functional
55927,functional
34447,non functional
67703,functional
41439,functional
55731,non functional
1883,functional
2514,non functional
12621,non functional
47489,functional
25426,non functional
4128,functional
23424,non functional
74178,functional
24023,functional
5198,functional
20995,functional
35006,non functional
54536,functional
16743,functional
25817,functional
10602,functional
60289,non functional
32988,non functional
15518,functional
37842,non functional
43934,functional
46400,functional
72695,functional
45340,non functional
31757,non functional
13194,non functional
23111,functional
27283,functional needs repair
21844,functional
56673,functional
7822,non functional
38701,functional
43007,functional needs repair
13949,functional
4670,non functional
52116,functional
43560,functional
2259,non functional
72524,non functional
30434,functional
29209,non functional
55904,non functional
60943,non functional
43155,functional
10291,non functional
48417,non functional
53903,functional
67874,non functional
37488,functional
70877,functional
69645,non functional
12323,functional
1041,functional
9700,functional needs repair
66104,functional
24438,functional
1537,non functional
4650,functional
6319,non functional
66387,functional needs repair
2224,non functional
62572,functional
13411,non functional
30593,functional
26171,functional
15504,functional
46493,non functional
20594,functional
7981,non functional
48601,functional
16280,functional
50461,functional
12784,non functional
14939,non functional
38810,functional
31072,functional
23645,functional
57619,non functional
4861,non functional
41612,functional
62271,functional needs repair
49865,functional
17601,non functional
25077,functional
9779,functional
47176,functional
29332,non functional
17614,non functional
61895,non functional
49569,non functional
29815,functional
57672,functional
38920,functional
24640,functional
20536,non functional
3913,functional
8729,functional
56458,functional
49190,non functional
44752,non functional
45404,functional
25029,functional
6475,functional
22685,functional needs repair
29816,non functional
71297,functional
51554,non functional
14563,functional needs repair
16791,functional
41847,functional
15057,functional
54542,functional needs repair
10037,functional
53204,functional needs repair
35073,non functional
41171,functional
26726,functional
61920,non functional
9986,functional
32268,non functional
40889,functional
37097,non functional
37883,functional needs repair
71921,non functional
26902,non functional
60728,functional
41154,non functional
70027,functional
63276,functional
17648,functional
71836,functional
27038,functional
64309,functional
41806,functional
33438,functional
58732,functional
28816,non functional
7771,non functional
16571,non functional
72389,functional
21811,functional
3329,functional
32784,functional
66845,functional needs repair
8635,functional
65808,functional
60523,functional
51903,functional
30001,functional
14639,functional
36700,non functional
5492,functional
3010,functional needs repair
53091,functional needs repair
36479,functional
48570,functional
56293,non functional
57458,functional
5745,non functional
33532,non functional
54627,non functional
30442,functional
21956,non functional
44273,functional needs repair
48504,non functional
38044,functional
3901,non functional
20198,non functional
4902,functional
1302,functional
25916,functional needs repair
34720,non functional
59998,functional
11160,functional
22360,non functional
46213,non functional
17356,non functional
5662,non functional
10785,functional needs repair
51071,functional
65509,non functional
37036,functional
59477,functional needs repair
498,functional
68672,functional
15370,non functional
15151,non functional
66627,functional
73849,non functional
16786,functional
60806,functional
73125,functional
72949,functional
69893,non functional
28723,functional
31174,non functional
42515,non functional
15206,non functional
12166,functional
71205,functional
12280,functional
24704,non functional
10199,functional needs repair
58286,functional
37962,non functional
2310,functional
23266,non functional
14116,non functional
56930,functional
35944,functional
12064,functional
63731,functional
18702,functional
19570,functional
64075,non functional
63623,non functional
64910,functional
5782,functional
13467,functional needs repair
29452,functional
48818,non functional
69312,functional
12357,non functional
10456,non functional
45982,functional
4854,functional
51275,functional
9716,functional
10317,functional
64542,functional
44923,functional
22703,functional
36181,functional
24777,functional
38791,non functional
50763,non functional
65112,non functional
47439,non functional
9946,non functional
66586,functional
5543,functional
64113,non functional
16466,non functional
37780,functional
54565,functional
40679,non functional
35918,non functional
36640,non functional
30213,functional
11393,functional
43016,non functional
58145,non functional
63827,non functional
63780,functional
1906,non functional
54969,functional
58354,functional
38781,functional
37624,functional needs repair
72692,functional
5028,functional
36224,functional
28160,functional
26752,non functional
60458,functional
57669,non functional
55538,non functional
24898,non functional
20811,functional
23532,functional
22996,functional
794,non functional
25100,non functional
64454,functional
31852,functional
6629,functional
68200,non functional
9366,non functional
3320,functional
70515,functional
59319,non functional
62290,functional
24462,non functional
67610,functional
12602,functional
50520,functional
32856,non functional
94,functional
71328,non functional
17159,functional
28552,functional
61270,functional
47079,functional
67932,functional
19989,functional
30341,functional
59542,functional
8774,functional needs repair
4442,functional
16316,non functional
65896,functional
52490,functional
40415,functional
35458,non functional
42476,functional
21514,functional
63441,non functional
4864,non functional
2278,functional needs repair
71998,non functional
48655,non functional
27862,non functional
23713,functional needs repair
55085,functional
16266,functional
59210,functional
20075,non functional
21928,functional
17864,functional
51915,functional needs repair
56999,functional
46758,functional
32676,non functional
61573,non functional
20425,functional
12793,non functional
4064,non functional
8585,functional needs repair
9301,non functional
30480,functional
40951,functional
46326,functional
58750,functional
1518,functional
22834,functional
14002,functional
7438,non functional
57722,non functional
31520,functional
69333,functional needs repair
29537,functional needs repair
54509,functional
72700,non functional
50796,non functional
66028,non functional
6705,non functional
47132,functional
31811,functional
25792,functional needs repair
5676,non functional
32835,non functional
11938,non functional
41643,functional needs repair
23313,functional needs repair
21643,non functional
11050,non functional
52430,functional
52926,non functional
22720,functional
71084,functional
34392,non functional
66375,non functional
14291,functional
34184,functional
22281,functional
5680,functional
31854,functional
22974,functional
52246,functional needs repair
6781,non functional
16044,functional
56053,functional needs repair
41560,functional
41465,non functional
30382,functional
24180,non functional
65111,non functional
35486,non functional
7554,functional
57495,functional
47633,non functional
72760,non functional
60738,functional
1247,non functional
72683,functional
36074,functional
36916,functional needs repair
1289,functional
53178,non functional
40393,non functional
39299,functional
49159,functional
72176,functional
4115,functional
69011,functional
8538,functional
51170,functional
14027,functional
71042,non functional
23470,functional
41296,non functional
61157,non functional
69635,functional needs repair
29123,functional
67749,functional needs repair
25290,functional
32416,non functional
29251,functional
8200,non functional
32669,functional
55849,non functional
29697,non functional
14743,non functional
52734,non functional
21968,non functional
26317,functional
25630,functional
57838,non functional
68491,functional
17922,non functional
6681,non functional
46618,functional
11499,non functional
38497,functional
54160,functional
29075,non functional
73908,functional
8083,non functional
67264,functional
3960,functional
17476,non functional
9191,non functional
71095,functional
59765,functional
61519,functional
22952,non functional
1971,functional
41868,functional
27023,functional
19519,functional
66948,functional
48633,functional needs repair
44730,non functional
70750,non functional
28697,functional needs repair
15164,functional
20810,non functional
53752,functional
39854,functional
29731,functional
52051,non functional
50417,non functional
23449,functional
16635,functional
66176,functional
25133,functional needs repair
35525,non functional
58518,functional
4837,functional
5207,functional
39434,functional
15961,functional
49341,functional
4017,functional
47454,functional
14047,functional
60853,functional
68531,functional
11397,functional
71410,functional
32019,functional
49295,non functional
17406,functional
35503,functional
26642,functional
19256,functional
8829,non functional
69413,non functional
72680,non functional
49247,functional
28134,functional
52008,functional
30729,non functional
17654,functional
3822,functional
27940,non functional
70296,non functional
62460,functional needs repair
65617,functional
2253,non functional
9624,functional
14518,non functional
19460,non functional
9317,non functional
31649,functional
20360,functional
559,functional
40975,functional
60540,non functional
69480,functional
24991,non functional
8738,functional
49182,functional needs repair
20791,functional
25061,functional
34698,functional
47112,functional needs repair
47907,functional
25177,non functional
44922,functional
58277,non functional
51626,functional
72659,functional
14759,non functional
39748,functional
15540,non functional
15298,non functional
38290,non functional
44196,functional
34310,functional
65403,non functional
8152,functional needs repair
56396,functional
73728,functional
59447,functional
42762,functional
36174,non functional
58700,functional
42164,non functional
43,non functional
64995,non functional
55970,functional
4900,functional
56323,non functional
3202,functional
30012,non functional
46655,functional
73435,functional
17531,functional
13943,non functional
63150,non functional
52142,functional needs repair
59464,non functional
71431,functional needs repair
13507,non functional
51146,functional
21076,non functional
71379,functional
65879,functional
11642,non functional
29435,functional
60147,functional
39304,functional
58567,non functional
58155,non functional
40175,functional
62159,functional
33891,functional
71224,non functional
69336,non functional
43241,functional
65279,functional needs repair
57036,functional needs repair
31115,non functional
52671,non functional
3624,non functional
39388,functional
5538,functional
66115,functional
27393,non functional
6545,functional
65958,functional
49649,functional
46385,functional needs repair
40099,non functional
40381,functional needs repair
35541,non functional
47535,functional
3584,functional
67187,functional
43646,functional
62428,functional
6871,functional needs repair
13563,functional
6076,functional
6564,non functional
17642,functional
28671,functional
44284,functional
54885,functional
32293,functional
9819,functional
40100,non functional
66039,functional
30429,functional
67781,functional
11515,functional
26396,functional needs repair
31017,functional
67763,functional
33274,functional
1617,non functional
63377,functional
67936,functional needs repair
45942,non functional
7769,functional
31044,non functional
44544,non functional
31436,non functional
72504,non functional
29692,functional
63336,functional
14171,functional
23992,functional
15440,functional
45490,functional
28405,functional
57522,non functional
2787,functional
16720,functional
48953,functional
47915,non functional
4392,functional needs repair
15270,non functional
18785,non functional
4717,functional
9586,non functional
3677,functional needs repair
10147,non functional
51731,functional
47478,non functional
34446,non functional
41908,functional
57350,functional
60492,functional
71791,functional
37562,functional
4191,functional
5167,functional
53951,non functional
44604,functional
42760,functional needs repair
68924,functional
31218,non functional
54381,functional
63629,non functional
22333,non functional
37760,functional
47200,functional
61142,non functional
70084,functional
51891,non functional
1085,non functional
59727,non functional
47753,non functional
71571,functional
58302,non functional
16110,non functional
28921,non functional
33020,non functional
3855,non functional
16655,non functional
32648,non functional
60059,non functional
37210,functional
72289,functional needs repair
42127,non functional
38245,non functional
16995,non functional
55540,non functional
46036,non functional
12811,functional
49438,non functional
24851,non functional
71485,functional needs repair
5014,functional
4061,functional
5369,non functional
64626,functional
71179,non functional
37055,non functional
65572,functional
45627,non functional
38082,functional
35437,functional needs repair
55368,non functional
15738,functional
64889,non functional
67245,non functional
885,functional
15386,functional
47560,non functional
67943,functional
1456,non functional
1319,functional needs repair
23548,functional needs repair
66066,functional
65859,non functional
15880,functional
28909,functional
32179,functional
56489,non functional
15610,functional
11849,functional
19196,functional
21837,non functional
3163,functional
48362,non functional
43187,functional
70229,functional
2114,non functional
49575,functional
67034,non functional
14523,functional
21807,non functional
5374,functional
58461,non functional
35460,non functional
35708,functional needs repair
20605,functional
69709,functional
20964,functional needs repair
38254,functional
21691,functional
54226,non functional
1053,functional
50459,non functional
28230,non functional
39878,functional
5434,functional
62149,functional
35529,non functional
44317,non functional
53665,non functional
15479,non functional
63116,non functional
47728,functional needs repair
760,non functional
1979,functional
5946,non functional
51125,non functional
13528,non functional
53875,non functional
16040,functional
64462,functional
72178,functional
9233,functional
25555,functional
61182,functional
46195,functional
68272,functional
29888,functional
45573,functional needs repair
70234,functional
18364,functional
44770,non functional
48178,non functional
63481,functional needs repair
48704,functional
53393,non functional
43144,functional
20034,functional
4087,functional
8119,functional
27047,functional needs repair
26586,non functional
14466,functional needs repair
66090,functional
45774,non functional
21538,non functional
301,functional
56612,functional
36087,non functional
40510,non functional
54123,non functional
21773,functional
43197,functional
441,non functional
72335,non functional
8445,functional
48620,functional
72322,functional needs repair
67000,functional
8213,functional
66067,functional
14469,functional
30519,functional
65794,functional
45620,functional
51629,functional
64295,functional
63312,functional
27857,functional
27730,functional
72998,non functional
25704,functional needs repair
55321,functional
60520,non functional
2573,functional
67528,non functional
66054,functional
20015,functional
38530,non functional
71925,functional
46961,functional
26589,functional
40019,non functional
18803,non functional
8095,non functional
25632,non functional
46715,non functional
53821,non functional
58414,non functional
41867,functional
61864,functional
38452,non functional
65526,functional needs repair
17866,non functional
17594,functional
56924,non functional
11546,functional
7119,functional
61127,non functional
35522,non functional
51612,functional
20167,functional
32787,functional
18107,functional
62499,functional
17785,functional
9066,non functional
44360,functional
32409,non functional
13201,functional
5127,non functional
48440,non functional
17287,functional
66468,non functional
25665,functional
69185,non functional
49486,functional needs repair
73916,functional
41551,non functional
41356,functional
7366,functional
46056,functional
31699,non functional
37526,non functional
17638,non functional
26543,non functional
68217,functional
10473,non functional
46390,functional
38782,functional
43564,functional
57259,functional
68942,functional
27792,non functional
10563,non functional
25860,functional
48423,functional
66571,functional
37263,functional
11073,functional needs repair
59229,functional
22478,functional
42368,non functional
73671,non functional
43030,non functional
16574,functional
9223,non functional
37484,functional
74224,functional
14546,non functional
47958,non functional
34899,functional
64676,functional
31941,functional
43160,non functional
26689,non functional
1879,non functional
37178,functional
34725,functional needs repair
24515,non functional
35899,functional
70686,functional
58813,non functional
49093,functional
22601,non functional
27783,functional
12247,non functional
69197,functional
8179,functional
56159,non functional
16552,functional needs repair
29871,non functional
42954,functional
61814,non functional
49210,functional
37697,functional
45075,functional
65040,non functional
63300,non functional
11762,functional
23454,non functional
46826,functional
69036,functional
66114,non functional
26352,functional
17703,functional
38809,non functional
60552,functional
13777,functional
64934,functional
54212,non functional
73237,functional
65438,non functional
4367,non functional
7186,non functional
66070,functional
5562,functional
5940,functional
73647,functional
30244,functional
55554,functional
42044,non functional
30159,functional
16453,non functional
23558,non functional
17400,functional
49534,non functional
35739,non functional
6870,non functional
17629,non functional
25634,functional
66809,non functional
53921,non functional
42157,non functional
20249,functional
45019,non functional
12295,non functional
6228,functional
63306,non functional
71257,functional
11496,non functional
30946,non functional
7793,functional
62133,functional
46863,non functional
60296,functional
65701,functional
54796,functional
67200,non functional
30601,non functional
24356,functional
36815,functional
40544,functional needs repair
24148,functional
12191,functional
36804,functional
61159,non functional
23907,non functional
41410,non functional
31298,functional
21515,functional
68452,non functional
60356,non functional
36987,non functional
35966,functional
63870,functional
2727,non functional
47037,functional
73553,functional
1657,functional needs repair
38100,functional
6498,functional
30507,non functional
7931,functional
63120,non functional
68037,functional
73059,functional
60371,non functional
14452,non functional
66900,functional
52535,functional needs repair
494,functional needs repair
59959,functional
25585,functional needs repair
68554,non functional
23572,functional
47661,non functional
24380,non functional
12995,functional
11076,functional
43903,non functional
21557,non functional
59038,functional needs repair
67851,non functional
25770,functional
37171,non functional
44566,non functional
48081,non functional
5852,non functional
62137,functional
68220,non functional
22354,functional
38313,functional
30103,functional
69820,non functional
52311,non functional
35269,non functional
65181,non functional
29205,functional needs repair
55519,functional
73487,non functional
55063,non functional
21043,functional
64956,non functional
62859,functional
47205,functional needs repair
24800,functional
30793,functional needs repair
26343,functional
37047,non functional
20378,non functional
24422,non functional
46640,non functional
62213,functional
48747,functional needs repair
40968,functional
71813,non functional
37390,non functional
49817,functional
9851,non functional
35191,non functional
74080,functional
13595,functional
56394,functional needs repair
71005,non functional
30269,functional needs repair
28951,functional
72225,non functional
73362,functional
31812,functional
47624,non functional
32838,functional
19746,functional
15428,functional
60836,non functional
44599,functional
6605,non functional
8197,functional
67605,non functional
15879,functional
66511,functional
15365,non functional
26929,non functional
62653,non functional
24578,non functional
16956,functional
35211,functional needs repair
38939,non functional
21688,non functional
56682,non functional
45498,functional
134,functional
60410,functional
4489,functional
63528,functional
72350,non functional
9503,functional
67908,functional
48370,non functional
37853,functional needs repair
63221,non functional
4987,functional
28881,functional
25298,functional
1779,functional
67985,non functional
39184,functional
3413,functional needs repair
24146,non functional
13427,non functional
13351,non functional
35678,functional
23186,functional
14391,non functional
15292,functional needs repair
43872,functional
54612,functional needs repair
22421,functional
5152,non functional
48672,functional
35420,non functional
39904,functional needs repair
53154,functional
46321,functional
66080,functional
43759,non functional
22737,non functional
42904,functional
58029,functional
25748,functional
812,non functional
71798,non functional
52627,functional
28998,functional
71995,non functional
57162,non functional
46734,non functional
42808,non functional
59155,functional needs repair
25619,functional
57718,non functional
39809,functional
34396,functional
33675,non functional
24233,non functional
31743,functional
54183,non functional
40518,non functional
18251,functional
25223,functional
18201,functional
6365,non functional
40472,functional
26318,functional
37120,functional
10640,functional
49117,functional
62741,non functional
11274,non functional
21666,non functional
12365,functional
63742,non functional
26320,functional needs repair
574,non functional
30192,functional
58640,functional
63049,functional
23472,non functional
71845,functional
39620,functional
44362,functional
35415,non functional
63944,non functional
8139,functional
1354,functional
16919,functional
17000,non functional
20176,functional
3692,functional
9283,functional
36368,non functional
4739,functional needs repair
23226,functional
16014,non functional
63564,functional
36460,non functional
41336,non functional
45587,functional
11316,functional needs repair
51406,non functional
25633,functional
3596,non functional
47351,functional
56220,non functional
56046,functional
69418,functional
32392,non functional
47485,functional needs repair
20233,non functional
1977,functional
29247,functional
53657,non functional
14023,non functional
14732,functional
2572,functional
13442,functional
51167,non functional
28815,functional
23896,non functional
23194,functional
50128,functional
29848,functional
47146,functional
40732,functional
3875,non functional
3779,functional needs repair
22446,functional
49027,non functional
412,non functional
66877,functional
49651,functional
49759,functional
23836,functional
19742,functional
57066,functional
5860,non functional
8536,functional
29732,functional
5970,functional needs repair
13410,functional
11643,functional
45918,non functional
5753,non functional
7501,non functional
38749,non functional
61342,functional
56698,functional needs repair
3048,functional needs repair
55358,non functional
73896,functional
61983,functional
42275,functional
45178,non functional
42033,non functional
62800,functional
26367,functional
56722,non functional
22489,functional
17808,non functional
54374,non functional
53360,non functional
62961,functional
71704,functional
26247,non functional
54944,functional
8191,non functional
53941,functional needs repair
63110,non functional
64744,functional
53945,non functional
24099,functional
53352,non functional
48741,non functional
73133,functional
69660,non functional
15442,non functional
42881,non functional
26369,non functional
3962,functional
71272,functional
63844,non functional
25124,non functional
61290,functional
74196,non functional
43898,non functional
5066,functional needs repair
39528,functional
53628,non functional
37711,functional
34376,functional
19202,functional
51739,non functional
3342,functional
66957,functional needs repair
49554,functional
17882,functional
62478,functional
64242,non functional
47151,non functional
58602,functional
46000,functional
28937,functional
11552,non functional
33146,functional
10090,non functional
54946,functional
44293,non functional
47921,functional
61894,non functional
68160,non functional
57588,functional needs repair
43498,functional needs repair
14467,non functional
4344,non functional
31224,functional
34801,functional needs repair
73246,non functional
23100,functional
19351,functional
2944,functional
22534,non functional
45561,non functional
36697,functional
13172,functional
666,functional
52806,functional needs repair
15723,non functional
69813,non functional
73026,non functional
63830,functional
26160,functional
60760,functional
1401,functional
32316,functional
13335,non functional
47256,non functional
62795,functional
61787,functional
69585,functional
51775,non functional
2713,functional
48278,functional
63730,non functional
20822,non functional
539,functional
61562,functional needs repair
64614,functional needs repair
68479,functional
53686,non functional
11841,non functional
61364,non functional
47387,functional
41290,functional
22605,non functional
3669,functional
27068,non functional
51563,functional
53641,functional
57375,functional
14385,non functional
68923,functional
42746,functional needs repair
73420,functional
71570,functional
24431,functional
37916,functional
73132,functional
47089,non functional
16996,functional
39983,non functional
8998,non functional
28186,functional
3989,functional
26927,functional
19991,functional
66322,functional
57955,non functional
73661,functional
8291,functional
59460,functional needs repair
45973,functional
50440,non functional
51495,functional needs repair
16646,non functional
40300,non functional
34835,non functional
3030,functional
8409,non functional
10532,functional needs repair
28506,non functional
4333,non functional
12300,non functional
58290,functional
40826,non functional
523,functional
22964,non functional
30839,non functional
7311,functional
41559,functional
57463,functional
57647,non functional
18948,functional
4324,functional needs repair
63145,functional
40413,functional
8781,functional
41337,non functional
24889,non functional
45733,non functional
205,functional
66639,non functional
69489,functional needs repair
67344,functional needs repair
72231,non functional
1327,functional
8498,non functional
40066,functional
13221,functional needs repair
64043,non functional
71330,functional
71372,functional
37841,non functional
33717,functional needs repair
68096,non functional
9956,non functional
44661,functional
50306,functional
37681,non functional
12337,functional needs repair
42046,non functional
69560,functional needs repair
14950,non functional
40452,functional
61748,functional
68641,functional
62575,non functional
15627,functional
30108,functional
10820,functional
40683,functional
26886,functional needs repair
66662,functional
62055,functional
19730,non functional
19107,functional needs repair
22013,functional
17544,functional
11360,functional
50111,non functional
60129,functional
29611,functional
44703,functional
2034,functional
70726,functional
14507,functional
44984,non functional
19305,non functional
18519,functional
65479,functional
18949,non functional
40244,functional needs repair
26678,functional
60772,non functional
33302,non functional
18980,non functional
16793,functional
60577,functional
27057,functional
27853,functional
17566,functional
15040,non functional
45861,non functional
37369,functional
69698,functional needs repair
72540,functional needs repair
61453,functional
45694,non functional
3559,non functional
48376,non functional
27523,functional
51881,functional needs repair
27391,functional
24119,non functional
74008,functional
44419,non functional
6535,functional
5987,non functional
26871,functional
60278,non functional
50408,non functional
68912,non functional
49388,non functional
62872,non functional
25197,functional
46174,functional
10356,non functional
7112,functional
13082,non functional
54203,non functional
26683,functional
12761,functional
34514,non functional
40892,non functional
65654,functional
38201,functional
32443,functional
42156,non functional
62543,functional
70050,functional
29954,non functional
17056,non functional
27518,functional
65210,functional
7489,non functional
66946,functional
69389,non functional
45601,functional
47583,functional
21450,functional
71452,non functional
26778,functional
474,functional
67253,non functional
19428,functional
33694,functional
16780,functional
46848,non functional
34622,functional
16105,non functional
39523,functional
22600,non functional
58710,functional
47301,functional
52743,functional
22704,functional
31404,functional needs repair
52977,non functional
55397,non functional
46719,non functional
62923,functional
9746,functional needs repair
40130,functional
26913,functional
73802,non functional
52377,non functional
38043,functional
7215,functional
6089,non functional
36439,functional
29877,non functional
28062,functional
8201,non functional
10818,functional
68613,non functional
4211,functional needs repair
40397,functional
72573,non functional
20743,non functional
28032,functional
23007,non functional
58248,functional
13286,non functional
26801,functional
4303,functional
37771,functional
57332,functional
2089,functional
19265,non functional
63084,functional
11921,functional
73654,functional
10241,non functional
26342,functional
64531,functional
57799,functional
6850,non functional
50850,functional
68224,non functional
51795,non functional
54363,functional
40294,functional
10452,functional
42431,functional
32454,functional
5286,non functional
41086,functional
44970,non functional
69918,functional
8923,functional
50814,functional
32526,non functional
54313,non functional
38925,functional needs repair
12899,functional
48202,functional
14419,functional
25958,non functional
65673,functional
41350,non functional
44902,functional
406,non functional
4291,non functional
16272,functional
43573,functional
44079,non functional
27757,non functional
29708,functional
31600,functional
21541,functional
19313,non functional
70046,non functional
59658,functional
43124,functional
45259,non functional
1733,functional
60244,functional
56672,functional
41739,functional
35917,functional
37545,non functional
8105,non functional
11419,functional
34716,non functional
1916,non functional
39382,non functional
20972,non functional
70740,functional needs repair
22584,functional
27651,non functional
46491,functional
26237,functional
49092,functional
27575,non functional
69518,non functional
58460,non functional
7578,functional
36846,functional needs repair
28220,non functional
44144,functional
61510,non functional
28162,functional
37578,non functional
67074,functional
44136,non functional
47755,non functional
43962,functional
38564,functional
25667,non functional
59310,functional
72177,non functional
41426,non functional
195,functional
28969,non functional
62657,non functional
45584,functional
37895,functional
52621,functional
64955,functional
10092,functional
28290,functional
19382,functional
11314,functional
2105,non functional
61948,functional
27032,functional
19462,non functional
65413,functional
44839,functional
29186,functional
11540,functional
40716,functional
66997,non functional
21212,non functional
12642,non functional
58933,non functional
39721,functional needs repair
46899,non functional
34178,functional
66237,functional
35818,non functional
51584,non functional
13438,functional needs repair
25429,functional
69481,non functional
35075,functional
5072,functional
51985,functional
57088,functional needs repair
37739,non functional
7764,functional
17727,non functional
68830,functional
43246,non functional
23421,functional
56155,non functional
63279,functional
9382,functional
70525,functional needs repair
10312,non functional
3659,non functional
73844,non functional
50969,functional
65989,functional
49764,non functional
61397,functional needs repair
63369,functional
49230,functional
39014,functional
30137,functional
23603,non functional
11338,functional needs repair
30696,functional
3712,non functional
44729,non functional
69877,functional
30641,functional
6323,non functional
31069,non functional
15679,non functional
21016,functional
49496,functional
61326,non functional
4306,non functional
39397,non functional
59903,functional
24999,functional
14911,functional
62991,non functional
69349,non functional
68142,functional
51274,functional
14871,functional
23667,functional
31022,functional
38926,non functional
36618,functional
38880,functional
30744,functional
26905,functional
42447,functional needs repair
58924,functional
56322,functional
7235,functional
42832,non functional
32870,functional needs repair
45913,functional
61935,functional
45249,functional
70821,non functional
47951,functional
37236,functional
42600,functional
24942,functional
8595,functional
17876,functional
65886,functional needs repair
1009,functional
38893,non functional
50188,functional
27886,functional needs repair
20068,functional
60721,functional needs repair
22067,functional
602,functional
66594,functional
36352,non functional
59148,non functional
956,non functional
53850,non functional
11950,functional
7216,non functional
12674,functional
22930,functional
47781,functional
20817,functional
45223,functional needs repair
21704,functional
33615,non functional
1877,non functional
6247,functional
59851,functional
601,non functional
55416,functional
35353,non functional
9464,functional
16289,non functional
69280,non functional
32532,functional
20250,non functional
28745,non functional
29380,non functional
14751,functional
31049,non functional
42327,non functional
21038,functional
24606,functional
41474,non functional
55698,functional
9985,functional
1595,functional needs repair
5991,functional
3923,functional
64138,functional
9978,non functional
14726,non functional
41959,functional
27997,non functional
15500,functional
65259,functional
34590,functional
2433,non functional
20139,functional
732,non functional
41008,functional
50548,functional
26556,non functional
3536,non functional
66277,functional
6499,functional
3804,functional needs repair
21579,non functional
11463,non functional
52724,functional
14497,functional
15890,non functional
57484,non functional
8118,functional
60675,functional
43604,non functional
15693,functional
19500,non functional
29349,functional
16821,functional needs repair
71203,non functional
4579,non functional
58296,non functional
43556,functional
63514,non functional
14698,non functional
8675,non functional
71338,non functional
64013,non functional
65398,non functional
38193,functional
5847,non functional
31447,functional
39159,functional
4022,functional needs repair
36766,functional
47292,functional
47196,functional
47435,non functional
3825,non functional
31771,functional
28408,functional
71673,non functional
48795,functional needs repair
40582,non functional
38661,non functional
32933,functional
50663,functional
45530,functional
2108,functional
71755,functional
64277,non functional
36339,non functional
39330,functional
33821,non functional
39200,functional
11085,functional needs repair
36934,functional needs repair
48032,non functional
58553,functional
56813,functional
7367,functional
21211,non functional
6488,non functional
45168,non functional
54141,functional
64073,functional
45479,functional
51658,non functional
40599,functional
73825,functional
29356,non functional
66135,non functional
56366,non functional
1629,functional
3694,non functional
1310,functional
43660,non functional
52604,functional
58652,functional
57144,non functional
4313,non functional
58852,functional
69720,non functional
31299,non functional
58545,functional
72620,functional
3360,functional
38672,functional
60582,functional
5185,functional
27065,functional
22917,functional
39664,functional needs repair
20089,non functional
13725,functional
3563,non functional
46365,non functional
7642,functional
48942,non functional
15061,functional
64291,functional needs repair
31547,non functional
53498,functional
8692,functional
71045,functional
44813,non functional
37469,functional
18423,non functional
64093,functional
61781,non functional
69211,functional needs repair
34724,functional needs repair
32234,functional
28105,functional
69092,functional
23476,non functional
51765,non functional
54516,functional
70692,non functional
31340,functional needs repair
13436,functional
23362,functional
37733,functional
17247,non functional
57725,non functional
72026,functional
57858,functional
32620,non functional
10089,functional
46161,functional
15168,functional
16507,functional
34161,non functional
70753,functional
46560,non functional
63152,functional
70334,functional
9597,functional
21586,non functional
15849,functional
8746,functional
13110,non functional
62361,functional needs repair
51619,functional needs repair
10349,non functional
67145,functional
43743,functional
44590,functional
4733,functional
25382,functional
11192,functional
43310,functional
62645,functional
18020,functional
71448,non functional
14456,non functional
50037,non functional
20269,functional
57273,functional
68432,functional
40447,functional
21978,non functional
63582,non functional
6797,functional
13068,functional
34700,functional
55230,functional
46933,non functional
73143,functional
27515,non functional
65592,non functional
5359,functional
14167,functional
22373,functional
42932,non functional
33784,functional
58362,functional needs repair
12929,functional needs repair
8419,functional
65428,functional
70018,functional
53343,non functional
8853,functional needs repair
61618,functional
21384,functional
49538,functional
22165,functional
47823,functional
64975,non functional
12825,functional
51185,non functional
33127,non functional
43535,functional
4868,functional
50137,functional
72425,functional
58847,non functional
58919,non functional
71530,functional
7970,non functional
19829,functional needs repair
18917,functional
28430,functional
636,functional needs repair
19166,non functional
13979,functional
15664,functional
4142,functional
31125,non functional
32210,non functional
52985,non functional
44305,non functional
19716,functional
36759,functional
41813,functional
48205,non functional
2296,functional
5074,functional needs repair
58188,functional
42271,non functional
41689,non functional
34157,functional
37884,non functional
38320,functional
424,non functional
41611,non functional
7322,non functional
27565,functional
41550,non functional
35832,non functional
23074,functional
60045,non functional
53469,functional
58098,functional
4107,non functional
72716,functional needs repair
3067,non functional
56134,functional
67805,functional
429,functional
69303,functional
1912,non functional
71808,functional
12071,non functional
1187,functional
52069,non functional
53616,non functional
27636,functional needs repair
33763,functional
33379,functional needs repair
26746,functional
37381,non functional
17743,non functional
41749,functional
55032,functional
8399,functional
57364,non functional
41047,functional
32554,functional
59193,functional
63903,functional
13473,functional
43820,non functional
69883,functional
8788,non functional
67036,functional
12045,non functional
37185,non functional
51717,non functional
41655,functional needs repair
41715,functional
67728,functional
9815,non functional
4483,non functional
73745,functional
43553,functional
66745,functional
26432,non functional
63700,non functional
71,non functional
22707,non functional
8366,non functional
1656,non functional
5743,functional
8924,non functional
62720,functional needs repair
18711,non functional
42540,functional
2384,functional
55864,non functional
40630,non functional
48373,functional
47883,non functional
44832,non functional
40924,functional needs repair
8416,functional
42322,non functional
11883,functional
20563,non functional
2055,functional
74033,functional needs repair
22966,functional
3656,non functional
42043,functional
12516,functional
61200,functional
64162,functional needs repair
34858,functional
68274,functional
17615,functional
50709,functional
30987,non functional
55905,functional
40640,non functional
62130,functional
30286,functional
26764,functional
58002,functional
30017,functional needs repair
60965,functional
45538,non functional
49742,functional
31531,non functional
27331,functional needs repair
21077,non functional
51,non functional
26533,functional
16225,functional
44971,functional
354,functional
72301,functional
42778,functional
63497,non functional
17915,functional
18875,non functional
16796,functional
56953,functional
2362,non functional
54577,functional
24686,functional
51094,functional
66840,non functional
41794,non functional
24394,functional
33528,non functional
18968,non functional
33008,functional
32201,functional needs repair
7993,non functional
603,functional
16795,functional
22627,non functional
65449,non functional
62650,non functional
58305,functional needs repair
43407,non functional
47216,functional
60633,functional
64871,functional
70651,functional
30273,functional
52653,non functional
13508,functional
32127,functional
11426,functional
42492,functional
11906,non functional
10880,functional
72254,functional
3783,functional
67547,functional needs repair
63524,functional
28268,functional
16893,functional
24307,functional
31932,functional
38449,non functional
51889,functional
15396,non functional
18873,functional
50299,functional
2350,functional
69140,non functional
46445,functional
10606,non functional
31143,functional
62301,functional
42525,non functional
65342,functional
67689,functional
26594,functional
47549,functional
17268,functional
67734,functional
67963,functional
19091,non functional
35509,functional needs repair
42034,non functional
41260,non functional
61129,functional
12433,functional
54827,non functional
31642,non functional
68367,functional needs repair
38632,functional
43959,non functional
161,functional
54407,functional
29224,functional
11379,non functional
34011,functional
53725,non functional
19173,functional
62883,functional
604,functional
14873,non functional
16830,non functional
73001,functional
67571,functional
74177,functional
64002,non functional
67530,functional
39837,non functional
42624,functional
22647,non functional
72086,non functional
53718,functional needs repair
17784,functional
64763,non functional
33225,functional
59094,non functional
31625,functional
62752,non functional
55222,non functional
65207,functional
65961,functional
34527,functional
104,non functional
50732,functional
6165,non functional
62967,non functional
14779,functional
3930,non functional
24106,functional
8789,functional
35958,functional
39225,non functional
68113,functional
51207,non functional
15210,functional needs repair
21199,functional
42572,functional
52446,functional
12262,functional
63692,functional
58931,non functional
45610,non functional
70077,functional
63642,functional
70618,functional needs repair
64121,functional
61366,functional
29777,non functional
31892,functional
15541,functional needs repair
61220,non functional
31268,functional
16925,non functional
40362,functional
60685,non functional
47109,functional
48187,functional
35195,non functional
38472,non functional
14215,functional needs repair
46991,non functional
73486,non functional
48868,non functional
18015,functional
27099,functional
16643,non functional
68121,functional
14283,functional
7265,functional
32150,non functional
49149,non functional
4971,functional
64842,functional
1513,non functional
4950,non functional
7447,functional
21293,functional
56816,functional needs repair
21411,functional
30114,functional
28070,functional
58917,functional
46850,functional
12035,non functional
67621,functional
58014,functional
34889,non functional
28659,functional
43025,non functional
24725,functional
55364,functional
47102,functional
18046,non functional
44295,non functional
23714,non functional
6693,functional
33638,non functional
55130,functional
17620,functional
1150,functional
39447,functional
41627,functional
7202,functional
67498,functional
63531,functional
23985,non functional
16131,non functional
61933,functional
11191,functional
21644,non functional
50934,functional
7647,non functional
5078,functional
62557,functional
23298,functional
16982,non functional
24249,non functional
38638,functional needs repair
14983,functional
7110,functional
67886,functional
64841,functional
41469,non functional
23488,functional needs repair
38822,non functional
62074,functional
72610,functional
52772,functional
71009,functional needs repair
28276,functional needs repair
57627,functional needs repair
3864,non functional
41684,functional
30453,non functional
71492,functional
15455,functional
8959,functional
55132,functional needs repair
44106,non functional
1190,non functional
56817,functional
68146,non functional
1646,non functional
65167,functional
51077,non functional
50172,non functional
5971,non functional
62865,functional
23805,functional
18825,functional
2171,functional
41070,functional
10103,non functional
2703,functional
24109,non functional
4111,functional
53509,functional
560,functional
67685,functional
28835,functional
12665,functional
58258,functional
39811,non functional
56766,functional
47429,functional
30651,functional needs repair
4168,functional
22299,functional
18776,non functional
44058,functional
19663,functional
52557,non functional
18102,functional
35577,non functional
41077,functional
36668,functional
31776,functional
47965,non functional
30058,functional
3876,functional needs repair
32995,non functional
11566,functional
71779,functional
8989,functional
56987,non functional
60563,functional
26853,non functional
17367,non functional
59737,non functional
16774,non functional
24967,functional
9115,non functional
40604,functional
46958,functional
11145,non functional
9353,non functional
23328,functional
69163,non functional
72850,functional
27632,functional
7435,functional
17019,non functional
41346,functional
25288,functional needs repair
17022,functional
36664,functional needs repair
70510,non functional
44211,functional
33175,functional
5988,non functional
41791,functional
19945,functional
16970,non functional
15434,functional
58331,non functional
5707,functional
57551,non functional
2747,functional
36445,functional needs repair
42521,functional
68058,functional
54762,functional
17746,functional
42377,non functional
56688,non functional
18450,non functional
61095,non functional
46632,functional
5628,functional
49333,functional needs repair
15076,non functional
50467,functional
45372,functional
22510,non functional
34377,non functional
32096,functional
47671,functional
24288,functional
29052,functional
10464,functional
37096,functional
1308,functional needs repair
13956,functional
7991,non functional
2104,non functional
20578,non functional
49487,functional
36561,functional
45092,non functional
9906,functional
69699,non functional
20801,functional
52689,non functional
41496,functional needs repair
33115,functional
72315,functional
54798,functional
20342,functional needs repair
66969,functional needs repair
62121,functional needs repair
55832,functional needs repair
15209,functional
49617,non functional
25199,functional
56097,non functional
35756,non functional
27911,functional needs repair
33476,functional
68485,functional
65647,functional
73727,functional
53089,non functional
23204,functional
55303,functional
57594,non functional
50150,non functional
27325,functional
27647,functional
39947,functional
29243,non functional
15850,non functional
70405,non functional
2394,non functional
50608,non functional
26974,functional
1938,functional
44134,functional needs repair
20783,functional
10336,functional
17828,functional
21560,functional
55312,functional
51649,functional
38951,functional
70265,functional
40455,functional
72303,functional
8448,non functional
9965,functional
21037,non functional
2982,non functional
67713,functional
69807,non functional
14710,functional needs repair
70422,functional needs repair
64220,functional needs repair
28578,non functional
38134,functional
5435,functional
55492,functional needs repair
18838,functional
64792,functional
18095,functional
699,functional
57282,non functional
35904,functional
53814,functional
41601,functional
34557,non functional
50289,functional
64332,functional
44774,functional
41588,functional
6517,non functional
71862,non functional
38559,non functional
61384,non functional
3519,functional
72041,functional
15551,functional
53040,functional needs repair
34044,non functional
34625,functional
33401,functional
49335,non functional
35782,functional
45934,non functional
64102,functional
71854,functional needs repair
68686,functional
21797,functional
70947,functional
61003,functional
60959,functional
64171,functional
53262,functional
55207,functional
31653,functional
73206,functional needs repair
1691,functional
16682,functional
57697,functional
65887,functional needs repair
12183,non functional
49310,non functional
22549,functional
27508,functional
24601,non functional
46914,non functional
44773,non functional
52242,functional
54447,functional
56343,functional
16912,functional
71898,functional
2922,non functional
65695,non functional
58412,functional
56548,functional needs repair
28457,functional
56511,functional
687,functional
7592,functional needs repair
6659,functional
5340,functional
20618,functional
7748,functional
65727,non functional
43781,functional
62349,functional
39921,functional
58985,functional
34124,functional
59243,non functional
2045,non functional
45549,functional
14567,functional
49762,non functional
46782,functional
67876,functional needs repair
7132,functional
66144,functional
30720,functional
47345,non functional
57367,functional
48652,functional
1074,non functional
21392,functional
16430,functional
18023,functional
12051,non functional
51998,functional
9059,non functional
10207,non functional
67478,functional
30801,functional
39497,functional needs repair
10243,non functional
59423,functional
73880,non functional
53551,functional
19012,non functional
15333,non functional
53076,functional
12736,non functional
44395,functional
64021,functional
48640,functional
17790,non functional
7841,non functional
43857,functional needs repair
69686,non functional
43416,functional
70138,functional
45895,non functional
576,non functional
27395,functional
49836,non functional
19446,functional
70884,functional needs repair
61310,functional
23647,non functional
6611,non functional
63142,functional
4364,functional
24350,non functional
45927,functional
11493,functional
34956,non functional
47464,non functional
48508,non functional
18958,functional
14216,functional
47175,functional
11695,non functional
16074,non functional
12653,non functional
49413,functional
12322,functional
37941,functional
43191,functional
22526,non functional
19064,functional
64042,functional
48324,non functional
9459,functional
13958,functional needs repair
4305,non functional
47741,non functional
17414,functional
18336,non functional
16530,functional
43659,non functional
60627,non functional
49021,non functional
17169,functional
3829,non functional
66301,non functional
65075,functional
27679,functional needs repair
13261,non functional
71479,functional
52464,functional
4612,non functional
63149,non functional
62531,functional needs repair
32214,functional
21950,functional
63466,functional
15821,functional
44164,functional
7952,functional
69713,functional
35052,functional
28237,functional
44361,functional
9898,non functional
43143,functional
55141,non functional
19208,functional
41905,functional
883,functional
43122,non functional
28551,non functional
65489,non functional
73393,non functional
62982,non functional
13371,non functional
54541,non functional
70355,functional
39266,functional
12852,non functional
4607,non functional
7517,functional
68211,non functional
20560,functional
10608,non functional
22057,functional
13558,functional
69594,functional
24850,non functional
10384,functional
30489,non functional
49433,functional
11771,non functional
71741,functional
13370,functional
52512,non functional
26883,functional
62929,non functional
38429,functional
49497,functional
41172,functional
59265,non functional
60139,functional
41200,functional
37493,non functional
21938,functional
4731,functional
4235,functional
33902,functional needs repair
24415,non functional
70350,functional
56779,functional needs repair
30802,functional
43254,non functional
50521,functional
5584,functional
20523,non functional
41267,non functional
58899,functional
29392,functional
71311,functional
25924,functional
29976,functional
36848,functional
33888,functional
12770,non functional
8444,functional
20271,non functional
53984,non functional
61317,functional
23408,functional
19426,functional
12422,non functional
41282,non functional
32107,functional
64025,functional
63982,functional
64139,non functional
42409,non functional
63509,non functional
53957,functional
28928,functional
69212,non functional
41054,functional
13060,non functional
3967,functional
61006,functional
41567,non functional
49111,functional
7976,non functional
63782,non functional
64960,functional
9621,functional
5223,functional
32428,non functional
27810,non functional
38565,non functional
16760,non functional
50479,functional
59196,functional
56074,non functional
41956,non functional
30177,non functional
38242,non functional
27221,non functional
68938,functional
47607,functional needs repair
54734,functional
69843,non functional
31910,functional
5853,functional
33107,functional needs repair
27554,functional
39317,functional
21021,functional
45378,non functional
24837,functional
61116,functional
52454,non functional
70903,functional
32586,non functional
1353,functional
28473,functional
22383,non functional
61069,functional
73766,functional
70850,functional needs repair
58662,functional needs repair
58945,functional
28625,functional
25216,non functional
33265,functional
23341,non functional
53489,functional
19063,functional
17350,functional
51336,non functional
60643,functional
52506,non functional
19475,functional
39986,non functional
50692,functional
67302,functional
20640,functional
50677,non functional
26741,functional
31348,functional
32623,functional
38584,functional
38909,functional
22117,functional
19464,non functional
15840,functional needs repair
56428,functional
63231,non functional
58227,functional needs repair
61697,functional
25679,non functional
46552,non functional
41073,non functional
4751,non functional
42070,functional needs repair
43426,functional
16220,functional
28851,functional
9915,functional
37082,functional
25941,functional
71600,non functional
51782,non functional
22393,functional needs repair
54912,functional
37466,non functional
42573,functional
2193,non functional
52265,non functional
58283,functional
33858,non functional
70439,functional
32947,non functional
47578,non functional
60488,non functional
43489,functional
72040,functional
24196,functional
31216,non functional
16079,functional
10944,functional
21524,functional
17660,non functional
45229,functional
70274,non functional
52239,non functional
50310,functional
43996,non functional
26868,functional
66490,functional
30366,functional
52729,non functional
43771,non functional
39713,functional
58983,non functional
2704,non functional
35423,functional
47295,non functional
9993,functional
5846,functional
67265,functional
43411,functional
3117,non functional
70151,non functional
46010,non functional
15082,non functional
48426,non functional
46315,functional needs repair
16987,functional
19979,non functional
74228,functional
65661,functional
28293,non functional
18791,non functional
24470,functional
40776,functional
58238,functional needs repair
71594,functional
61602,non functional
18706,functional needs repair
32569,functional
49072,functional needs repair
12318,non functional
37632,functional
430,functional
69642,non functional
8063,functional
69485,functional
56620,non functional
58274,functional
36796,functional
34019,non functional
56210,non functional
26691,non functional
72975,non functional
177,non functional
569,functional
11265,functional
10389,functional
4706,non functional
52838,functional
67824,non functional
10297,non functional
71713,functional
15232,functional
66704,functional
3867,non functional
51707,functional
20713,functional
71282,functional
17161,functional needs repair
31375,non functional
24976,functional
54267,functional needs repair
11904,functional
53105,functional
59241,functional
16336,non functional
1475,non functional
9713,functional
17600,functional
30900,non functional
4121,functional
36624,non functional
21767,functional
9837,functional
46044,non functional
26547,non functional
64680,functional
23107,functional
14963,functional
47770,functional
15835,functional
27746,non functional
17619,functional
69691,non functional
42993,functional
19032,functional
2894,non functional
67797,functional
50832,functional needs repair
50866,functional
19911,functional
28235,non functional
32747,functional
67006,functional
32780,non functional
23691,functional
47669,functional
15107,functional
50902,non functional
56044,non functional
45667,functional
22867,functional needs repair
73047,non functional
56573,functional
64352,functional
22107,non functional
51972,functional
60518,non functional
56599,functional
45111,functional needs repair
4583,functional needs repair
40116,functional
67745,functional
53003,functional
50646,non functional
5287,non functional
47618,non functional
29016,functional
4400,functional
59712,functional
43231,functional
43359,non functional
8805,functional
59734,functional
23366,non functional
12584,non functional
8379,functional
21232,functional needs repair
33484,functional needs repair
20162,functional
41989,functional needs repair
37496,functional
35815,functional
58439,non functional
21901,functional
53185,non functional
411,functional
35770,functional
38828,non functional
42676,non functional
26157,functional
16008,non functional
57317,non functional
37025,non functional
11362,non functional
48274,functional
37408,functional
34657,non functional
69008,functional
16736,non functional
15204,functional needs repair
23995,non functional
51855,non functional
36325,functional
73073,functional
18429,functional
66820,non functional
60933,functional needs repair
67472,functional
21401,functional
36317,non functional
57262,non functional
17523,functional
23423,functional
10450,non functional
55430,non functional
34166,functional
20287,functional
48459,non functional
6792,functional needs repair
18210,functional
14187,functional
1628,non functional
53381,functional
70700,non functional
23591,non functional
34503,non functional
41556,non functional
11297,functional
62,functional
62740,functional needs repair
16221,non functional
71334,non functional
31499,non functional
56444,functional
47371,non functional
62661,functional
36205,non functional
2588,functional
55105,functional
26481,non functional
46534,functional
55711,functional
8385,functional
43870,functional
37269,functional
30965,non functional
72430,non functional
72074,functional
10231,functional
18707,non functional
44469,non functional
61441,functional needs repair
25289,functional
50054,non functional
31981,non functional
36753,functional needs repair
61054,non functional
25246,non functional
48995,functional
43574,non functional
19547,functional
21202,non functional
53761,functional
21052,functional
45450,functional
50899,non functional
30189,non functional
54519,functional
24586,non functional
59745,functional
10961,non functional
36027,non functional
55946,non functional
51323,non functional
3375,functional
73806,functional
1903,functional
68920,functional
39117,non functional
17659,non functional
10787,functional
66113,non functional
18907,functional
23217,functional
11574,functional
17860,functional
49062,non functional
70941,non functional
17179,functional
36805,non functional
21852,functional
10520,functional
6372,non functional
25942,functional
14131,functional
19869,non functional
55405,functional needs repair
32872,functional
35127,functional
20750,functional
14449,functional
22270,non functional
63214,non functional
34681,non functional
46231,functional
17090,functional needs repair
19157,functional
61295,functional
6003,non functional
70569,functional
18297,functional
53839,functional
2520,functional
68732,non functional
35395,functional
12265,non functional
13728,functional
49147,functional
52971,functional
71592,functional
42506,functional
34745,functional
13996,functional needs repair
15208,non functional
54620,functional
31577,functional
22243,functional
58968,functional needs repair
37669,functional
72857,non functional
39060,functional
64646,non functional
38959,functional
73764,functional
68277,non functional
37458,functional
37827,non functional
9863,non functional
50549,non functional
59470,functional
18014,functional
36959,non functional
63665,functional
52248,functional
72508,functional
19247,functional
26947,non functional
29870,functional
31731,functional
5424,non functional
9876,non functional
28090,functional
49319,functional
35870,non functional
63918,non functional
7637,non functional
64920,functional
73065,functional
41096,non functional
4599,non functional
32130,functional
31970,non functional
35980,functional
45572,functional
2153,functional
27872,non functional
21024,functional
37949,non functional
13138,functional
44887,non functional
33942,non functional
61610,non functional
5714,functional
29600,functional
57860,non functional
15558,functional
4046,non functional
36228,functional
22942,functional
15976,functional needs repair
2280,non functional
10581,functional needs repair
31980,functional
64480,functional
47219,functional
40120,functional
44147,functional
42819,functional
30240,non functional
55308,non functional
41118,non functional
10399,functional
54819,functional
60091,functional
44215,non functional
54235,non functional
59963,non functional
16180,functional
32317,non functional
46650,non functional
27248,functional
34427,non functional
72909,functional
49966,functional
70389,functional
24129,functional needs repair
4315,functional
10198,non functional
35677,functional
52769,functional
19855,functional
52091,non functional
26233,functional
66694,non functional
73158,functional
59397,functional
31428,functional
42837,functional
4076,functional needs repair
60811,non functional
55611,functional
33744,non functional
7950,functional
62397,functional
58491,functional
30616,functional
16801,non functional
7146,functional
73583,functional
53278,functional
47981,functional
41448,non functional
59929,non functional
43390,non functional
66814,functional
16639,functional
9664,non functional
1734,non functional
16496,functional
14622,functional
17308,functional
18480,functional
7958,functional
15229,non functional
44501,functional
39863,functional
18101,functional
62375,functional
50251,functional
41114,non functional
39246,non functional
71671,functional
24245,functional
49970,functional
59350,functional
8861,functional
11285,functional
4464,functional
54654,functional needs repair
37619,functional
10115,non functional
12167,non functional
9156,functional needs repair
2192,functional
37306,functional
61784,functional
66125,functional
22940,non functional
73891,non functional
61000,non functional
73568,functional
10024,non functional
31036,non functional
66246,non functional
6929,non functional
40908,non functional
68073,non functional
51898,non functional
69747,non functional
8461,functional
63769,functional
24185,non functional
68623,functional
52781,functional
65047,functional
26017,non functional
12833,functional
28150,non functional
20119,functional
73536,non functional
20534,functional
49226,non functional
37576,functional
2392,functional
9638,non functional
66186,functional
47667,functional
31985,non functional
18874,functional
1139,functional
52974,functional
70936,non functional
22187,non functional
1701,functional
64681,functional
34306,non functional
43923,functional
27675,non functional
54704,non functional
46265,functional
10292,non functional
57427,non functional
66215,non functional
11968,non functional
19260,non functional
25031,functional
62075,functional
21651,functional needs repair
5192,functional
57039,functional
55983,functional
19017,functional
53577,functional needs repair
13391,functional
6467,non functional
3888,functional needs repair
34761,functional
40825,functional
7384,functional
26359,non functional
71987,non functional
49511,functional
33923,functional
21626,functional
35745,non functional
37752,functional
62033,functional
68901,non functional
15622,functional
12927,functional
59068,functional
47423,functional needs repair
10435,functional
52030,functional
14993,functional needs repair
14091,functional needs repair
2783,functional
17649,functional
20852,non functional
55094,non functional
52909,functional
36581,functional
44129,functional
40782,functional
6823,functional
983,functional
47289,functional needs repair
12985,non functional
43917,functional
29701,non functional
66984,non functional
5829,non functional
39872,non functional
7314,functional
71494,non functional
11,non functional
48815,functional
42618,functional needs repair
34908,functional needs repair
58610,functional
17102,non functional
51064,non functional
6865,functional
29625,functional
62703,functional
8163,non functional
68655,non functional
32386,functional
37868,functional
1357,non functional
50673,non functional
50483,non functional
13541,non functional
9272,non functional
47442,non functional
69876,functional
4067,non functional
63708,functional
27435,functional
63928,non functional
65091,non functional
17589,non functional
5791,non functional
13055,functional needs repair
7413,non functional
44024,functional needs repair
74009,non functional
46676,functional
9710,functional
72168,functional
47116,functional
41848,non functional
63902,non functional
51978,functional needs repair
67196,functional
63967,functional
7941,functional
30048,non functional
51093,functional
10465,non functional
34486,functional
64963,non functional
33268,non functional
39109,functional needs repair
58214,functional
66484,non functional
55979,non functional
64970,non functional
62569,non functional
70075,non functional
22201,non functional
28387,functional
73056,functional needs repair
5057,functional
37302,functional
40199,functional
66895,functional
41680,non functional
27155,non functional
43196,functional needs repair
42111,functional
12988,functional
32699,non functional
23699,non functional
33380,non functional
43055,non functional
13047,functional
15101,non functional
23865,functional
19047,functional
41019,non functional
17230,functional
20338,functional
66608,functional
73886,non functional
71560,non functional
18366,functional
54272,non functional
742,functional needs repair
11887,functional
37420,functional
72276,functional
28400,functional
64176,functional
3561,functional
53939,functional
18257,non functional
19469,non functional
44802,non functional
63961,non functional
66621,non functional
70396,non functional
6710,non functional
43639,functional
28525,non functional
13182,functional needs repair
43114,non functional
27576,functional
59476,functional
51478,functional
5869,functional
45338,functional
53548,functional
31710,functional
44815,functional
69826,functional
9023,functional
27541,non functional
39577,functional needs repair
56385,functional
13702,non functional
57124,functional
15886,functional
26866,functional
50704,functional needs repair
17771,non functional
57579,non functional
7391,non functional
54672,functional
69681,functional
51110,functional
46453,functional
57978,non functional
5607,functional
59973,non functional
62672,functional
13668,non functional
58182,functional
20543,non functional
69203,functional
10977,functional
27392,non functional
63640,non functional
55769,non functional
47827,non functional
4877,non functional
53646,functional
14572,functional
41701,non functional
40873,non functional
46749,non functional
20561,functional
3993,functional
40790,functional
63931,non functional
5005,functional needs repair
62435,non functional
8960,functional
15223,non functional
20725,functional needs repair
60044,functional needs repair
3842,functional
47314,functional
17663,functional
28703,non functional
1517,non functional
61639,functional
1100,functional
54963,non functional
4106,functional
31357,functional
26304,functional
72536,functional needs repair
65247,functional
10624,functional needs repair
41824,functional
50506,functional
51137,functional
61542,functional needs repair
45470,non functional
7625,functional
46391,non functional
52420,functional needs repair
63756,functional
10766,functional needs repair
36296,non functional
64877,functional
41879,non functional
5733,non functional
70343,functional
62239,functional
30198,functional
20747,functional
52584,functional needs repair
32764,functional
39817,functional
42955,functional
7903,non functional
7160,functional
67030,non functional
40481,functional
46482,functional needs repair
1794,functional
35923,functional
31452,non functional
73422,functional
55959,functional
53326,non functional
28988,functional
73774,non functional
34339,functional
22248,non functional
64965,non functional
60649,non functional
887,functional needs repair
72970,non functional
67248,functional needs repair
42302,functional
31431,functional needs repair
26584,functional
17519,functional needs repair
4129,functional
22517,non functional
12962,non functional
40877,non functional
60635,functional
29188,non functional
24826,functional needs repair
34216,functional
73138,non functional
60215,non functional
46206,non functional
55190,non functional
23169,functional
67553,functional
72499,non functional
10604,non functional
30712,non functional
51668,non functional
19498,functional
42129,functional
49252,non functional
67118,functional
22317,functional
69543,functional
25071,functional
52664,non functional
1170,non functional
46434,non functional
15895,functional
10847,non functional
15281,non functional
59564,non functional
8568,non functional
51997,non functional
69449,non functional
72554,non functional
17944,functional needs repair
26554,functional
23299,functional
21816,non functional
66754,functional
27535,functional
65595,functional
6478,functional
14838,functional needs repair
63315,functional
13832,functional
38510,non functional
45149,functional needs repair
26235,non functional
18588,functional
7310,non functional
69374,functional
16892,non functional
6183,functional
44400,functional
53029,functional
58457,functional
27095,non functional
70318,functional
41831,functional
5087,non functional
41925,functional needs repair
57896,functional
73576,functional
31976,functional
69053,functional
48034,functional
713,non functional
19739,functional needs repair
22501,non functional
20832,functional
6321,functional
53477,functional
41179,functional
11449,functional
37327,non functional
17598,non functional
9980,non functional
29827,non functional
21537,functional
1405,functional
44864,functional
58872,functional
25041,non functional
20687,functional
67962,functional
67927,functional
40942,functional
65574,functional
30676,functional
4150,non functional
68,non functional
6187,functional
39812,functional needs repair
61580,functional
65931,functional
42231,non functional
66120,functional
29774,non functional
39077,functional
71929,functional
5931,non functional
51503,non functional
72036,non functional
65905,functional
61459,functional
74017,functional
20117,functional
22969,functional
61388,functional
47838,functional
27229,non functional
68604,functional
23919,functional
16139,non functional
55348,non functional
8561,non functional
11495,functional
18024,non functional
34811,non functional
9805,non functional
51400,functional needs repair
261,functional
51488,non functional
1095,functional
6835,functional
30493,functional
18360,non functional
65676,functional
51616,functional
6302,non functional
56803,non functional
32990,non functional
28776,non functional
31264,functional
23592,functional
60834,non functional
51840,non functional
36149,functional
14096,functional needs repair
6901,non functional
31923,functional
31886,non functional
56850,functional
38083,functional
56758,functional
64142,functional
34185,non functional
52560,functional
2568,non functional
28487,functional
19214,functional
52580,functional
73618,non functional
29245,functional needs repair
17779,functional needs repair
30191,non functional
55375,non functional
62201,functional needs repair
15460,non functional
39374,non functional
52021,functional
15554,functional
70673,non functional
5980,functional
73114,functional
15982,functional
54398,functional
54315,non functional
36018,non functional
12501,non functional
46940,functional
41803,functional
5818,functional needs repair
43768,functional
20033,functional
42429,functional
38786,functional
9810,non functional
9427,functional
21507,functional
28772,non functional
10743,functional
68607,functional
35884,functional
31593,functional
46549,non functional
52480,non functional
32188,non functional
18876,non functional
2618,functional
22068,functional needs repair
43182,functional
55886,functional
5902,non functional
11558,functional
19847,functional
72324,non functional
17757,functional
55722,functional
72399,non functional
48367,functional needs repair
18478,non functional
28001,functional
57045,non functional
51457,functional
49971,non functional
37330,functional
56596,non functional
3665,functional
73447,non functional
28167,functional
12007,functional
72455,functional
31368,functional
23562,functional
29885,non functional
48320,functional
40038,non functional
57789,non functional
54306,functional
27320,functional
11888,non functional
71624,non functional
37032,functional
19797,non functional
46868,functional
31178,functional needs repair
16932,functional
64427,functional
55673,functional
47821,non functional
27543,functional
654,non functional
5165,non functional
73193,non functional
47964,non functional
37914,non functional
36685,non functional
4395,functional needs repair
3500,non functional
21744,functional
71887,functional
25115,functional
10033,functional needs repair
12174,non functional
25326,functional
31476,functional
69503,functional
42776,functional
35414,non functional
63471,functional
15249,non functional
31130,non functional
2186,functional needs repair
47087,functional
45001,functional
46972,non functional
27076,non functional
55486,functional
73639,functional
25749,functional
60213,non functional
8452,non functional
63000,functional
37648,functional
41254,functional
31961,non functional
51343,functional
43226,functional
42446,non functional
11008,functional
2737,non functional
24802,functional
59372,functional
35698,functional needs repair
22512,functional
5361,functional
43463,functional
28299,functional
2337,non functional
45089,non functional
19485,non functional
17372,functional
55776,functional
70357,functional
51034,functional
68943,functional
6447,functional
25944,functional
43313,functional
1774,non functional
1004,functional
61173,non functional
26797,functional
52214,functional
50649,functional
5310,non functional
31695,functional needs repair
25814,non functional
65609,functional
43613,non functional
42253,non functional
63425,functional
3136,functional
72007,non functional
35924,functional
41910,non functional
55791,functional
8836,functional
16797,non functional
49357,non functional
58929,functional
62294,functional
55795,functional
40479,non functional
181,non functional
48977,functional
56126,functional needs repair
49467,functional
30799,functional
17528,functional
26478,functional
1145,functional
46860,functional
46202,functional
11173,functional
54377,functional
63950,functional
64669,non functional
34826,functional
57961,non functional
19049,non functional
14945,non functional
10042,non functional
7180,functional
69403,non functional
60857,non functional
1430,non functional
8584,functional
70079,non functional
70399,functional
67004,functional
40150,functional
56981,functional
36995,functional
15884,functional
36147,functional
48951,functional
53561,functional
69206,functional
63057,non functional
30961,functional
71614,functional
71176,functional
66988,functional needs repair
42051,non functional
32131,functional
15089,non functional
10724,non functional
9955,non functional
33889,functional
42508,functional
25471,functional
67049,non functional
46189,functional needs repair
36278,non functional
20197,functional
61234,functional
45830,functional
52747,non functional
54854,functional
61233,functional
68373,functional
48757,non functional
60752,non functional
9505,non functional
31319,non functional
4398,functional
71945,functional
49918,functional
22216,non functional
18573,non functional
71243,non functional
32266,non functional
23802,non functional
420,functional
26051,functional
8753,functional
61113,non functional
73383,non functional
29644,functional
55088,functional
50022,non functional
22254,non functional
72213,functional
13346,non functional
59395,functional
66768,functional
70929,functional
8814,functional
42943,functional
5433,functional
23232,non functional
4297,functional
67438,non functional
42355,functional
21819,functional
213,functional
61145,non functional
50196,functional
20104,non functional
12134,functional
69798,functional
43734,non functional
18175,non functional
20098,functional
46659,functional
69348,functional
50821,non functional
39918,non functional
56318,non functional
32086,functional
31738,functional
62270,functional
35893,functional
40332,non functional
8080,functional
51389,functional
66158,non functional
66505,non functional
73948,non functional
35358,non functional
20106,functional
6848,functional
15239,functional needs repair
8955,functional
54512,functional
5208,non functional
26129,functional needs repair
9892,non functional
38953,functional
15098,non functional
17570,functional
51421,non functional
22066,functional needs repair
49330,functional needs repair
70236,functional
54084,functional
15073,functional
16502,non functional
6590,functional
50162,functional
67856,functional
9770,non functional
44487,functional
45184,non functional
61307,functional
56991,non functional
20419,functional
57037,non functional
10149,non functional
13313,functional
43445,non functional
9925,functional
48094,non functional
69788,functional
50986,non functional
50695,non functional
15486,non functional
847,functional
1182,functional
58140,functional
36209,functional
15855,non functional
17517,non functional
57058,functional
39728,functional
23538,non functional
47098,functional
22854,functional
27630,non functional
54388,functional
36650,functional
45550,functional needs repair
40755,functional
28654,functional needs repair
19390,functional
62040,functional
46376,functional
45203,functional
61309,non functional
62219,functional
69704,functional
13801,functional
66384,functional
71749,functional
58434,functional
43423,functional
73817,functional
51102,functional needs repair
43067,non functional
42252,functional
46319,functional
7884,non functional
73918,functional
38851,non functional
18816,functional
35089,non functional
41271,functional
6538,non functional
50630,functional needs repair
60134,functional
14739,functional
11148,functional
60026,functional
50435,non functional
55335,functional
5767,functional
49625,non functional
40836,functional
72713,non functional
10562,non functional
65204,non functional
19255,functional
2963,functional
56483,functional
71154,functional
70816,non functional
71746,functional
17927,functional
15741,non functional
49282,functional
16354,functional
52827,functional needs repair
60350,non functional
28917,non functional
30606,non functional
35705,functional
47952,functional
37933,functional
33311,non functional
54754,functional
24723,non functional
68928,functional
32822,non functional
26357,non functional
38035,functional
33999,functional needs repair
41874,non functional
61090,functional
1569,functional
62472,functional
17336,functional
59632,non functional
31873,functional needs repair
51557,non functional
30452,functional
54500,functional
45654,non functional
12683,non functional
9457,non functional
69639,non functional
55710,non functional
40443,functional
4021,non functional
22180,functional needs repair
69785,functional
31964,functional
68747,functional
28078,functional
17134,functional
32690,functional
26625,functional
65601,functional
1046,functional
21736,functional
6671,functional
49360,functional
17943,functional
25218,functional
69218,functional
17412,functional
59775,non functional
14090,non functional
48727,non functional
65704,non functional
61450,non functional
11745,functional
50222,functional
47526,non functional
50823,non functional
32574,functional
64082,non functional
31801,functional
43634,functional
19579,functional
31479,functional
58697,non functional
62895,functional
67045,functional
3454,functional
57358,functional
66203,functional
55052,functional
35593,functional
16217,functional
13240,non functional
60282,non functional
52131,non functional
57139,functional needs repair
59117,functional needs repair
70707,non functional
55737,non functional
66475,functional
68475,non functional
4619,functional
48541,non functional
60211,non functional
62510,non functional
33279,functional
51218,functional
49484,functional
10184,functional
37616,non functional
12096,non functional
25620,functional
57727,functional
48585,non functional
67436,non functional
35070,non functional
60061,functional
22722,non functional
71119,non functional
41277,functional
37515,functional
19104,functional
48330,non functional
58496,non functional
26122,functional
6711,functional
8397,non functional
38957,functional
54731,non functional
54753,non functional
45047,functional
45658,functional needs repair
31278,functional needs repair
35735,functional
32351,non functional
22991,non functional
30893,non functional
37374,functional
4159,non functional
52591,non functional
55707,non functional
39717,functional
66585,functional needs repair
40550,functional
40029,functional
62743,non functional
55423,functional
24001,functional
17184,functional
31285,non functional
69227,non functional
17988,non functional
2305,functional
42942,functional
18387,non functional
64223,functional
15520,functional
64212,functional needs repair
23841,functional
69525,non functional
29174,non functional
70589,non functional
7224,functional
20320,non functional
29966,non functional
31524,functional
31117,functional
68477,functional
21053,functional
4078,functional
60659,non functional
28770,functional
17841,non functional
9715,non functional
16547,non functional
1838,non functional
6598,functional
37232,functional
54246,non functional
4467,functional
62310,functional
67800,functional
47541,functional needs repair
14828,functional
44490,non functional
4526,non functional
53791,functional
35859,functional
53124,functional
25300,non functional
8220,functional
49338,non functional
41244,functional
55134,non functional
37608,functional
40494,functional
8649,non functional
63991,functional
25476,functional
68822,functional
48102,functional needs repair
25819,non functional
44480,functional
72332,functional
57213,functional
32028,functional
56609,functional
23644,non functional
3363,non functional
69296,functional
5284,functional
51267,functional
29241,non functional
52320,non functional
67717,non functional
52828,functional
67130,functional
5976,non functional
40128,functional
72116,functional
71844,functional
60807,functional
63854,non functional
68884,functional
25512,functional
73082,functional
34953,non functional
65186,non functional
24458,non functional
23283,functional needs repair
22146,functional
53735,non functional
8405,functional
59095,non functional
37351,functional
58055,non functional
15862,non functional
3013,functional
71350,non functional
25272,non functional
68624,non functional
13910,functional
12714,non functional
43540,functional
14450,functional
62511,functional
10394,functional
2969,non functional
62662,non functional
1500,non functional
16662,functional
21673,functional
43069,functional needs repair
21182,functional needs repair
56948,non functional
7204,non functional
33938,non functional
29079,non functional
36724,functional
31423,functional needs repair
29578,non functional
32331,functional
35804,functional needs repair
16251,functional
56975,functional
13714,functional
9678,functional
27859,functional
63787,non functional
32205,functional
63621,non functional
61431,non functional
43748,functional
50392,functional
53613,functional
66386,non functional
67068,functional
38345,functional
11723,non functional
48486,non functional
61324,functional
50510,functional
55685,functional
12104,non functional
33530,non functional
11349,functional
32259,functional
13302,functional
67640,functional
71677,non functional
67385,functional
22256,functional
29753,functional
45647,functional
9363,non functional
42945,non functional
7582,functional
34609,non functional
54114,functional
15935,non functional
51793,functional
14606,non functional
22031,functional
56121,functional
17209,functional
32786,functional
14022,functional
50429,non functional
21135,non functional
59786,non functional
17689,functional
2275,functional
73560,functional
33397,non functional
68041,functional
47933,functional
20145,functional
10996,functional needs repair
13545,functional
56513,functional needs repair
51101,non functional
50485,functional
29794,functional needs repair
43238,non functional
41764,functional
20401,non functional
8208,functional
71603,non functional
50086,functional
19088,functional
39361,non functional
66056,functional
64802,non functional
25046,non functional
38756,non functional
5575,functional
17734,non functional
17222,functional
59446,non functional
34957,functional
34980,non functional
49077,functional
11430,functional
21893,functional
53269,functional
6837,functional
18663,functional
50696,functional
14145,functional
16186,non functional
47959,functional
22897,non functional
27974,functional
22365,functional
61878,non functional
28565,non functional
55013,functional needs repair
7584,non functional
5546,non functional
65195,non functional
6124,functional
34186,functional
13825,non functional
12783,non functional
24253,functional
67250,non functional
13751,functional
39659,non functional
9633,non functional
32018,non functional
64331,non functional
23417,non functional
39050,non functional
48059,non functional
61319,non functional
12223,functional
59967,functional
61584,non functional
66698,non functional
63386,functional
51087,non functional
4831,functional
34455,functional
72363,functional
38113,non functional
5916,functional needs repair
29698,functional
28938,functional needs repair
65051,functional needs repair
1509,functional
73983,functional
36497,functional
44269,non functional
62423,non functional
41121,functional
741,non functional
60162,functional
10543,functional
29343,non functional
42469,functional
46049,non functional
51251,non functional
24015,non functional
24864,functional
51375,functional
29366,functional needs repair
13953,non functional
30631,functional
15368,non functional
36435,functional
70811,non functional
29285,functional
897,functional
28858,functional
24971,non functional
45101,functional
19068,non functional
52887,functional needs repair
11322,non functional
9000,functional
33852,functional
26245,functional
28822,non functional
35411,functional
71131,functional
71409,functional
6694,functional
60937,functional
46656,non functional
35952,functional
27211,functional
28173,non functional
69851,non functional
22490,non functional
34230,non functional
64612,non functional
34140,functional
45192,functional
43645,non functional
45453,functional
30976,functional needs repair
5449,functional
40264,non functional
11550,functional
43690,non functional
8304,functional
68713,functional
49774,functional
64197,non functional
23625,non functional
25711,functional
58563,non functional
2732,functional
9846,functional needs repair
21191,non functional
2038,non functional
24894,non functional
56748,functional
345,non functional
53447,functional
61385,non functional
38450,non functional
65902,functional
14322,non functional
53054,functional
52623,functional
10224,functional
9398,functional
44781,functional
31656,functional
73371,non functional
59019,functional
30569,functional
42214,non functional
73033,functional
11527,non functional
25910,functional needs repair
7440,functional
22826,functional
16937,functional
13237,functional
48794,functional needs repair
62600,non functional
62905,functional
10659,functional
32716,functional
12474,functional
42547,functional
36022,non functional
5822,functional
25521,functional
16842,non functional
72912,non functional
14089,non functional
41765,non functional
30981,non functional
26406,functional
13052,non functional
63223,functional
30117,non functional
41967,functional
67078,functional
32967,non functional
5828,functional
28464,functional
70790,non functional
40978,non functional
64104,functional
34766,non functional
22556,functional
10662,functional
38921,non functional
57562,functional
18411,non functional
5755,functional needs repair
65357,functional
51498,non functional
2129,functional
3154,functional
52541,functional
54426,functional
38465,functional
69986,functional
67062,functional needs repair
34806,functional
23072,functional
35984,functional
43471,non functional
34032,functional
49277,non functional
30940,non functional
39454,functional
69509,functional
50160,functional
29353,functional
56643,non functional
54131,non functional
62322,non functional
44503,functional
63107,functional
73800,non functional
2820,functional
20444,non functional
49367,functional
42534,functional
49606,functional needs repair
42552,non functional
46175,functional
37974,functional
12146,functional
71607,non functional
29383,non functional
1414,functional
40386,non functional
58729,non functional
18786,functional
9723,non functional
1423,functional
33542,non functional
57882,functional
34445,non functional
25403,functional
21546,functional
22887,non functional
72379,functional needs repair
32885,non functional
41010,functional
48242,functional
34171,functional
12400,functional
57439,functional
26063,non functional
27931,functional
70657,functional
65407,functional
15191,functional
57302,functional
68461,functional
35062,functional
13578,non functional
21368,functional
34688,functional
29290,non functional
20806,functional
8967,non functional
16832,functional
4853,functional
41395,functional needs repair
58428,non functional
64460,functional
19284,non functional
53271,non functional
45172,functional
70321,non functional
12310,non functional
10229,functional
41623,functional
15279,non functional
7009,functional
15473,functional
63570,functional
58730,functional
13965,functional
347,functional
26107,non functional
58174,functional
52020,non functional
68099,functional
29275,non functional
23215,functional
22321,non functional
55777,functional
59394,non functional
13107,functional
44051,non functional
48506,functional
30418,functional
46528,non functional
72020,non functional
53023,functional
749,functional
54687,functional
967,functional needs repair
3611,functional
15451,functional
11796,functional
62533,non functional
20285,functional
46721,functional
66949,non functional
51368,functional
20157,functional
48694,functional
66426,non functional
61158,non functional
31163,functional
33523,non functional
58390,functional
59345,functional needs repair
17014,functional
57311,non functional
68575,functional
25566,functional
68879,non functional
18065,non functional
995,functional
42223,functional
57851,functional
20792,non functional
69512,functional needs repair
57615,non functional
59455,non functional
47714,functional
71976,non functional
38175,non functional
47482,functional
55347,functional
69488,non functional
28316,functional needs repair
56969,functional
73008,non functional
37716,functional needs repair
59190,functional
30101,non functional
13400,functional
3970,functional
7281,non functional
34412,functional
39480,non functional
67281,non functional
35454,functional
42533,non functional
34632,functional
49604,functional
26558,non functional
50904,non functional
16533,functional
30148,non functional
57445,functional
7907,functional
9874,functional
53979,non functional
35010,functional
28244,non functional
14350,non functional
44510,non functional
62386,functional
35513,non functional
68989,non functional
14387,functional
9073,non functional
21097,non functional
62605,non functional
17241,non functional
57206,functional
21010,functional
32643,functional
4301,non functional
59317,non functional
48346,functional
60267,functional
54961,functional needs repair
2662,functional
51733,non functional
22545,non functional
46653,non functional
7626,non functional
8669,non functional
1222,non functional
22004,non functional
57911,functional
15384,functional
21951,non functional
44173,functional
47341,functional
8451,non functional
6614,functional
18806,non functional
7811,functional
26449,functional
691,non functional
58546,non functional
58075,non functional
50544,functional
29404,functional
12664,non functional
2935,functional needs repair
73663,functional
17539,non functional
11594,non functional
10841,functional
44760,non functional
49088,non functional
71037,functional
23062,non functional
8127,functional
48676,non functional
52437,functional
23665,functional
999,non functional
31333,non functional
71360,non functional
2035,non functional
52305,non functional
35215,functional
69270,non functional
33141,functional
20878,non functional
58225,non functional
26361,non functional
27105,non functional
34002,functional
18019,functional
46965,functional
52579,functional
27948,functional
27606,non functional
34815,non functional
35937,functional
55152,functional
2131,functional
51382,non functional
48161,functional
24512,non functional
5623,non functional
54287,non functional
42247,functional
61188,functional
65390,non functional
50948,functional
28994,functional
58988,non functional
3903,functional
26786,functional needs repair
19170,functional
22436,functional
52087,functional
13568,functional
31938,non functional
9423,functional
20317,non functional
58998,non functional
40766,functional
44675,functional
29130,functional needs repair
42373,functional
71964,functional
10707,functional
45547,functional
40930,functional
38619,functional
44477,functional
16226,functional
45468,functional
59767,functional
45676,functional
13548,non functional
33132,functional
634,functional
16267,functional needs repair
29340,functional
8352,non functional
58535,non functional
56826,functional
25751,functional
52925,functional
39201,functional
68731,non functional
8373,non functional
71389,non functional
59736,functional
16311,functional
30908,functional
71915,functional
12430,functional
587,non functional
67806,functional needs repair
56742,functional
31867,functional needs repair
70482,non functional
32982,functional
21094,functional
52976,functional
3304,non functional
33347,non functional
1806,functional
29931,functional needs repair
56859,functional
64422,non functional
64501,functional
53473,functional
71217,functional
72032,functional
22386,non functional
24472,functional
41126,non functional
22435,functional
72415,functional
30861,non functional
14548,functional
305,functional
35000,non functional
50225,functional
12743,non functional
66817,functional
69089,non functional
73250,non functional
40939,functional
54357,functional
65889,functional
60292,functional
51684,non functional
33515,non functional
33522,non functional
5641,functional needs repair
15489,non functional
14058,non functional
70728,functional needs repair
51195,non functional
6423,non functional
50143,functional
36407,functional
41002,functional
54561,non functional
48291,functional
24357,non functional
41452,non functional
73421,non functional
14442,functional
65129,functional
59993,functional
20277,functional
65254,functional
41752,non functional
7829,functional
41619,functional
54826,functional needs repair
30019,functional
34809,non functional
53593,functional
42424,functional
44260,functional
51724,functional
3280,functional
49285,non functional
34425,functional
43621,functional needs repair
45294,functional
70755,non functional
70208,functional
14271,functional
5764,non functional
45246,functional
39408,non functional
12741,functional
12489,functional
8317,non functional
7123,functional
55639,non functional
66216,non functional
52407,non functional
70524,non functional
36557,functional needs repair
5515,non functional
537,functional
24401,non functional
6566,functional needs repair
939,non functional
21342,functional
12520,non functional
71249,non functional
17618,functional needs repair
55079,functional
25067,functional
41060,functional
10814,non functional
57305,non functional
44554,functional
33834,non functional
25640,non functional
61152,non functional
63382,functional
12661,functional
27043,functional
3630,functional
38434,non functional
69361,non functional
62601,non functional
35386,functional
1402,functional
57684,functional needs repair
815,functional
31272,functional needs repair
34871,functional
49321,non functional
1352,non functional
23119,functional
40739,functional needs repair
69996,non functional
14704,non functional
41575,non functional
26240,functional
48012,functional
54325,functional needs repair
63504,non functional
72873,functional
6824,non functional
17503,functional
52979,functional
46740,non functional
58760,non functional
4811,functional
42348,functional
51703,functional
31643,non functional
53098,functional
10635,non functional
38091,functional
31401,non functional
6740,functional
23784,non functional
53222,non functional
30907,functional
53379,functional
68894,functional
11760,functional
20694,functional needs repair
6002,non functional
31033,non functional
61171,functional
6903,non functional
72221,functional
33900,functional
15241,functional
40539,non functional
63219,functional
55060,functional needs repair
64112,non functional
22241,functional
11551,functional
15577,functional
34978,non functional
8877,non functional
62329,functional
26808,functional
26705,non functional
10982,non functional
9160,non functional
58807,non functional
56911,functional
68269,non functional
16558,functional
23134,functional
26398,non functional
73504,non functional
64796,functional
64800,functional
47943,non functional
70227,non functional
67865,functional
5512,functional
70025,non functional
54228,non functional
48232,functional
63563,non functional
68004,functional
67097,functional
69167,non functional
7826,functional
9606,non functional
57006,non functional
8253,functional
65373,functional
40436,non functional
28285,functional
74003,functional
10992,non functional
64885,functional needs repair
17547,functional
42284,non functional
53304,non functional
71657,functional
36293,functional
13689,functional
11826,functional needs repair
6233,functional
66268,non functional
72270,functional
10781,functional
10952,functional
49523,functional
41024,functional
66109,functional
10097,non functional
16425,functional
35538,functional
35306,non functional
31953,functional
57693,non functional
61050,functional
46613,functional
7765,functional
43618,non functional
73559,non functional
21195,non functional
23437,non functional
28762,functional
66445,functional
73234,functional
11476,non functional
69018,functional
22106,non functional
18846,functional
21625,non functional
54635,functional
31453,non functional
44214,non functional
26202,functional
62369,functional
60412,non functional
32883,functional
22583,non functional
6290,functional
61858,functional needs repair
29607,non functional
52213,non functional
4417,non functional
6952,non functional
40815,functional
50102,non functional
18037,functional
42299,non functional
15727,non functional
57025,functional
23034,functional
1708,functional
31565,functional needs repair
16585,functional
5086,functional
10973,functional
63413,non functional
44094,non functional
11837,functional
68636,functional
32488,functional
5826,non functional
65814,non functional
10377,non functional
28859,functional
44588,functional
18354,functional
6990,non functional
47824,functional
71622,functional
72060,functional
16229,functional
46417,functional
45290,non functional
55871,functional
49056,functional
65062,non functional
4931,functional
37614,non functional
33824,functional
58873,non functional
9274,functional needs repair
30099,functional
38036,non functional
13753,functional
71150,non functional
14616,non functional
58058,functional
45852,functional
68948,functional
2331,functional
11330,functional
61004,non functional
30218,non functional
27300,functional
10379,non functional
14181,functional
3029,functional
64916,functional
36483,functional
12681,functional
1541,functional
56960,non functional
63502,non functional
32631,functional
61691,functional
11512,functional
21652,functional needs repair
59044,non functional
44811,functional
19151,functional
59556,functional
43248,functional
49499,functional
60589,non functional
28154,non functional
24789,functional
19941,non functional
55982,functional
31544,non functional
21048,non functional
31386,functional
65529,functional
1445,non functional
38886,non functional
484,functional
58621,non functional
22115,non functional
13315,non functional
72595,non functional
59154,functional
13421,functional
60408,functional
3135,non functional
12812,non functional
51918,functional
49901,non functional
31878,functional
19595,functional
69669,non functional
38479,functional
30584,non functional
458,functional
66219,functional
15801,functional
1985,non functional
14278,functional
34606,functional
52209,functional needs repair
46733,functional
22754,non functional
5256,functional
52218,functional
19870,non functional
24385,functional needs repair
72888,functional
61354,functional
8925,functional
37796,functional needs repair
40493,non functional
6911,non functional
25862,functional
34998,functional
33356,functional
68696,functional
46061,functional
64952,functional
15431,functional
47094,non functional
31338,functional
43981,non functional
11411,functional needs repair
13697,functional
67817,non functional
39432,non functional
17365,non functional
16978,functional
43868,non functional
7944,functional
40330,non functional
33094,non functional
21516,functional
20288,functional
22190,non functional
35392,functional
27134,functional needs repair
56251,non functional
48485,non functional
6192,non functional
31632,functional
13014,non functional
51241,non functional
26010,functional needs repair
22610,functional
45502,non functional
34753,non functional
38229,functional
27692,non functional
68563,functional needs repair
33382,non functional
27732,functional needs repair
60309,functional
47136,functional
59147,functional
54370,functional needs repair
34689,functional
6744,non functional
14010,non functional
21879,non functional
42726,non functional
45084,non functional
10416,functional
69624,functional
33829,non functional
9784,functional
40263,functional
72108,non functional
40181,functional
43015,functional
35956,functional
67090,functional
48516,functional
46335,functional
61847,functional
74006,functional
25565,non functional
8673,functional
73124,non functional
26754,non functional
50244,non functional
16317,non functional
3001,functional
55483,non functional
10688,functional
3811,functional
9620,functional
26763,functional
59522,non functional
17845,non functional
71923,functional
59182,functional
67586,functional
57446,functional
73850,functional
64053,non functional
35718,non functional
44504,functional
33793,functional
46404,functional
11370,functional
3266,functional
37410,non functional
37094,functional
56810,functional
11793,functional
35007,non functional
49718,functional
67222,non functional
69688,non functional
11597,non functional
47619,functional
9663,functional
25923,functional needs repair
71707,functional
3857,functional
71816,functional
25960,non functional
39472,functional
34289,functional
21120,functional
30432,non functional
9011,non functional
41387,non functional
63076,non functional
37957,functional
24259,non functional
28635,functional
33758,functional
51079,functional
29782,functional
52282,non functional
8703,functional
2406,functional
25628,non functional
46886,functional
41430,non functional
73067,non functional
23360,functional
67490,functional
21668,non functional
5025,functional needs repair
17080,functional
19053,non functional
28277,functional needs repair
49478,functional needs repair
69800,functional needs repair
3319,functional
23030,functional
45663,functional
31366,non functional
66192,functional
26714,functional
59231,functional needs repair
14164,non functional
66360,functional
49052,non functional
24774,functional
5291,functional
60773,functional
2090,non functional
22566,functional
14905,non functional
53474,functional
15218,functional
27019,functional
58493,functional
50061,functional needs repair
43708,functional needs repair
59688,non functional
20854,functional
70703,non functional
43845,functional
6795,functional
56306,non functional
9601,functional
17832,functional
4070,functional
21787,non functional
27694,functional
7660,functional
26849,functional
5071,functional
23556,functional
31496,functional needs repair
36608,non functional
45006,functional
48181,non functional
70731,functional
55018,non functional
45788,non functional
31933,functional
37190,functional
26862,functional
51693,non functional
21162,functional
56048,functional
17751,non functional
14065,non functional
73714,functional
4018,functional
48589,non functional
29472,functional
42662,non functional
22219,functional
44527,functional
32692,non functional
61721,functional
39281,functional
51332,non functional
29653,functional
28953,non functional
14500,functional
39161,functional
53240,non functional
26670,functional needs repair
32252,functional
12780,functional
53411,functional
18957,functional
49669,functional
63168,non functional
14219,functional
48641,non functional
18680,functional
49518,functional
32383,functional
49314,functional
63832,non functional
39222,non functional
62831,functional
57141,functional
28594,functional
37966,non functional
5404,non functional
33137,functional
61750,functional
66785,functional
37900,non functional
37461,non functional
6891,functional needs repair
916,non functional
67795,functional
21805,non functional
74045,non functional
62738,non functional
53448,non functional
54003,functional
52717,non functional
48617,functional
16107,functional needs repair
54010,non functional
315,functional needs repair
30467,functional
39684,non functional
67629,functional needs repair
64879,functional
47813,non functional
62552,non functional
178,functional
23594,non functional
52168,functional
65664,functional
59908,non functional
65187,functional
16478,functional
58136,non functional
26559,functional needs repair
1462,functional
18969,functional
26095,non functional
43810,functional
1106,non functional
38892,functional
27569,non functional
38678,functional
42335,functional
42298,functional
34870,non functional
9545,functional needs repair
64278,functional
48579,functional
54814,non functional
13625,functional
73603,functional
60319,functional
57385,functional
31442,functional needs repair
11269,non functional
65550,functional
59129,functional
52904,functional
55162,functional
91,non functional
66157,functional
7348,non functional
5758,functional
27623,non functional
3968,functional
28361,non functional
22120,functional
21794,functional
60926,functional
40366,non functional
11982,functional
49481,functional
19252,functional
23710,functional
21383,functional
30007,functional
5625,functional needs repair
605,functional
13206,functional
63864,functional
23800,functional
45225,functional
39851,non functional
14693,functional
29952,functional
14859,functional
61592,functional
73578,non functional
53931,non functional
42098,non functional
37759,functional
66590,non functional
74070,functional
7430,non functional
37825,functional
3573,functional
22823,functional
3675,functional
24638,functional needs repair
58466,non functional
29302,non functional
7330,functional
16609,functional
8284,functional needs repair
18912,functional
42998,functional
38376,functional
34967,functional
13396,functional needs repair
25999,functional
5650,non functional
29501,functional
19764,functional
447,functional
70752,functional
70430,functional
64831,functional needs repair
14797,functional
3759,non functional
70798,functional needs repair
14152,functional
5893,non functional
10355,non functional
39087,functional
15730,functional
51740,non functional
54889,functional
27213,functional
51773,non functional
32685,non functional
64366,non functional
19773,functional
13993,non functional
65817,functional
68557,functional
68289,functional
58987,functional
1896,functional
11708,non functional
41624,functional
14670,functional
16729,functional
58338,functional needs repair
22116,non functional
38359,functional
23315,functional
1479,non functional
39970,non functional
24351,functional
54634,functional
35218,functional
65690,functional
54179,non functional
63201,functional
28243,non functional
15980,non functional
71035,non functional
5537,non functional
664,non functional
48172,functional
52515,non functional
58068,non functional
32991,non functional
43184,functional
3591,functional
10350,non functional
43849,functional
51307,functional
53077,functional
64381,functional
23863,functional
40136,functional
73570,non functional
20659,functional
40546,functional
68704,functional
23167,functional
64807,non functional
7840,functional
31344,functional
3407,functional
26156,non functional
9580,non functional
28934,functional
4155,non functional
13730,functional needs repair
19329,non functional
35587,functional
42304,functional needs repair
4006,non functional
71747,non functional
6772,non functional
73652,functional
29331,non functional
9046,functional
2661,non functional
17877,functional
24501,functional
61981,non functional
28645,functional needs repair
14126,non functional
3114,functional
54342,functional
36786,non functional
53758,functional
49904,non functional
46028,functional
20754,functional
15010,functional
40200,functional
39419,functional
12531,functional
45539,functional
2379,functional
66622,non functional
703,functional
11307,functional
12511,non functional
64815,functional
19912,functional
19056,non functional
19433,functional
37425,non functional
633,non functional
1583,non functional
41511,non functional
49568,functional needs repair
46765,functional
3997,non functional
61373,non functional
24363,non functional
49073,non functional
8400,functional
11081,functional
16472,functional
25491,functional
9771,functional
12127,functional
55810,functional needs repair
60641,non functional
609,non functional
23261,non functional
3709,functional
5444,functional
60383,functional
40974,functional needs repair
42933,non functional
67039,functional
28087,non functional
67672,non functional
45765,non functional
3600,non functional
30972,functional
6383,non functional
48122,non functional
41370,non functional
57821,non functional
59357,functional
36635,functional
66091,functional
1355,functional
21385,functional needs repair
63291,functional
23673,functional
4775,non functional
9995,functional
21694,non functional
48825,non functional
58851,functional
12666,functional needs repair
18777,non functional
29018,non functional
22017,functional
37829,non functional
5533,functional
20881,functional
46401,functional
29046,functional
52244,functional
71080,functional
58049,non functional
26093,functional
40622,non functional
10067,functional needs repair
71774,non functional
27509,functional
65981,non functional
33169,non functional
69657,non functional
67279,functional
7117,functional
22912,non functional
10694,non functional
67769,functional
53189,functional
36140,functional
7928,non functional
9206,functional
40804,functional
67419,functional
37600,functional
67503,non functional
73524,non functional
15587,functional
39579,non functional
2976,functional
70934,non functional
21595,functional
15441,non functional
41977,non functional
35773,functional
18684,non functional
25270,functional
3590,functional
63246,functional
1193,functional
8226,functional
57641,functional
1511,functional
61621,functional
13106,non functional
44840,non functional
28916,functional
9711,functional
28148,non functional
44008,functional
68342,functional
49682,non functional
24865,functional needs repair
8933,functional
855,functional
66146,functional needs repair
17430,functional
35837,functional
24506,non functional
7567,non functional
52837,non functional
29714,functional
55907,non functional
45467,functional
66739,functional
30933,functional
8117,non functional
28590,functional
14252,non functional
19774,non functional
18895,functional
37495,non functional
22196,non functional
64019,functional
28947,non functional
6537,functional
19640,functional needs repair
60919,functional
41315,functional
32729,non functional
51176,non functional
48209,non functional
67481,functional
18079,functional
58490,functional needs repair
27350,functional
14316,functional
38331,functional
53475,non functional
50033,functional
6354,functional
58668,functional
44441,non functional
8705,functional
25514,functional
59892,non functional
13567,functional
51301,non functional
70319,functional
40747,functional
45253,non functional
61320,functional
62790,functional
8709,functional
59176,functional needs repair
67753,functional
73807,non functional
47393,non functional
47182,functional
49723,functional
21375,non functional
5570,functional
6631,functional
19164,functional
8380,non functional
49489,functional
30091,non functional
60063,non functional
52120,non functional
44141,functional
11758,non functional
1847,functional needs repair
41098,functional
52685,non functional
59480,non functional
73105,functional
40034,functional
23758,non functional
40786,functional needs repair
53898,functional
20137,non functional
45457,functional
6172,functional
72865,functional
4938,functional
72330,functional
33329,functional
3406,functional
8529,functional
55680,non functional
20136,functional
50741,non functional
6627,functional
59427,functional
30894,non functional
32183,functional
53022,functional
59206,functional
46112,non functional
2975,functional
65071,non functional
12625,functional
50140,functional
56030,non functional
10487,non functional
18058,functional needs repair
38439,non functional
15049,functional
13841,non functional
47171,non functional
23339,functional
36141,functional needs repair
48767,non functional
51450,non functional
64145,non functional
47309,non functional
31014,non functional
68470,non functional
717,non functional
71310,non functional
55028,functional
3467,functional needs repair
56313,non functional
57409,functional
26722,functional
1337,functional
43805,non functional
18331,functional needs repair
31491,functional
26633,non functional
40442,functional needs repair
34644,non functional
44493,functional
66311,functional
28303,non functional
25427,functional
17977,non functional
29187,functional
52217,functional
6601,functional
19011,non functional
51190,functional
49816,functional
23787,non functional
46897,functional
6972,non functional
24077,non functional
29699,functional
23935,non functional
64704,functional needs repair
25035,functional
67885,non functional
68363,functional
44519,functional needs repair
25912,functional needs repair
73569,non functional
17924,functional
29665,non functional
53071,functional
6400,functional
58850,non functional
66193,non functional
7739,functional needs repair
47073,functional
6209,functional
39818,non functional
11384,non functional
42406,functional
47858,functional
26123,functional
43436,functional
48744,non functional
60694,non functional
16816,functional
19239,functional
32227,functional
15676,functional
50713,non functional
5790,functional
69927,non functional
65269,functional
33473,functional
19415,functional
13449,non functional
73677,non functional
6054,functional
4302,non functional
22357,functional
8656,functional
43925,functional
57601,functional needs repair
27838,non functional
46263,non functional
33119,non functional
47052,functional
27566,non functional
53783,functional needs repair
73299,non functional
38548,non functional
733,functional
38612,non functional
12498,functional
36351,functional
33949,non functional
8013,non functional
70192,functional needs repair
2219,non functional
72994,functional
74019,non functional
33689,functional
23193,functional
48872,functional
41976,non functional
37404,non functional
43620,functional
64308,functional
37655,non functional
63211,functional
65150,non functional
53282,non functional
7347,non functional
18960,non functional
19185,non functional
73209,functional
58324,non functional
57501,functional
12273,non functional
39915,functional
28301,functional needs repair
74183,functional needs repair
5029,non functional
9814,functional
51186,functional
50579,functional
41329,functional
17515,functional
32137,non functional
26792,non functional
47184,functional
55319,functional
11602,functional
55434,functional
5997,non functional
21084,non functional
25286,non functional
20641,non functional
69546,functional
20918,functional
43201,functional
3494,functional
35466,non functional
17657,non functional
25408,non functional
55019,functional
62524,non functional
42691,non functional
9247,non functional
8049,functional needs repair
66446,functional
17136,functional
45569,functional
10393,functional
14197,non functional
17207,functional
45130,functional needs repair
42550,non functional
80,non functional
19169,functional
54621,non functional
59283,non functional
13132,functional needs repair
3634,functional
13966,functional
35267,functional
253,non functional
14173,non functional
71165,non functional
71745,functional
32087,functional
55670,functional
62554,non functional
52422,functional
30667,functional
7337,functional
49939,non functional
8888,non functional
14736,functional
49660,functional
38426,functional
61131,functional needs repair
52657,non functional
12895,non functional
5941,functional
55277,functional
65978,functional
46383,functional
4362,functional
61762,non functional
73417,functional
37942,functional needs repair
57085,functional
60087,functional
18809,non functional
22058,non functional
14920,non functional
74014,functional
32109,functional
15905,non functional
73451,non functional
6281,functional
2033,non functional
53031,non functional
37968,non functional
37559,non functional
9788,non functional
31311,functional
53808,functional
73518,non functional
59396,functional
17258,functional needs repair
52559,functional needs repair
44102,non functional
60388,functional needs repair
5254,non functional
50208,functional
18534,functional
57161,non functional
6163,non functional
50568,functional
70047,functional
62957,functional
63141,non functional
16395,non functional
24869,functional
15165,non functional
24246,functional
61856,functional
57491,non functional
53980,functional
72181,non functional
43880,functional
45835,functional
26634,non functional
28734,functional
13062,functional
23731,functional needs repair
20917,functional
48284,non functional
1843,functional needs repair
32920,non functional
19481,functional
51914,functional needs repair
70995,non functional
28366,functional
5521,functional
53275,non functional
9582,functional
4186,functional
39206,functional
5770,functional
54410,non functional
62433,functional needs repair
49353,non functional
58776,functional
44916,non functional
19615,non functional
27670,non functional
40303,functional
21145,functional
35406,functional needs repair
70583,functional
7972,functional needs repair
38989,non functional
18260,non functional
24881,functional needs repair
40756,non functional
29964,non functional
37679,functional
7397,non functional
30587,non functional
43404,non functional
23211,non functional
31280,non functional
38047,functional
25820,functional
71574,functional
67333,functional
63989,non functional
15938,non functional
23913,functional
9567,functional
44101,non functional
59322,functional
14095,functional
72110,functional
49492,functional
60487,non functional
65303,functional
37000,functional
43237,functional needs repair
8239,non functional
6778,functional
59889,functional
20970,functional
66328,functional
46412,functional
47279,functional
41907,functional needs repair
21530,non functional
46663,non functional
32072,non functional
15706,functional
62483,functional
29536,functional
13852,functional
21324,non functional
14243,functional
69791,non functional
45716,functional needs repair
22406,functional
72187,functional
7270,non functional
44466,functional
73155,functional
3150,functional
3097,non functional
69926,functional
50770,non functional
39018,functional
57929,functional
12000,non functional
10597,functional
15189,functional
58317,functional
48706,functional
29834,functional
23322,non functional
28318,non functional
20638,non functional
10788,non functional
40349,functional needs repair
5132,functional
39198,non functional
4476,non functional
58119,non functional
42985,non functional
44488,non functional
57174,functional
43821,functional needs repair
11395,non functional
2270,non functional
36714,functional
20778,functional
24514,functional
44334,functional needs repair
73395,functional
16733,functional
45688,non functional
16962,non functional
29100,functional
61323,non functional
30915,functional needs repair
15039,functional
8842,functional
67789,functional
19298,functional
36095,functional needs repair
53504,non functional
39035,functional
65674,functional
45386,non functional
11928,non functional
71062,functional
81,non functional
73389,functional
65736,functional
14692,non functional
5924,non functional
56004,non functional
42287,functional
70416,non functional
3836,functional
70314,functional
20175,non functional
20190,functional
27389,functional
67896,functional
14967,functional needs repair
45310,non functional
35066,non functional
47385,non functional
68116,non functional
8607,functional
4649,non functional
51473,functional
73126,functional
23128,functional
25608,non functional
42786,functional needs repair
55865,functional
36819,functional
37325,non functional
39171,non functional
69522,non functional
29707,non functional
44389,functional needs repair
29365,functional
49747,non functional
59392,functional
9828,functional
26971,non functional
4192,functional
31783,non functional
46169,non functional
5561,functional
71381,non functional
30622,functional
22849,functional
70852,functional needs repair
56968,functional
24761,non functional
67880,functional
41378,non functional
46071,functional
30703,functional
6826,non functional
64607,functional
48223,functional
38937,functional
45884,non functional
40458,functional
1119,non functional
16047,functional
27327,functional
73288,non functional
15536,non functional
13649,non functional
48399,non functional
56872,functional
20124,functional
48543,non functional
37405,functional
21292,functional
70905,non functional
58952,non functional
23428,non functional
60645,functional needs repair
32479,non functional
7379,functional
34958,functional
50084,functional
72382,functional
68659,non functional
41000,non functional
9063,functional
20429,functional
6637,functional
11583,functional needs repair
18653,functional
6442,functional
45727,functional
55994,functional
66282,functional
63337,functional
30543,functional
62949,functional
6572,functional
26415,functional
72179,functional
45077,functional
23518,non functional
8851,non functional
22675,functional
5161,non functional
107,functional
69608,non functional
73747,non functional
71803,functional
19961,non functional
66138,non functional
73481,non functional
44217,functional
1695,non functional
38590,functional
15953,functional
16045,non functional
44324,non functional
51953,functional
6299,non functional
2591,functional
13203,functional
35229,functional
16934,functional
35205,non functional
66905,functional
2559,non functional
29208,functional needs repair
3219,non functional
48798,functional
30438,functional needs repair
63215,functional
35826,functional
1915,functional
7988,functional
74044,functional
32382,non functional
17533,non functional
30304,functional
44951,functional
66464,non functional
15462,non functional
5215,non functional
50550,functional
35939,functional
2052,functional
30629,functional
20105,functional
38131,non functional
1525,non functional
30165,non functional
49040,non functional
44483,non functional
70772,functional needs repair
16341,functional
11803,non functional
37803,non functional
6905,functional
73318,functional
4019,functional needs repair
62372,functional needs repair
18153,functional
25359,non functional
56554,functional
35822,functional
43425,functional
39469,functional
69733,non functional
11331,functional
65355,functional
3006,functional needs repair
51134,functional
62477,functional
13217,functional
22249,functional
54316,functional
62635,non functional
27505,functional needs repair
4720,non functional
18298,functional
44112,non functional
47282,functional
3562,non functional
72964,functional
57884,non functional
64762,functional needs repair
17309,functional
54445,non functional
30151,functional
4428,non functional
28563,functional
51390,non functional
7814,functional
51468,functional
40475,non functional
15495,non functional
36524,non functional
14870,functional
23056,non functional
32795,non functional
50396,non functional
52484,non functional
46132,functional
39974,functional
7300,functional
9479,functional
68827,functional
30600,functional
44529,non functional
47766,functional needs repair
4806,functional
50430,non functional
4563,functional
65679,functional
46926,functional
6332,functional needs repair
3682,functional
50501,functional
11530,functional
61250,functional
53115,non functional
73756,non functional
65361,non functional
67561,functional
51934,functional
41736,functional
70078,functional
9683,functional
49848,functional
61060,functional
8882,functional
3809,functional
6770,non functional
28662,functional
24811,non functional
17823,non functional
13905,functional
37247,non functional
33023,non functional
44623,non functional
15469,functional
18476,functional
3826,non functional
41394,functional
38748,non functional
11988,functional
21408,functional
746,functional
73779,functional
38139,functional
59257,functional
67704,functional
42168,functional
66162,functional
1893,functional
37818,non functional
25310,functional needs repair
27077,non functional
63185,functional needs repair
56745,functional
22320,non functional
20913,functional
16519,functional
68784,non functional
24598,functional
10173,functional
70187,non functional
38336,non functional
62125,functional needs repair
34670,functional
44004,functional needs repair
44465,non functional
70748,functional
26824,functional
33355,functional
63318,functional
19902,non functional
42363,functional
33587,functional
23412,functional
48410,functional
24597,non functional
16315,non functional
12845,functional
71395,functional
27724,functional
16198,functional
41520,functional
35539,functional needs repair
13197,functional
70732,functional needs repair
11997,functional
67627,functional
30417,functional
54028,functional
13682,functional
67111,non functional
5462,functional
48398,non functional
49500,non functional
44525,functional
38309,functional needs repair
56091,functional
39293,functional
26910,non functional
15749,functional
11336,non functional
36893,functional
72383,functional needs repair
30618,non functional
56854,functional
11254,non functional
34762,non functional
30982,non functional
20097,non functional
39683,non functional
49479,non functional
60427,functional
19892,functional
6888,non functional
67907,functional
16854,functional
2829,non functional
8362,non functional
48967,functional
58444,non functional
34915,functional
69837,functional needs repair
9236,non functional
72323,non functional
33099,non functional
26326,non functional
14837,functional
34642,non functional
52134,non functional
34159,functional
19448,non functional
58901,non functional
22690,functional
1927,non functional
68684,non functional
6084,functional
41574,non functional
8475,functional
44006,functional
23941,functional
44044,functional
61617,functional
55268,functional
25445,functional needs repair
51363,non functional
25291,functional
31332,functional
12904,non functional
69577,functional
14133,non functional
65607,functional
59506,functional needs repair
64261,non functional
26568,functional
23420,functional
38776,functional
68163,functional needs repair
56197,functional
45132,non functional
16601,functional
42391,non functional
46870,functional
37184,functional
39165,functional
38249,non functional
33411,non functional
14580,non functional
3077,functional
58033,non functional
58907,functional
5761,functional
53851,functional
43452,non functional
4246,functional
12105,functional needs repair
7105,functional needs repair
62344,functional
45809,non functional
5214,non functional
64195,non functional
55681,functional
27851,non functional
27397,functional
20451,functional
21004,functional
32603,functional
36963,functional
25373,functional
50751,functional
67123,functional
57135,functional
73783,functional
30677,functional
13011,non functional
50570,functional
62384,functional
57939,non functional
14867,functional
14534,functional
68960,functional
70978,non functional
64806,non functional
23536,non functional
23569,functional needs repair
16037,functional
69901,functional
60591,non functional
56912,non functional
1909,functional needs repair
50460,non functional
7511,functional
23654,functional
58878,functional
41690,functional
1202,non functional
51370,non functional
35297,functional needs repair
59609,non functional
6061,functional
51393,non functional
9352,non functional
7855,functional
63358,functional
5977,non functional
2937,functional
48796,functional
54159,functional needs repair
67505,functional
16536,non functional
69494,functional
25069,functional needs repair
47316,non functional
36790,functional needs repair
167,functional
63838,functional
72542,functional
46503,functional
41890,non functional
25053,non functional
66305,functional
61263,non functional
23108,functional
10190,functional
32050,non functional
26248,functional
72122,non functional
7550,functional
40501,functional
30291,functional
40920,functional
15022,non functional
54337,functional
46942,functional
40306,functional
35793,non functional
38743,non functional
34872,functional
8390,functional
3185,functional
48907,functional
73291,non functional
1618,non functional
65898,functional
9644,functional
44312,functional
30130,functional
54484,functional
55219,non functional
2916,functional
7297,non functional
58162,functional
67654,non functional
11087,functional
46627,non functional
4568,functional
39549,non functional
2161,functional
58627,functional
56397,non functional
28439,non functional
17146,non functional
67750,functional
41594,non functional
10422,non functional
29529,functional needs repair
52633,functional
48080,functional
70303,functional
38314,functional
19221,non functional
43681,non functional
57908,functional
63784,functional
64451,non functional
8473,functional
37642,non functional
26121,functional
15716,non functional
71450,non functional
54778,functional
9405,functional
46716,functional
8605,non functional
38844,non functional
65802,non functional
33513,non functional
15718,non functional
67579,non functional
22488,functional
63348,non functional
44063,functional
4980,functional
58965,functional
18734,functional
6125,functional
54615,non functional
30781,non functional
17277,functional
52314,functional
31975,functional
32343,non functional
20074,non functional
41797,non functional
34549,functional
64070,functional
67881,non functional
53907,non functional
36035,functional
25932,functional
57988,functional
15701,non functional
69571,non functional
35365,functional
16309,functional
7404,non functional
15103,functional
69592,functional
27197,functional
21801,non functional
29454,functional
44655,functional
45833,non functional
14284,functional
61144,functional
25699,non functional
12646,functional
8674,functional
22159,non functional
11231,non functional
11691,functional
33943,functional
5131,non functional
58438,functional
52647,functional
61548,functional
49710,non functional
65659,non functional
21327,non functional
30937,functional
30402,functional
38458,functional
64839,non functional
40272,non functional
6016,functional
44222,non functional
74193,functional needs repair
55009,non functional
32434,functional
30346,non functional
24372,functional needs repair
38180,functional
35064,functional
7877,functional
24290,functional
7508,non functional
41196,functional
55851,non functional
72237,functional
26684,non functional
3589,functional
50840,non functional
16385,functional
72918,functional
63375,functional
35751,functional needs repair
30632,functional
15640,functional
1026,functional
72827,functional
54859,non functional
64623,functional
10715,functional
67997,functional
17046,functional needs repair
51112,functional
18812,functional
53153,functional
18634,non functional
58397,functional needs repair
47639,non functional
44824,non functional
26362,non functional
43582,non functional
30575,non functional
22909,functional
11447,functional needs repair
26270,non functional
36829,functional
50617,non functional
63240,functional
56868,functional
12390,functional needs repair
12022,non functional
36419,functional
16711,non functional
36116,functional
2902,non functional
31658,functional
8478,functional
25397,non functional
3714,non functional
3523,functional
36603,functional
34479,non functional
23611,non functional
26408,functional
40221,functional
54676,non functional
9650,non functional
65658,functional
55607,non functional
31048,functional
49224,non functional
52351,functional
25973,functional
46464,non functional
55530,functional needs repair
39825,non functional
47912,functional
64993,functional
50253,functional needs repair
41810,functional
2179,functional
31561,functional
43478,non functional
53675,functional
72445,non functional
4227,functional
23982,functional
46624,non functional
40929,functional
14455,non functional
46771,functional
49744,functional
26437,functional
68892,non functional
64294,non functional
62786,non functional
29339,functional
55146,non functional
68229,functional needs repair
62467,functional
16376,functional needs repair
67642,functional
43108,non functional
53446,functional needs repair
31440,functional needs repair
26382,functional needs repair
36802,functional
6240,non functional
63958,functional
6739,functional
40990,functional
41832,functional
29756,non functional
48282,non functional
68153,functional
16896,non functional
55099,functional
773,functional
22095,functional
53279,functional
71568,non functional
17721,non functional
42417,non functional
18311,non functional
46955,non functional
53403,non functional
5479,functional
20575,functional
19907,non functional
31016,non functional
50869,functional
21317,non functional
2818,non functional
65145,functional
38144,non functional
27909,non functional
14107,non functional
41481,functional
19833,non functional
37695,functional
64230,functional
57888,functional
52952,functional
52245,functional
22452,functional
53227,non functional
15286,functional
56789,non functional
11278,non functional
51297,non functional
73406,non functional
28314,functional needs repair
41902,functional
52914,functional
63998,functional
5646,functional
17063,functional
68645,functional
28553,functional
51486,non functional
70013,functional
63900,non functional
53018,functional
52696,non functional
23363,non functional
50249,non functional
54531,functional
59957,functional needs repair
10806,non functional
60203,functional
42119,non functional
2722,non functional
2032,functional
19715,functional
63891,functional needs repair
49292,non functional
6344,non functional
8303,non functional
43480,non functional
18848,non functional
41485,non functional
28064,functional
22748,non functional
18722,non functional
18031,functional
51005,non functional
14910,non functional
11538,non functional
34422,non functional
56734,functional
11448,functional
60210,non functional
49634,non functional
52271,non functional
32332,functional
14824,non functional
25209,non functional
47829,functional
64930,non functional
73587,functional
54870,non functional
68159,functional needs repair
54347,functional
43448,non functional
55842,non functional
24508,functional needs repair
17534,non functional
71054,functional
37532,functional
19534,non functional
39412,functional
10094,non functional
34751,functional
12869,functional
48639,functional
60046,functional
55634,functional
57631,functional
32561,functional
20656,non functional
72506,functional
18367,functional
69752,functional
7623,functional
69623,non functional
65088,functional
23549,functional
31361,functional
41487,non functional
24271,non functional
40445,functional
20223,functional
36243,functional needs repair
46939,functional
45618,functional needs repair
9568,functional
28094,functional
19705,non functional
5327,non functional
26924,non functional
59274,functional needs repair
2625,functional
22445,functional
67401,functional
45832,functional
69767,functional needs repair
27680,functional
59237,non functional
53607,non functional
20677,non functional
72645,non functional
62586,non functional
9493,non functional
71472,functional
73314,non functional
21093,non functional
51950,functional
33766,functional
29420,functional
56493,non functional
41333,functional
24893,functional
6769,functional
5493,non functional
37013,non functional
2679,functional
66781,non functional
49842,functional needs repair
61088,non functional
67464,non functional
27225,non functional
53039,functional
53095,functional
44954,functional needs repair
28919,functional
57793,functional
62986,non functional
48239,non functional
22850,non functional
49194,functional
29730,non functional
61288,functional
31408,non functional
6886,functional
52032,non functional
5802,functional
14120,non functional
13732,non functional
48969,non functional
36726,non functional
44901,functional
57155,functional
61218,functional
65214,functional
12308,non functional
30409,non functional
12502,non functional
6920,non functional
35407,non functional
36254,non functional
27693,non functional
610,non functional
22999,non functional
21576,non functional
62624,functional
29257,functional
29735,functional
13483,functional
11238,functional
60800,functional
17446,non functional
40517,non functional
60718,functional
35118,functional
59954,functional
18934,functional needs repair
43013,functional
55596,functional
69514,functional
6510,functional
73054,functional needs repair
36586,functional
54578,functional needs repair
33588,functional
53861,functional
52601,functional
41926,functional
504,functional
17538,non functional
19071,non functional
20113,functional
63274,functional
37003,functional
69192,functional needs repair
35652,functional
43547,functional
34265,functional
16985,functional
50689,functional
45350,functional
55522,functional
46811,functional
49016,functional
41988,functional needs repair
40936,functional
9417,functional
54427,non functional
72416,functional needs repair
45628,non functional
28959,non functional
15443,non functional
32313,functional
73295,functional needs repair
8347,functional
821,functional
45536,functional
482,functional
20263,non functional
47361,non functional
41665,non functional
45164,functional
33046,non functional
51080,non functional
59003,non functional
65087,functional
41638,non functional
6758,functional
66878,non functional
46821,functional
3026,non functional
35315,functional
26591,functional
33320,functional
18977,functional
56567,functional
57710,non functional
64902,non functional
9080,non functional
68244,non functional
12848,functional
25470,functional
24519,non functional
31120,non functional
45030,functional needs repair
31826,functional
11766,functional needs repair
18523,functional
70991,non functional
47354,functional
52956,functional
46788,non functional
3852,functional
9147,functional
4138,functional
1636,functional needs repair
19817,functional
27536,functional
23801,functional
7705,functional
30999,functional
23757,non functional
54785,non functional
50178,functional
34286,non functional
319,functional
37453,functional
67214,functional
36269,non functional
852,non functional
22981,functional
12959,functional
50082,functional
22217,functional
61100,non functional
34458,functional
13772,functional
18484,non functional
7749,non functional
11972,functional
59991,non functional
1333,non functional
72284,functional needs repair
24717,non functional
46233,functional
23020,functional
72069,functional
53625,functional
2385,functional
39319,non functional
50523,functional
62630,functional
32892,non functional
1421,non functional
9229,non functional
14999,non functional
11891,functional
17702,non functional
31391,non functional
29003,functional
26719,non functional
4575,functional
62737,functional
36219,functional
45706,non functional
6534,functional
64738,non functional
35277,non functional
11458,functional
14140,non functional
59955,functional
59009,non functional
45820,non functional
46713,functional
5883,functional
14829,non functional
25768,non functional
71640,functional
21942,functional
13115,functional
28242,non functional
37993,functional
23160,non functional
50020,functional
73500,functional
60750,functional needs repair
33178,functional
41933,functional
68530,functional
16936,non functional
13173,functional
64828,functional
4025,functional
65923,functional
47816,non functional
55406,functional
57510,functional
70367,non functional
70418,functional
41660,functional
66562,functional
17304,non functional
65288,functional
44077,functional
1976,non functional
71591,functional
45989,functional
35728,functional
35305,non functional
69306,non functional
64416,functional
36532,functional
29166,non functional
20737,non functional
14225,functional
24087,non functional
22812,functional
46490,functional
42909,functional
53420,non functional
13341,functional
17472,functional needs repair
18505,functional
53376,functional
18970,non functional
36305,functional
43569,functional needs repair
39289,non functional
72340,functional needs repair
67937,non functional
32287,non functional
37207,functional
4123,functional
23540,non functional
32807,functional needs repair
66317,non functional
9495,functional
47589,non functional
19042,functional
67377,non functional
9406,non functional
53794,functional
48492,functional
57145,functional
61094,functional
27650,functional
21975,functional
32673,functional needs repair
63285,functional
72844,functional
1725,non functional
2938,functional
51162,non functional
1742,functional
55466,non functional
44257,non functional
35551,non functional
15562,non functional
26387,functional
48108,functional
42128,non functional
15717,functional
73711,functional
53637,non functional
10964,functional
17794,functional
13222,non functional
68247,non functional
69461,functional
41137,non functional
51789,non functional
31552,functional
36038,non functional
36638,functional
63913,non functional
26933,non functional
46379,functional
30098,functional
52247,functional
15967,functional
33648,non functional
51042,functional
64465,functional needs repair
288,non functional
67218,functional
55705,non functional
28308,functional
61184,functional needs repair
54763,functional
25026,functional
71947,functional
73982,functional
36198,non functional
11520,functional
12176,non functional
8237,non functional
12085,functional
18515,functional
1907,non functional
56589,non functional
32099,non functional
26573,non functional
57703,functional
55725,functional
3365,functional
61994,functional
40145,non functional
43830,functional
38153,functional
14075,functional
33062,non functional
62077,functional
39510,non functional
1031,functional
55721,non functional
67211,functional
14067,non functional
62170,functional
5052,functional
22963,non functional
52465,functional
47443,non functional
56107,non functional
40340,non functional
11194,functional
50792,functional
7856,non functional
34654,functional
1722,functional
53530,non functional
44624,functional
47494,non functional
53672,functional
21747,functional
31243,non functional
33617,functional
42625,functional
4930,non functional
59592,functional
68143,non functional
26627,functional
18390,functional
44204,functional
7403,functional
52044,functional
39137,non functional
35292,non functional
42501,functional
39668,functional needs repair
51589,functional
48403,functional needs repair
34191,non functional
54670,non functional
67266,non functional
16905,non functional
44341,non functional
23639,non functional
21303,non functional
47060,functional
37537,non functional
57002,functional
53769,non functional
42587,functional
39406,non functional
53812,non functional
19095,functional
60455,non functional
53310,non functional
8938,non functional
58383,functional needs repair
65639,non functional
70676,functional
25709,functional
43739,non functional
50816,functional
43450,non functional
185,functional
63554,functional
28223,functional
63548,functional
47409,functional
27370,functional
6303,non functional
56033,functional
70613,non functional
52011,functional
55620,functional needs repair
25618,functional
3354,non functional
39381,non functional
49643,non functional
13913,functional
48645,non functional
69674,functional
5149,functional
36045,non functional
43302,functional
61525,functional
57270,functional
58775,functional
34111,functional
58890,functional
28380,functional
73571,functional
12612,functional
15041,non functional
72669,non functional
64012,non functional
19099,non functional
13384,functional
60864,functional
72656,functional
20456,functional
72101,functional
45357,non functional
42114,functional needs repair
46405,non functional
6970,functional
59568,non functional
33048,functional needs repair
42282,functional
61098,functional
32821,functional
30472,non functional
72353,functional
40969,functional
22553,non functional
18159,non functional
25012,functional
6429,non functional
37528,non functional
17039,functional
62607,functional
30643,functional
25653,non functional
38103,non functional
49509,functional needs repair
67371,non functional
22055,non functional
5073,functional
44306,functional needs repair
28190,functional
2525,functional needs repair
47540,functional
16399,functional
19618,functional
33846,non functional
25720,functional
72593,functional needs repair
47569,non functional
63581,functional
39859,functional needs repair
56955,functional
32156,non functional
29980,non functional
54511,non functional
16669,functional
8327,functional
65122,functional
41103,functional
28733,non functional
20472,functional
39375,functional
68662,functional needs repair
6734,non functional
14560,non functional
31672,functional
7717,non functional
69953,functional
16680,non functional
49750,functional
40921,functional
53916,non functional
35324,functional
9488,functional
68177,functional
36051,functional
64864,functional
23500,functional
27466,non functional
28682,functional
39344,non functional
53869,functional
3021,functional
14088,functional needs repair
48707,non functional
2322,functional
26578,non functional
49324,non functional
72406,functional
37166,functional
18333,functional
25590,functional
7341,functional
48124,functional
19299,functional
37549,functional
36467,functional
66041,functional
6207,non functional
14078,functional
12956,functional
20407,functional
73912,functional
62784,non functional
33437,non functional
50854,non functional
11870,functional
23145,non functional
35459,functional
36054,functional
2955,functional
63532,functional
33479,non functional
25376,functional
5163,non functional
27933,functional
44426,non functional
74140,non functional
16863,non functional
40353,non functional
6696,functional
32931,non functional
20624,functional
37443,functional
62691,functional needs repair
20276,non functional
302,functional
54860,non functional
54349,functional
64648,non functional
40572,functional
9470,functional
67866,non functional
65589,functional
35022,non functional
52919,functional
42195,functional needs repair
47020,functional
20968,functional
55678,functional
72783,non functional
46712,non functional
21614,non functional
18111,functional
33603,functional
19029,functional
47850,functional needs repair
17396,non functional
19249,functional
53083,functional
73546,non functional
67869,functional needs repair
32544,non functional
31661,non functional
45778,non functional
7957,functional
33563,functional
70106,functional
8184,functional
30464,functional
58211,functional
28576,non functional
58911,functional
68674,non functional
41131,non functional
50563,functional
72359,non functional
12539,functional
6733,functional
68542,non functional
29526,functional
34321,functional
40119,functional
24270,functional
70678,functional
2678,functional
67814,non functional
72737,functional
68658,functional
29088,non functional
6791,non functional
36677,non functional
19,functional
61756,non functional
60585,non functional
502,non functional
16895,functional
34181,functional
2462,non functional
71922,functional
67829,non functional
67574,non functional
54483,non functional
29172,non functional
56654,non functional
33629,non functional
23497,functional
69616,non functional
22509,functional needs repair
37386,functional
13650,functional needs repair
54633,functional
25274,functional
59798,functional
55586,functional
57261,functional
8488,functional
30422,non functional
19518,functional
73914,functional
11036,functional needs repair
13738,non functional
65926,functional
36803,functional needs repair
877,functional
72957,non functional
73323,functional
57723,non functional
56142,non functional
54960,non functional
15873,functional
59451,non functional
18211,non functional
37643,non functional
34492,non functional
70856,functional
9804,functional needs repair
47344,non functional
24564,functional
50213,functional
5866,functional
24603,functional
70619,functional
52622,functional
25530,non functional
71063,functional
24059,non functional
60802,non functional
72859,functional
38797,functional
51197,non functional
57387,functional needs repair
5841,functional
33725,functional
63647,functional needs repair
21484,functional
64090,functional
36064,functional
16728,non functional
714,functional
69793,non functional
14908,non functional
9937,functional needs repair
58559,functional needs repair
42851,functional
11099,functional
7850,functional
35244,non functional
22416,functional
66257,functional
14666,functional needs repair
45807,functional
28862,non functional
45279,functional
44659,functional
14931,non functional
52404,functional
27257,non functional
48921,functional needs repair
23183,non functional
56646,functional needs repair
56032,non functional
39309,non functional
41094,functional
40738,non functional
3337,functional
13685,functional
727,functional
59990,non functional
33990,functional
55720,non functional
14752,non functional
37674,non functional
24125,functional
39982,functional
39543,functional
11123,non functional
39094,functional
19660,functional
56831,non functional
20649,functional
50708,non functional
37481,functional
549,non functional
73627,functional
62027,non functional
68253,non functional
3985,non functional
7880,functional
49219,functional
33378,non functional
43361,non functional
33385,non functional
33391,functional
49760,functional
56908,non functional
6399,non functional
18756,non functional
65230,functional
12417,non functional
71924,non functional
65510,non functional
71102,non functional
25131,non functional
36748,non functional
48372,functional
37449,functional
64858,functional
35361,functional
9252,non functional
17637,functional
14241,functional
6108,functional
45413,non functional
29863,non functional
26468,non functional
13325,functional
60346,functional
9220,functional
5496,non functional
37847,functional
57033,non functional
16353,functional
43408,non functional
7667,functional
3159,functional
2816,functional
3695,non functional
10010,functional
72336,non functional
4125,non functional
60362,functional
38581,functional
8020,functional
56058,non functional
40299,non functional
37727,functional
31984,non functional
41116,non functional
34660,functional
51977,functional
44327,functional needs repair
11647,non functional
24644,functional
18892,functional
28479,functional
58809,non functional
71304,non functional
53369,functional
33304,functional
47166,functional
21419,non functional
36383,functional needs repair
41306,functional
27631,functional
16357,functional
18007,functional
14402,functional
9575,functional
22302,functional
15734,functional
59987,functional
42427,functional
47901,non functional
43263,functional
65768,non functional
5240,functional
18099,non functional
10868,functional
29361,non functional
42465,functional
39935,functional
35819,non functional
44582,non functional
67620,non functional
34960,functional
50564,functional
39671,non functional
34885,functional
74034,non functional
50672,non functional
11702,functional
26092,functional
38517,non functional
15178,functional
16517,functional
66679,functional
23622,functional
51576,functional
59947,functional
52929,functional
48593,non functional
56864,functional
58244,functional
22806,functional needs repair
33728,functional
58253,functional
12264,functional
24444,non functional
40280,functional
57082,functional
29439,functional
19267,non functional
49689,functional
71349,functional needs repair
9721,non functional
66289,non functional
22592,functional
43520,non functional
30175,functional
16822,functional
33567,functional
61315,functional
7889,functional
21990,non functional
21160,non functional
17709,functional needs repair
55016,functional
53158,non functional
16761,non functional
36918,functional
41855,non functional
32081,non functional
2518,non functional
37142,functional
42109,non functional
25238,functional
64245,functional
49166,functional
30050,non functional
40314,functional
41584,non functional
30322,non functional
50405,functional
53148,non functional
22757,functional
41406,functional
36679,functional
34945,non functional
30340,non functional
2168,non functional
58148,functional
73227,functional
29388,functional
27701,non functional
63052,functional
18303,non functional
24691,functional
37176,non functional
5842,non functional
33108,non functional
41130,functional
58751,functional
44640,functional
39431,non functional
33138,functional
13636,functional
11537,functional
64937,non functional
22818,functional
30536,functional
2605,functional
16910,non functional
61949,functional
22028,non functional
46351,functional
66928,non functional
68332,functional
28836,functional needs repair
23945,functional
25743,functional
52741,non functional
73656,non functional
24459,functional
41216,functional
36738,non functional
2333,functional
45691,non functional
42773,functional
13928,functional
64735,non functional
21585,non functional
46091,non functional
29124,functional
58126,non functional
65767,non functional
63807,non functional
2417,functional
17558,non functional
22155,functional needs repair
4414,functional
61728,functional
38935,functional
32609,non functional
72517,non functional
71163,functional
70161,non functional
9210,functional
41895,non functional
20084,non functional
10102,functional
6909,functional
65421,functional
14305,functional
13279,non functional
25691,functional
46416,functional
71497,functional
41030,functional
33557,non functional
15656,functional
23753,functional needs repair
66354,non functional
17398,non functional
45872,functional
26882,functional
6131,functional
55599,non functional
22937,functional
63702,non functional
21970,functional
65120,functional
65948,non functional
57975,functional
42666,non functional
47226,non functional
49804,functional
27031,non functional
1848,functional
30779,functional
35193,non functional
52006,functional
47914,non functional
51293,functional
22348,functional
41603,functional
6511,functional
22876,functional
4725,non functional
17262,non functional
28357,non functional
64890,functional
71318,non functional
54628,functional
68656,functional
70384,functional
52452,functional
44924,functional
33918,non functional
64050,functional
37010,non functional
53766,functional
57914,functional
27954,functional
46557,non functional
42132,functional needs repair
28823,non functional
51926,non functional
641,non functional
14594,non functional
45023,functional
73,non functional
34175,functional
49558,non functional
46604,functional
68060,non functional
23185,non functional
13660,functional
54816,functional
32244,functional
7249,functional needs repair
6746,functional
1389,non functional
18349,functional
26939,non functional
24666,functional
61660,functional
30000,functional
55941,functional
31006,functional
4892,functional
8132,functional
14897,functional needs repair
5432,functional needs repair
2060,functional
25293,non functional
36785,non functional
16161,functional
53377,functional
32436,non functional
16388,functional
70193,functional
47159,non functional
31027,functional needs repair
37873,non functional
14702,functional
3270,functional
26477,non functional
70410,non functional
62410,functional needs repair
3254,functional
24751,functional
57301,functional
36422,functional
68199,functional
22492,non functional
16628,non functional
49893,non functional
68227,functional
9704,functional
29667,functional needs repair
58154,non functional
39513,non functional
33792,functional
36312,non functional
61066,non functional
63593,functional
66857,non functional
20758,functional needs repair
40956,non functional
30202,functional
28583,functional
63019,non functional
25678,functional
51931,non functional
13708,non functional
40372,non functional
67256,functional
39332,non functional
33140,functional
41241,functional
46708,functional
50784,functional
9463,functional
59306,non functional
34929,non functional
4564,functional
14360,non functional
14471,non functional
4562,functional
72099,non functional
52201,non functional
72103,functional
50386,functional
5339,functional
26497,non functional
39490,functional
31387,non functional
6279,non functional
53705,functional
9910,non functional
62749,non functional
68141,functional
55857,functional
51470,non functional
71942,functional
37592,functional needs repair
36283,non functional
46731,functional
52434,non functional
27162,functional
15372,functional needs repair
39819,functional
30461,functional
5612,non functional
54599,functional
10043,non functional
67129,functional needs repair
60360,functional
22895,functional
60967,functional
71889,non functional
4131,functional
1507,functional
25019,functional needs repair
50136,functional needs repair
51728,functional
40401,functional
10592,functional
13320,functional
9752,non functional
30272,functional
57556,non functional
6483,non functional
20412,functional
14664,non functional
63393,functional
60253,non functional
1449,non functional
55541,non functional
18574,functional
69119,non functional
4773,functional
16853,functional
61853,functional
25379,functional
73707,non functional
38326,non functional
69830,functional
132,non functional
60158,functional
16604,non functional
15398,non functional
70374,non functional
2624,non functional
43159,functional
38838,functional needs repair
19806,functional
42210,non functional
19805,functional
32958,non functional
25185,non functional
44178,functional
45241,non functional
20351,non functional
39599,functional
3232,functional
12989,non functional
73832,functional
67152,functional
71343,non functional
54897,functional
19178,non functional
21753,non functional
63500,functional
36166,non functional
51820,functional
52882,functional
9345,functional
64619,functional
15720,functional needs repair
13030,non functional
22543,functional needs repair
72246,functional
40320,functional
21343,functional
61471,functional
49691,functional needs repair
47592,functional
7996,functional
69508,functional
18231,non functional
11872,functional
1596,functional
29676,functional needs repair
54879,non functional
11124,non functional
59801,functional
60665,functional
72886,non functional
30531,functional
62675,non functional
7634,functional
19525,functional
19203,functional needs repair
716,functional
64275,functional
68478,functional
13761,non functional
66794,functional
38184,functional
64166,non functional
66414,functional
51533,functional needs repair
58060,functional
9251,non functional
5603,functional
36678,functional
69451,non functional
64946,functional
29864,non functional
35016,functional
46691,functional
3899,non functional
9658,non functional
25145,functional
7207,functional
49488,functional needs repair
23044,functional
17707,functional
42104,non functional
53248,non functional
20027,non functional
60390,non functional
38122,non functional
44084,functional
46746,functional
55135,non functional
52532,functional
14429,functional
40124,functional
72559,functional
17115,functional
40931,functional
31895,non functional
16035,non functional
39007,functional needs repair
51339,non functional
40744,functional
11947,non functional
25039,non functional
70001,functional
61925,non functional
9680,functional
57339,non functional
48922,functional needs repair
64954,non functional
19488,functional needs repair
64406,non functional
38379,functional
54320,functional
58196,non functional
22444,functional
41759,functional
13225,functional
6159,non functional
67686,non functional
53760,functional
60000,functional
60603,functional
46660,functional
59838,functional
11239,non functional
33604,non functional
22670,functional
47672,non functional
16915,non functional
17551,non functional
43113,functional
9056,functional
33531,functional
56617,functional needs repair
8128,functional
47410,non functional
20890,functional
26454,functional
20788,non functional
27348,functional
12964,non functional
23091,non functional
62377,non functional
15713,functional
16051,non functional
65362,functional
66189,non functional
12024,functional
31068,functional
7785,functional
9165,functional
40466,non functional
41160,functional
67475,functional
28028,functional
49991,non functional
67905,non functional
44735,non functional
53930,non functional
37846,functional
47307,functional
43486,functional
25580,functional
53058,functional
9554,functional
55790,functional
17773,non functional
66198,functional
28437,non functional
6292,functional
30503,functional
58129,functional
5870,non functional
8391,non functional
36941,non functional
493,functional
11242,functional
10812,functional
34886,functional
54464,non functional
31164,functional
53936,non functional
46631,non functional
46888,non functional
48749,non functional
74061,non functional
60531,functional
61632,functional
58742,non functional
55515,non functional
9989,non functional
34052,non functional
42133,non functional
43649,functional
43072,non functional
36108,non functional
28435,functional
24931,functional
64369,functional
5218,non functional
40644,non functional
3873,non functional
67926,functional
29070,functional
33491,non functional
23121,non functional
26644,functional
56737,functional
53517,non functional
40417,functional
35403,non functional
26113,non functional
59452,functional
126,functional
44438,non functional
3940,non functional
8762,non functional
19576,functional
57019,functional needs repair
14093,functional
9095,non functional
33006,functional
26114,functional
58001,functional needs repair
16213,functional
73228,non functional
22992,functional
2050,functional
40960,functional
64783,functional
6445,functional
55488,functional
18451,non functional
16498,non functional
11389,functional needs repair
71635,non functional
57198,functional needs repair
52472,non functional
14201,functional needs repair
57412,functional needs repair
56317,functional
53847,functional
30647,non functional
16053,functional
30206,functional
69128,functional
55679,functional
70254,non functional
60430,functional
65829,non functional
13148,functional needs repair
62898,non functional
64486,functional
6271,functional
4154,non functional
50633,non functional
68243,functional
11121,functional
26471,non functional
10893,functional
62748,functional
31380,non functional
16177,functional
30371,non functional
24465,non functional
72789,functional
71931,functional
33973,functional
1038,non functional
40947,non functional
58918,functional
18319,non functional
40923,functional
69612,functional
20796,functional
62471,functional
21351,non functional
24573,non functional
9117,functional
37577,functional
27312,non functional
43744,functional
35344,non functional
48632,functional
39578,functional
29063,non functional
28288,functional
44959,functional
16371,non functional
22861,non functional
66614,functional
36006,non functional
10390,non functional
32517,functional
15112,functional
10179,functional
67282,non functional
30899,functional needs repair
30636,non functional
58547,non functional
15086,non functional
38570,functional
61409,non functional
13445,functional
42286,functional
57778,functional
35152,functional
51148,functional
17036,functional
55733,non functional
30250,functional
69526,functional
13274,functional
48126,functional
32310,non functional
20150,non functional
25134,functional
18784,non functional
1072,functional
2288,non functional
62757,functional
16844,functional
34399,non functional
45469,non functional
5999,functional
43889,functional
39482,functional
60897,non functional
10673,non functional
69583,functional needs repair
1604,functional needs repair
30644,functional
58702,functional
62670,functional
61882,non functional
57546,functional
46724,functional
7915,functional
55746,functional
73507,functional
1384,functional
66560,functional
52629,non functional
28139,functional
56431,non functional
48650,functional
50556,non functional
51850,functional
8198,non functional
68631,functional
17748,functional
55193,non functional
26788,non functional
31768,functional
64296,non functional
31400,non functional
30910,non functional
6842,non functional
7536,non functional
7402,functional
45692,non functional
25538,non functional
32775,non functional
40429,functional
39052,non functional
3592,functional needs repair
11273,functional needs repair
54116,functional needs repair
30302,functional
9838,functional
43585,non functional
3127,non functional
55925,functional
40074,functional
53177,functional
33267,non functional
67931,functional
56590,functional
46882,functional
43884,functional
56359,functional
36056,functional
32350,non functional
42606,non functional
70087,non functional
53770,functional
16627,functional
13131,functional
30697,functional
63433,non functional
36024,functional
65473,functional
55168,non functional
47623,functional
53114,non functional
68013,non functional
32124,non functional
10780,non functional
44789,functional
67979,functional
24513,non functional
48401,non functional
56070,non functional
66255,non functional
63820,non functional
34232,functional
57796,functional
56752,functional
36,functional
57836,functional
46252,functional needs repair
34245,functional
20184,functional
43003,functional
59890,functional needs repair
37536,functional
28104,functional
64924,functional
12577,non functional
40837,non functional
12352,functional needs repair
59600,functional needs repair
16660,non functional
49354,functional needs repair
59010,functional
14379,non functional
19851,functional
66618,non functional
73523,functional
70056,functional
55890,functional
45558,functional
30003,non functional
44442,functional needs repair
72798,functional
5164,functional needs repair
67341,functional
49585,non functional
35856,non functional
27238,functional
13108,functional
35969,non functional
39823,functional
44931,functional
34018,functional
52277,functional needs repair
4204,functional
33321,functional
49272,non functional
6515,functional
37751,non functional
29658,functional
21272,functional
29218,functional
48946,functional
41437,functional
12224,non functional
58152,non functional
62832,non functional
31054,non functional
37913,non functional
59432,non functional
3508,functional needs repair
51408,functional
43534,non functional
58143,non functional
25705,non functional
70186,non functional
64282,non functional
39334,non functional
24972,functional
71740,non functional
31441,functional
1534,non functional
35416,functional
27763,functional
7190,functional
64066,functional
5414,functional
57962,functional
70818,non functional
54957,non functional
68357,non functional
26888,functional
16092,functional
46234,non functional
7664,functional
73204,functional
35521,functional
54359,functional
51258,functional
60347,non functional
71916,functional
55066,functional
73590,non functional
50724,non functional
39004,functional
47163,non functional
44062,functional
10651,functional
506,functional
73612,non functional
28444,functional
45417,functional
32965,functional
41466,non functional
57535,non functional
13543,functional
28447,functional
23593,functional
27506,functional
57422,non functional
55005,functional
15063,non functional
3316,non functional
8873,functional
20380,functional
19765,functional
68149,functional needs repair
30829,functional
55081,non functional
70622,functional
37728,non functional
59755,functional
942,functional
7767,non functional
42555,non functional
47472,functional
48487,functional
24502,functional needs repair
74111,functional
68823,non functional
53492,functional
9074,functional
71949,functional needs repair
6126,functional
5428,non functional
23042,functional
28573,non functional
114,non functional
16063,functional
46217,functional
8350,functional
55503,functional
1101,non functional
16247,functional
8154,functional
54274,functional
69078,non functional
16126,non functional
72310,functional
42559,functional
61980,functional
68505,functional
43879,functional needs repair
55351,functional
47609,functional
19080,functional
12137,functional
40547,non functional
67227,functional
35250,functional
32672,functional
59185,functional
13603,non functional
70562,non functional
30,functional
10376,non functional
22034,functional needs repair
14575,functional needs repair
9189,non functional
50065,functional
25348,non functional
59753,non functional
18827,functional
9855,non functional
30996,non functional
29259,functional
20315,functional
29127,non functional
69765,non functional
71788,non functional
40635,non functional
38005,functional
49419,non functional
7750,non functional
63853,non functional
52371,functional
13356,functional
73698,functional
27939,functional
41291,non functional
50149,non functional
38699,non functional
45376,functional
68526,non functional
68457,functional
14912,functional
70551,non functional
9687,functional
51971,functional
32242,functional
30083,functional
47626,non functional
4288,non functional
45385,functional
61245,functional
44962,non functional
55461,functional
69350,non functional
4581,functional
27949,functional
62555,functional
10218,functional
2086,non functional
70280,functional needs repair
39212,non functional
6756,non functional
62871,functional
14285,functional
44035,functional
9149,functional
63189,non functional
70466,functional
19795,functional
17149,non functional
68292,functional
1615,functional
21762,functional
33387,functional
45136,functional
46066,non functional
11948,functional
12658,non functional
33359,functional
40075,functional
16683,functional
21887,functional
55493,functional
35697,functional
66819,functional
946,functional
45671,functional needs repair
1470,non functional
25252,functional
8339,functional
15104,non functional
41300,functional
3853,non functional
34630,non functional
3978,non functional
62470,functional
21132,functional
67675,functional
45412,functional needs repair
22686,non functional
56351,functional
64055,non functional
19155,functional
55118,functional
33654,functional
54257,non functional
9200,functional
54660,functional
64939,non functional
73730,non functional
18501,functional
10610,non functional
45986,functional
8107,functional
41629,non functional
50740,functional
38487,functional
27784,functional needs repair
4248,non functional
71038,functional
70695,non functional
63383,non functional
2766,non functional
24946,non functional
39975,functional
60558,non functional
17498,functional needs repair
34708,functional needs repair
65263,non functional
5724,non functional
10750,functional
47743,functional
34540,functional
13901,non functional
25438,functional needs repair
675,non functional
13935,non functional
50651,non functional
70822,non functional
72660,non functional
71081,non functional
49443,non functional
62887,non functional
2295,non functional
26768,non functional
44535,non functional
26954,functional
13146,functional
50845,non functional
51752,functional
5273,non functional
3884,functional
69052,non functional
34792,functional
28257,non functional
39766,non functional
53823,functional needs repair
17410,non functional
74237,non functional
21539,functional
27866,functional
68191,non functional
69368,functional needs repair
26185,functional
43969,functional
11004,functional
68468,functional
48432,non functional
39590,functional
7943,functional
29263,non functional
57352,non functional
22282,functional
56177,functional
64326,functional
62161,non functional
5367,functional
66432,non functional
5640,non functional
4712,functional
23149,non functional
52917,non functional
29571,non functional
21900,functional
73161,functional
58310,functional
71724,non functional
58132,functional
45449,functional
39495,functional
21612,functional
9907,functional
42238,non functional
8975,non functional
17481,functional
42055,functional
1162,functional
59119,functional
14370,functional
18972,functional
17245,non functional
36129,functional
15015,functional
13477,non functional
31410,non functional
19619,functional needs repair
31602,non functional
23379,functional
12078,non functional
54455,non functional
36013,functional
16097,functional
42174,functional
65806,non functional
43454,non functional
191,functional
42466,non functional
34025,non functional
30190,non functional
68283,non functional
43873,functional
27965,functional
43307,functional
25497,functional
62773,functional
70968,functional
40801,functional
71391,non functional
14485,non functional
30684,non functional
36125,functional
26740,non functional
33780,non functional
19352,non functional
51216,functional needs repair
15257,functional
17347,non functional
10425,functional
72466,non functional
19150,non functional
68551,non functional
17505,functional
33500,non functional
22361,non functional
22642,non functional
20893,non functional
8185,functional
49727,functional
40409,non functional
4896,functional needs repair
12281,functional
59508,non functional
18198,functional
73991,functional needs repair
65585,functional
12437,non functional
30078,functional
63685,functional
2622,non functional
19813,non functional
36223,functional
44587,non functional
52547,non functional
65072,non functional
47368,non functional
41816,functional
60238,non functional
61559,non functional
27106,functional
18678,functional needs repair
32475,functional
34873,non functional
69101,functional needs repair
7194,functional
63011,functional
1805,non functional
3650,non functional
66469,non functional
9401,functional
45041,functional
19745,functional
10648,functional
51085,functional
58909,functional needs repair
71661,non functional
9447,non functional
2076,functional
8647,functional
60759,functional
54098,functional
55417,non functional
64006,non functional
3580,non functional
52216,functional
37069,non functional
43855,functional
13588,functional
65179,non functional
56380,non functional
5741,non functional
56480,non functional
43305,non functional
13920,functional
48759,functional
49819,functional
69399,functional
28385,functional
58757,non functional
58537,functional needs repair
67025,non functional
69066,non functional
72863,functional
22372,functional
70458,non functional
11478,functional
35320,functional
19749,functional
47600,non functional
64883,non functional
8357,functional
45722,non functional
64639,functional
69679,functional
4431,functional
41003,functional needs repair
47350,functional
64950,functional
55258,functional
58592,functional
53099,functional
16697,non functional
38890,non functional
32169,functional
57315,non functional
23457,functional
55147,functional
6230,functional
26474,functional
67818,non functional
8745,functional
63016,functional
43178,non functional
43389,non functional
71615,functional
2627,functional
21226,functional
30700,non functional
26126,non functional
40338,non functional
25925,non functional
66020,functional
21594,functional
56446,functional
16899,functional
18669,non functional
17183,non functional
66018,functional
57900,functional
54939,functional
68730,functional
72996,functional
17506,functional
66863,functional
22113,non functional
7763,functional
43290,functional
41416,functional
11711,functional
65141,non functional
26164,functional
56882,functional
55990,non functional
24490,non functional
63802,functional
3791,non functional
59842,non functional
2775,functional
49400,functional needs repair
67693,non functional
5729,functional
29010,non functional
6798,non functional
35396,functional
34771,non functional
60008,non functional
12788,non functional
14559,non functional
66673,functional
40628,functional
64655,functional
21030,functional
37773,functional needs repair
66309,non functional
46616,functional
70602,functional
45595,functional
52350,non functional
71927,non functional
64370,functional
6190,functional
14207,non functional
35282,functional
44015,non functional
74120,functional needs repair
925,functional
28172,functional
25917,functional
47266,functional needs repair
34810,functional
31585,non functional
61896,non functional
71103,functional
48568,non functional
63062,non functional
23878,non functional
63860,functional
14254,non functional
22998,non functional
41398,functional
948,non functional
34914,functional
67796,non functional
14494,non functional
68725,functional
46980,non functional
8457,functional
65578,non functional
53521,functional
61443,functional
72570,functional
70914,functional
47586,functional
37106,non functional
28125,non functional
52931,non functional
65651,functional
45403,non functional
68222,functional
67911,non functional
20261,functional needs repair
39971,functional
21646,non functional
53247,functional
6036,non functional
25886,non functional
68412,functional
17027,functional
48051,non functional
6441,non functional
1868,non functional
33199,functional needs repair
9572,functional
34001,non functional
52203,non functional
3443,non functional
62323,non functional
57278,non functional
34209,functional
5911,functional
25603,non functional
11660,non functional
10939,functional
40135,non functional
13904,functional
65991,functional
66232,functional needs repair
19126,functional
58071,functional
33495,functional
59379,non functional
65724,functional needs repair
22872,functional
14042,functional
49574,functional
62287,functional needs repair
36214,functional
69606,functional
54962,functional
41145,non functional
33597,non functional
17738,non functional
61891,functional
33143,functional
25728,non functional
60163,functional needs repair
8798,non functional
1633,functional needs repair
15114,functional
43858,non functional
2914,functional
14314,non functional
1060,non functional
24367,functional
39445,functional needs repair
21179,non functional
37529,functional
5929,functional
41609,non functional
13552,non functional
41391,non functional
35240,non functional
59774,non functional
39244,non functional
68986,functional
45185,non functional
61635,functional
61950,functional
53533,non functional
8678,functional
56597,functional
54594,non functional
65190,functional
8495,functional
18886,non functional
18558,functional
52462,functional
8505,functional
46692,functional
24703,non functional
40069,functional needs repair
31276,functional
42690,functional
64795,functional
4266,non functional
3050,functional needs repair
7309,functional needs repair
42,functional
4672,functional
46773,non functional
14153,non functional
39648,non functional
9279,non functional
42733,non functional
54275,non functional
60920,functional needs repair
58195,functional
15934,functional
45332,non functional
6603,functional
15641,non functional
9090,non functional
26221,functional
71526,non functional
16846,functional
2267,functional
22408,functional needs repair
17675,functional needs repair
62112,non functional
43780,functional
62293,functional
17251,functional
10144,functional
35467,functional
55196,functional
71071,functional
27209,functional
28735,functional needs repair
10299,functional needs repair
38845,functional needs repair
45954,functional
25226,functional
5978,non functional
4721,functional
2596,functional
13836,functional
40323,functional needs repair
8506,functional needs repair
46452,functional
65751,non functional
49687,non functional
48861,functional
2606,functional
34130,non functional
35796,functional
57802,functional
5173,functional
50735,non functional
40774,non functional
48075,non functional
61809,functional
63363,functional
25830,non functional
19180,functional
39186,functional
10003,functional
60952,non functional
56757,non functional
46572,functional
40021,functional
72533,functional
35865,non functional
41124,functional
48443,functional
56865,functional
48803,non functional
54532,functional
35308,functional
69687,functional
19828,functional
35765,functional
31458,functional
56571,functional needs repair
46756,non functional
46115,non functional
73482,functional
4243,functional
14157,functional
43140,non functional
63932,non functional
56724,functional needs repair
68866,functional needs repair
66956,functional
56072,non functional
40925,functional
22570,non functional
3403,functional
36967,functional
15093,functional
40172,non functional
35225,functional
66293,non functional
10799,non functional
18342,functional
49161,functional
59581,functional
69278,functional
35875,non functional
33084,non functional
20047,functional
62932,functional
52839,functional
49935,functional
49947,non functional
57527,functional
62981,non functional
3083,non functional
64040,non functional
73319,non functional
23873,functional
21261,functional needs repair
21941,functional
20267,non functional
53047,non functional
2673,functional needs repair
370,functional
51088,functional
17887,functional
71418,non functional
60472,functional needs repair
46116,functional
35622,non functional
51527,non functional
17038,functional
51219,functional
8135,non functional
47889,functional
15600,functional
276,non functional
49982,functional
11621,non functional
60195,functional
30935,non functional
56475,functional needs repair
45004,functional
29995,functional
25991,functional
57806,non functional
19504,non functional
9777,functional
39959,non functional
46619,functional
52908,functional
29539,non functional
61195,functional
64527,non functional
47653,functional
64413,functional
68664,non functional
13813,functional
33131,functional
21921,non functional
8643,functional
55231,functional
30513,non functional
14813,functional
2619,functional
27205,non functional
39071,non functional
55559,functional
20295,functional
52780,functional needs repair
8838,functional
44911,functional needs repair
24636,functional needs repair
19790,functional
36403,non functional
4374,functional
40694,functional needs repair
11860,non functional
16462,functional
6682,functional
4433,functional
7143,functional
4040,functional
29296,functional
55690,functional
1802,functional needs repair
66883,non functional
54759,functional
45564,functional
70706,non functional
73731,functional
28567,functional
20307,non functional
27782,functional
70071,functional
15409,functional
2756,functional
57196,functional
3041,non functional
40305,non functional
11481,non functional
66843,functional
25778,functional
54686,non functional
65537,non functional
9461,non functional
27653,non functional
27066,functional
26097,non functional
35916,functional
29085,non functional
43174,functional
29318,non functional
73884,functional
68600,non functional
6960,non functional
45875,functional
73554,non functional
62086,functional
18726,functional
33805,functional
18335,non functional
51432,functional
47353,non functional
27011,non functional
68490,functional needs repair
19834,functional
57630,functional
59797,functional needs repair
2466,non functional
6852,functional
60325,functional needs repair
66141,functional
30711,functional
67938,non functional
37279,functional
61194,non functional
6091,functional
17991,functional
2729,functional
51479,non functional
15697,non functional
19667,non functional
43714,functional
26243,functional needs repair
47211,functional
48615,non functional
42789,functional needs repair
35709,functional
52054,functional needs repair
65875,non functional
53209,functional
9741,non functional
36509,non functional
4137,functional
20780,non functional
69647,non functional
34317,functional
49996,non functional
47066,non functional
64440,functional
71698,functional
36892,non functional
56028,functional
73100,functional
55437,non functional
25719,functional
28461,non functional
51121,non functional
5942,functional needs repair
53123,functional
31751,functional
4963,non functional
31376,functional
56165,non functional
3209,non functional
2245,non functional
41048,functional
35532,non functional
73372,functional needs repair
64260,non functional
33666,functional
42902,functional
18097,functional
23012,functional
14506,functional
30854,functional
4688,non functional
10095,functional
44213,functional
56150,non functional
62186,functional
56442,functional
69107,non functional
44145,functional
27971,functional
39650,non functional
7003,functional
72465,functional
16111,non functional
24349,non functional
13871,functional
2445,functional
53813,functional
61738,functional
67070,functional
7024,functional
3116,functional
71731,functional
49399,functional
1682,non functional
52777,functional
66179,non functional
51051,non functional
42889,functional
71303,functional
1610,non functional
23525,functional
46476,functional
58676,functional
47473,functional
21563,non functional
26346,functional
21418,functional
14629,non functional
26928,functional
19283,functional
65004,non functional
48380,non functional
71076,functional
30281,functional
38954,non functional
61492,non functional
66284,functional
7933,functional
35175,non functional
34962,functional
70628,functional needs repair
38942,functional
47339,functional
53432,functional
19014,non functional
71421,non functional
5353,functional
18753,non functional
31258,non functional
57001,non functional
10374,non functional
25236,functional needs repair
39631,non functional
3187,functional
56093,functional
15238,functional
15926,functional
16215,functional
41281,functional
7574,non functional
49345,non functional
46879,functional
29049,non functional
44148,non functional
53250,non functional
5304,non functional
11990,functional
7388,functional
14636,non functional
6428,functional
70211,non functional
12038,functional
24320,functional
62480,functional
44966,functional
12958,non functional
8548,non functional
33907,non functional
66345,non functional
22417,functional needs repair
18978,non functional
17195,functional needs repair
20610,non functional
67032,non functional
51725,non functional
61470,non functional
39885,non functional
63226,functional
150,functional
25109,functional
27734,functional
24147,non functional
53612,functional
5298,non functional
58761,non functional
35446,functional
58612,functional
71606,functional
41253,functional
54341,functional needs repair
70485,functional
3595,functional
26487,non functional
43378,non functional
44990,functional
47245,non functional
40868,functional
8517,non functional
27136,non functional
17181,functional
24938,non functional
53116,functional
31965,non functional
36485,non functional
40735,non functional
57661,functional
12532,functional
19200,functional
51660,non functional
27578,functional
2328,non functional
66107,non functional
13164,functional
5485,functional
18427,functional needs repair
69006,functional
53121,functional
65061,non functional
59316,non functional
49907,functional
35877,non functional
19554,functional
2754,non functional
71280,functional
39357,functional
18096,functional
12572,non functional
31913,functional
52770,non functional
40508,functional needs repair
67243,non functional
39514,non functional
12893,functional
69665,functional
36476,non functional
5317,non functional
34983,functional
70244,functional
65743,non functional
26975,non functional
36795,non functional
25552,functional
12856,non functional
14522,functional
64077,functional
8436,non functional
32536,functional
70685,functional
60344,functional needs repair
1356,non functional
40270,non functional
9253,non functional
28378,functional needs repair
32823,functional
47169,functional
58626,functional
72075,non functional
61594,non functional
27375,functional
32337,non functional
4530,non functional
60274,non functional
44656,functional
53186,functional
8148,non functional
72013,non functional
22422,functional
45503,functional
30465,functional
25230,functional
72981,functional
71223,functional
46843,functional
48433,functional needs repair
48916,non functional
6093,non functional
67043,functional
10894,functional
56669,functional
39503,non functional
45730,functional
30537,non functional
18397,non functional
10625,non functional
60710,non functional
49857,non functional
58728,functional
36814,functional
40209,functional
31001,functional
65175,non functional
33264,functional
69823,non functional
24267,functional
8174,functional needs repair
50569,functional needs repair
63100,functional needs repair
39038,functional
55189,non functional
71392,non functional
5824,functional
39170,functional
58680,functional needs repair
29865,non functional
10586,functional needs repair
54087,non functional
32004,non functional
4510,functional needs repair
35194,functional
18134,functional
28313,functional
32102,functional
36583,functional
73949,functional
26653,non functional
43103,non functional
48358,functional
59348,functional
31008,non functional
69034,functional
8025,functional
4766,non functional
62450,non functional
5726,functional
13760,functional needs repair
47615,non functional
1133,functional
22809,non functional
21803,functional
27688,functional needs repair
70702,non functional
19490,non functional
58399,functional
9029,functional
31917,functional
57974,functional
37058,functional
71158,functional
38816,functional
55629,functional
26030,functional
51156,non functional
16405,non functional
59848,functional
70861,functional
21217,functional
13388,functional
37984,functional
28234,functional
35783,functional
33396,functional
40444,functional
34620,non functional
72588,functional
47157,functional
52345,functional needs repair
53538,functional
1535,non functional
58048,non functional
21908,functional
71800,functional
70387,functional
4942,non functional
27262,functional
37463,non functional
45792,functional
26148,functional
6766,non functional
17529,functional
1158,functional
59872,non functional
59329,functional
47110,non functional
26283,non functional
68781,non functional
65082,non functional
29141,non functional
63737,functional
30068,functional
24554,functional needs repair
53844,non functional
59340,functional
17443,functional
65282,functional needs repair
28987,non functional
29470,functional
35317,non functional
17543,non functional
35929,non functional
53990,functional
3470,non functional
14536,functional
26046,non functional
49121,non functional
61072,functional
62717,functional needs repair
33631,non functional
20138,functional
68700,functional
7838,non functional
2776,non functional
25458,non functional
9514,functional
33243,non functional
33578,functional
46836,functional
33507,functional
23835,functional
67920,functional
3004,non functional
13520,functional
31279,functional
11885,non functional
41018,functional
31028,non functional
56336,functional
26757,non functional
52765,functional
63489,non functional
28915,non functional
32472,functional
7980,functional needs repair
61117,functional
62768,functional
21748,functional
63992,functional
54781,functional
73483,functional
4348,non functional
38961,functional
16133,functional
5525,functional
22573,functional
33037,functional
39976,non functional
22325,non functional
61530,functional
64658,non functional
51780,non functional
54929,non functional
13246,non functional
35380,functional
52123,non functional
33970,functional
40313,functional
16264,functional
26363,functional
12519,non functional
1218,non functional
17142,functional
24641,functional
57050,non functional
55590,functional
9290,non functional
17363,functional
31237,functional
57015,non functional
1052,functional
31775,functional
37586,functional
74016,functional
58443,functional
49884,non functional
49043,functional
30546,functional
7217,non functional
73636,non functional
54096,functional needs repair
19288,functional
54808,functional
10984,functional
46901,functional
71935,functional
48016,non functional
69046,functional
12154,non functional
71222,non functional
53384,functional needs repair
9043,functional
31073,non functional
35366,non functional
7813,non functional
74072,functional needs repair
61416,functional
73665,non functional
63098,non functional
58601,non functional
25604,non functional
67793,functional
19505,non functional
51870,functional
53531,functional
57751,non functional
22231,functional
16792,functional
6361,non functional
49389,functional
27796,functional
28317,non functional
57239,functional
5219,functional
47077,non functional
32192,functional
62651,non functional
7155,functional
10702,non functional
46323,functional
40558,functional
52957,functional
35572,functional needs repair
23223,functional
37293,non functional
55755,functional
62348,functional needs repair
59288,non functional
27460,functional
24607,functional
7307,functional
73171,functional
63272,non functional
30403,functional
14335,functional
52153,functional
16997,functional
27639,non functional
23608,non functional
55859,functional
69757,functional
45086,non functional
61873,functional
1637,non functional
57170,non functional
66204,functional
66953,non functional
26413,functional
10837,functional
34320,functional
36193,non functional
35828,non functional
31427,non functional
22765,functional
11258,functional
17733,non functional
35642,functional needs repair
8404,functional needs repair
34379,functional
40605,functional
6914,non functional
4307,non functional
72854,functional
5258,functional needs repair
16518,non functional
7258,non functional
10012,functional
62544,functional
501,functional
27418,non functional
32914,non functional
68767,functional
29193,non functional
68380,non functional
41405,functional
17857,non functional
17086,non functional
4921,non functional
17074,non functional
14365,non functional
48163,functional
50187,non functional
7375,functional
67319,functional
21761,functional
11308,non functional
61174,functional
49731,functional
65549,functional
17421,functional
5393,functional
30639,functional
40096,functional
68617,non functional
8281,non functional
61045,functional
2607,functional needs repair
41456,functional
35971,functional
44402,functional needs repair
59428,non functional
54126,functional
9661,functional
29303,functional
7696,non functional
42871,functional needs repair
29007,non functional
35357,functional
10711,functional
67850,non functional
63783,functional
46092,functional
22910,non functional
38832,functional
48484,functional
60456,non functional
49601,functional
59370,non functional
26187,functional
58663,functional
61394,non functional
9428,functional
14565,functional
36696,non functional
64438,non functional
49566,functional
33904,non functional
10529,non functional
18713,functional
31313,functional
52862,non functional
22455,functional
31614,functional
775,functional
65076,functional
67431,functional
33291,functional
22948,functional
27924,functional
14832,non functional
38963,non functional
31606,functional
11936,functional
29577,functional
17271,functional
61455,non functional
20143,non functional
3184,non functional
29938,functional needs repair
45304,functional
8676,functional
30478,non functional
43716,functional
29823,non functional
47675,functional
38614,functional needs repair
51472,non functional
43514,functional needs repair
14590,functional
48602,functional
33343,non functional
58109,non functional
32377,non functional
50024,non functional
3868,functional needs repair
62686,functional needs repair
70114,non functional
55566,functional
52552,non functional
2340,non functional
63165,functional
17040,functional
45371,non functional
9775,functional
70846,functional
49241,functional
71691,non functional
2424,functional
42222,functional
60655,functional
37945,functional
49469,non functional
48285,functional
2836,functional
49440,non functional
14808,functional
59023,functional needs repair
17191,non functional
56242,non functional
73857,functional needs repair
38594,functional needs repair
10795,functional
5688,functional
48569,functional
47995,non functional
12335,functional
3722,functional
74077,non functional
29574,functional
22784,non functional
13407,functional needs repair
20813,functional
69386,functional
36429,functional
32129,functional needs repair
63926,non functional
27164,functional
69318,non functional
46505,functional needs repair
42557,non functional
24393,functional
50771,functional
50419,functional
29106,non functional
23496,functional
38361,functional
65404,functional
43776,functional
31646,non functional
30673,functional
1104,non functional
60387,non functional
50684,non functional
21105,functional
32304,functional
55263,functional
20352,non functional
67509,functional
61093,functional
73894,functional
9443,non functional
46520,functional
16428,functional
37211,non functional
544,non functional
50600,functional
62197,functional
15025,non functional
64425,functional
41459,functional
67887,non functional
14768,non functional
11912,non functional
18115,functional
1497,functional
61670,functional needs repair
21340,non functional
54790,functional
16108,functional
20121,functional
6480,non functional
69196,non functional
49948,functional
18173,non functional
57997,functional
11962,functional
61114,functional
54787,non functional
60276,functional needs repair
11905,functional
15135,functional
54291,functional
66461,functional
44711,functional
11843,non functional
68448,functional
29405,non functional
59611,functional
33934,non functional
6039,functional
12510,functional needs repair
42673,non functional
68054,non functional
12656,non functional
68650,functional
1890,functional
59549,functional
42456,non functional
8355,functional
67637,non functional
43281,functional
45962,functional
22535,non functional
67847,non functional
41153,functional
45234,functional
17208,functional
10721,functional
1813,non functional
21006,functional
30132,functional needs repair
56898,non functional
5633,functional
2711,functional
65005,non functional
56966,non functional
68651,functional
40750,non functional
20426,non functional
357,functional needs repair
947,functional needs repair
36021,functional
8099,functional needs repair
26877,functional
52918,non functional
1641,functional
36377,functional needs repair
69236,functional
44418,non functional
35475,functional
16926,functional
53276,non functional
32250,functional
53064,non functional
17903,functional
45268,non functional
39492,non functional
24481,functional
8915,functional
68968,functional
41524,non functional
47019,functional
66624,non functional
25250,functional
33957,functional
12082,non functional
39224,non functional
22529,functional
67198,functional
42732,non functional
68407,functional needs repair
54338,functional
10246,functional
63222,functional
51572,functional needs repair
28398,functional
30358,non functional
7212,non functional
30807,non functional
31556,non functional
21297,functional
47878,non functional
49375,functional
28897,non functional
57172,functional
13136,non functional
54733,functional
68389,functional
19295,functional needs repair
55694,functional
60991,non functional
44780,non functional
2460,functional
24443,functional needs repair
22662,non functional
10769,functional
50747,functional
7870,functional
15179,non functional
59792,functional
46573,functional
61875,non functional
30998,non functional
11501,non functional
19216,functional
426,non functional
57932,functional
5721,non functional
65925,non functional
43797,non functional
11232,functional
71910,functional
63993,functional needs repair
54980,non functional
17577,functional
45068,functional
37394,functional
16890,non functional
48153,non functional
64799,functional
70243,functional needs repair
36143,functional needs repair
68052,non functional
20738,functional needs repair
65581,non functional
31142,functional
13457,non functional
33134,non functional
58756,non functional
3240,functional
56430,functional
65300,functional
44955,non functional
32456,non functional
15965,functional
10481,functional
25,non functional
57244,functional
41221,functional
14281,functional
39049,functional
52081,functional
49118,non functional
72709,functional
4521,functional needs repair
37154,non functional
31728,non functional
65126,functional
43484,non functional
49089,functional
38609,functional
28006,non functional
11427,non functional
39085,non functional
38386,functional
2291,functional
33667,non functional
23028,non functional
65009,non functional
53385,non functional
43798,functional
53364,functional
24002,functional
27286,functional
66788,functional
6374,functional
4848,functional
24102,functional needs repair
56353,functional
43980,functional
26198,functional
36741,functional needs repair
20916,functional
37031,non functional
36621,non functional
2745,functional
37703,functional
21532,functional
13892,functional
4156,functional needs repair
24408,functional
21127,non functional
24344,functional
56788,functional
5182,non functional
55359,functional
72614,functional
21493,non functional
61477,functional
50192,non functional
37977,non functional
69598,functional
46278,functional needs repair
7328,non functional
72796,non functional
13969,functional
1853,non functional
1760,non functional
57110,functional needs repair
21316,non functional
67581,functional
28707,functional needs repair
45555,non functional
30774,functional
65191,functional
58885,functional
34852,non functional
66330,functional
44047,functional
73718,non functional
33988,functional
9657,non functional
35964,functional
65557,functional
1025,functional
70034,functional
51996,functional needs repair
67752,functional
21693,functional
64588,non functional
70020,non functional
40880,non functional
43913,functional
49692,non functional
4399,functional
50610,functional
4443,functional
16192,functional
39047,non functional
73790,functional
19930,functional
68119,functional
721,non functional
42526,non functional
24435,functional
10453,functional
8245,non functional
51809,non functional
39532,non functional
60479,functional
6438,non functional
56409,functional
43657,functional
51813,non functional
38339,non functional
64949,non functional
67444,functional
67900,non functional
56481,functional
26946,functional
23719,functional
73735,non functional
49853,non functional
521,functional needs repair
61039,functional
48900,functional
7547,non functional
21081,functional
67534,functional needs repair
46643,non functional
63594,functional
1963,functional
6685,functional
69601,functional needs repair
61963,functional
50116,functional
46460,non functional
47197,functional
5654,functional
33850,non functional
64168,non functional
41374,functional
33861,functional
32370,functional
48156,functional
15740,functional
31841,functional
12996,non functional
41217,functional needs repair
16667,functional
18407,functional
70804,non functional
28136,non functional
59276,functional
60100,functional
17825,functional needs repair
27928,functional
32853,non functional
22533,functional needs repair
67053,functional
21936,functional
27765,non functional
60076,functional
12938,functional
66654,non functional
70598,functional
24386,functional
10907,non functional
2316,non functional
62235,functional
3346,functional needs repair
23236,non functional
36523,non functional
5568,non functional
8109,functional
53201,functional needs repair
43129,functional
43663,functional needs repair
47433,non functional
36428,non functional
45736,non functional
47065,functional
32164,functional
66734,functional
9534,functional needs repair
1556,functional
42610,non functional
55648,functional needs repair
31256,functional
52212,functional
53017,non functional
4247,functional
17687,functional
49103,functional
4319,functional
52012,non functional
64007,non functional
25879,non functional
46253,non functional
62300,non functional
48229,functional
24209,functional
25797,functional
6513,functional
64761,functional needs repair
1154,non functional
36417,functional
40563,non functional
6931,non functional
58507,functional needs repair
49429,functional
723,functional
49284,functional
53297,functional
59637,functional
50250,functional needs repair
28621,functional
60822,non functional
24160,functional
4024,non functional
58112,functional
7158,functional
3700,functional
64402,non functional
68832,functional
44594,non functional
60363,functional needs repair
20471,functional
36450,functional needs repair
14570,non functional
10121,non functional
53125,functional
25607,functional
27926,functional
21013,functional
1061,non functional
57737,functional
1929,functional
42003,functional
68814,functional
20181,non functional
69304,functional
9792,non functional
33292,non functional
50441,non functional
12334,functional needs repair
3087,functional
23099,functional
9796,functional needs repair
36708,functional
11897,functional
27439,functional
40907,non functional
63699,functional
3208,functional
40276,functional
21447,non functional
51632,functional
38579,functional
16216,functional needs repair
63197,non functional
15253,functional
29011,non functional
15533,functional
21424,non functional
65446,non functional
38148,non functional
30020,functional
52984,functional
60497,functional needs repair
18207,functional
35579,functional needs repair
50364,functional
72337,functional
36643,non functional
72375,functional needs repair
32957,non functional
61494,non functional
9660,non functional
67516,non functional
25303,functional
72545,non functional
36616,functional
60867,functional
53749,non functional
29317,functional
36432,functional
71220,functional needs repair
62097,functional
10071,functional needs repair
57638,non functional
43323,functional needs repair
73584,non functional
42187,non functional
72741,non functional
56407,functional needs repair
55269,non functional
39698,non functional
44393,non functional
27349,functional
51423,non functional
12522,non functional
42828,functional
35044,functional
13022,non functional
14289,functional
6489,non functional
36886,functional
36888,functional
16929,functional
50954,functional
462,functional needs repair
72556,functional
73057,functional needs repair
29104,functional
15013,non functional
4114,functional
31934,functional
72905,functional
59917,non functional
6029,functional
57835,non functional
39874,functional
49048,functional
46950,non functional
57120,functional needs repair
14893,functional
12027,non functional
28529,non functional
40226,functional
21810,non functional
54053,functional
23187,functional
28832,functional
32695,functional
24369,functional
35409,functional
637,functional
70615,non functional
12450,non functional
44686,functional
50543,functional
813,functional
25813,non functional
64353,functional
13515,functional
63372,functional
24487,functional
55968,functional
51875,non functional
38811,functional
68100,functional
5030,non functional
30034,non functional
44995,non functional
54942,non functional
8372,functional needs repair
15508,non functional
13000,functional
49275,functional
57577,functional
72804,functional
39646,functional
66955,non functional
60612,functional
24721,functional
54244,functional
54192,non functional
11214,functional
6178,functional
34250,functional
21216,non functional
64399,non functional
54862,non functional
2074,non functional
15896,functional
23570,functional
12983,non functional
28476,non functional
49647,functional
66584,functional
29184,non functional
57595,functional needs repair
21731,non functional
64179,functional
36818,non functional
52576,functional needs repair
11011,functional
67442,functional
34193,functional
66539,functional needs repair
800,non functional
37667,functional needs repair
20678,functional
71496,functional
48823,functional needs repair
64421,functional
19935,functional
60941,functional
18072,non functional
22875,functional
2721,non functional
24835,functional
44109,functional
67663,non functional
49464,functional
68957,functional
26626,functional
43847,non functional
42155,functional
52531,functional
25198,functional
41939,non functional
3750,functional needs repair
28868,non functional
3210,non functional
72045,non functional
1965,functional needs repair
31108,functional
7029,functional
43447,functional
62888,functional
23912,non functional
41613,non functional
50056,non functional
37898,functional needs repair
16968,functional
58307,functional
44706,functional
20069,functional
15400,functional needs repair
57477,functional
10309,functional
70641,functional
50664,functional needs repair
64928,non functional
72277,functional
29429,functional
27672,functional
13954,functional
73328,functional
1584,functional needs repair
22185,non functional
60150,non functional
73280,functional needs repair
46074,functional
68572,functional needs repair
50303,non functional
53042,non functional
3268,non functional
60080,functional
9155,functional
71631,functional
68854,non functional
18692,non functional
47001,functional
4183,functional
72800,functional
33383,non functional
55491,non functional
55153,non functional
41478,non functional
4939,functional
1157,non functional
27120,non functional
11828,non functional
13363,non functional
67947,functional
59402,functional
6521,non functional
64959,functional
6760,non functional
60062,non functional
47830,functional
38117,functional
53748,non functional
24807,non functional
72435,functional
20028,functional
46223,non functional
33813,non functional
14324,functional
20469,functional
21574,non functional
39303,non functional
36974,functional
43328,functional needs repair
68030,functional
68952,functional needs repair
26336,functional
49502,functional needs repair
49701,functional
12946,functional
73944,functional
26080,non functional
36364,non functional
58312,non functional
58718,functional
8555,non functional
48901,functional
3070,non functional
44206,functional
31038,functional needs repair
14400,non functional
44687,functional
53169,functional
63966,non functional
7834,non functional
10468,functional
53327,non functional
45102,non functional
47399,functional
10690,functional
9275,functional
52260,non functional
54497,functional
63872,functional
9717,functional
63039,functional
23493,non functional
56922,functional
56793,functional
27674,non functional
64191,non functional
27733,functional
56131,functional
19407,functional
7947,functional
68981,functional
25267,non functional
72012,functional
20911,non functional
48184,functional
11857,functional needs repair
41686,functional
56828,functional
22713,non functional
67557,non functional
40465,functional
29518,non functional
47103,functional
6051,functional
35704,functional needs repair
26834,non functional
72864,functional
17273,functional
5296,functional
5780,non functional
64549,functional
32952,non functional
4452,functional
41641,functional
8192,functional
54935,non functional
35897,functional
59295,functional
58081,non functional
68216,functional
15609,functional
10239,functional
18832,non functional
43225,non functional
29463,non functional
26062,functional
26210,functional
66004,non functional
30905,non functional
73694,non functional
30925,functional
11152,non functional
16457,non functional
28340,functional
31786,non functional
32060,functional
54121,non functional
73449,functional
2748,functional
3314,non functional
12396,non functional
53879,non functional
59718,non functional
46661,non functional
10829,functional
24634,non functional
34952,functional
55714,functional
40491,non functional
57600,functional needs repair
24579,non functional
59639,functional
43175,functional
52455,functional
46803,non functional
26314,functional
11541,non functional
29687,non functional
55217,functional
29042,non functional
32052,functional needs repair
64966,non functional
32851,non functional
10463,functional needs repair
56805,non functional
56249,non functional
5785,non functional
55248,functional
27912,non functional
23316,non functional
67242,non functional
16114,functional
49045,functional
51902,functional
41527,non functional
13804,functional
49508,non functional
19724,functional
32485,non functional
6761,non functional
52444,functional
13349,functional
2377,functional
53045,functional
9852,non functional
35429,functional
45759,functional
9194,functional
509,non functional
50591,functional
59744,non functional
48351,functional needs repair
50099,non functional
52043,functional
51230,functional
62627,functional
35849,functional
37470,functional
61271,functional
28347,functional
11679,functional
29370,functional needs repair
6649,functional
23760,functional
49396,functional needs repair
64892,functional
52732,functional
28824,functional
48936,non functional
47012,non functional
65067,non functional
49890,non functional
53685,functional
1688,non functional
72643,functional
4089,functional
49620,functional
33394,functional
13484,functional
70133,non functional
66467,functional
14355,functional
23972,non functional
57152,non functional
19159,functional
45381,functional
56694,functional
30561,functional
48520,non functional
30609,functional
61764,non functional
36171,non functional
53506,non functional
6587,non functional
70532,functional needs repair
55249,non functional
18748,functional
38620,non functional
65197,non functional
28161,functional needs repair
69268,functional
30858,functional needs repair
35069,non functional
7087,functional
63648,functional
32997,functional
14384,non functional
36358,functional
41540,non functional
38272,functional
42455,functional
52335,functional needs repair
72736,functional
45869,functional
15984,functional needs repair
60663,functional
20146,functional
8581,functional
35224,non functional
11964,non functional
37541,functional
66906,non functional
31063,functional
71792,functional
52413,non functional
26562,non functional
52795,functional
18233,functional
37880,functional
59225,functional
51392,functional
67508,functional
744,functional
30730,functional
36601,non functional
53526,functional
3328,non functional
56637,functional
8889,non functional
19572,non functional
10444,non functional
28617,non functional
67525,non functional
26337,non functional
32827,non functional
12380,functional
69,functional
56355,functional
44346,functional
6456,functional
54569,functional
48407,non functional
64281,functional
17806,non functional
15523,functional
56412,non functional
8322,non functional
21328,functional
52502,functional
54508,functional
55862,functional
60808,functional
22152,functional
50655,functional
67993,functional
24419,functional
38380,functional
37623,non functional
49304,functional
26431,functional needs repair
16287,functional
62173,functional
58330,non functional
18865,functional
54333,functional
29341,non functional
54079,functional
58893,non functional
19054,functional
25737,functional
47802,non functional
38846,non functional
12355,functional
54799,functional needs repair
34663,non functional
32847,functional
10514,non functional
14463,non functional
67075,non functional
42314,functional
27955,functional
27888,functional
18729,functional
21496,functional
41780,non functional
14245,functional
10693,functional
27261,functional
29111,functional needs repair
3200,functional
21470,functional needs repair
32116,non functional
6175,functional
72031,functional
47924,non functional
53889,non functional
34146,functional
9420,non functional
3025,functional
69742,functional
31888,non functional
46201,functional
6968,non functional
61432,non functional
31558,functional
48930,non functional
40715,functional
42264,non functional
15579,non functional
6133,functional
21946,functional
42005,functional
28547,non functional
25518,functional
24016,functional
9390,functional
57267,functional needs repair
31212,non functional
67751,non functional
26315,non functional
28843,functional
65450,non functional
9134,functional needs repair
24539,functional
22208,functional
15629,functional
62106,functional
30619,non functional
5460,non functional
49244,functional
1770,functional
70937,functional
21580,functional needs repair
23659,functional
63848,non functional
73361,functional needs repair
47452,non functional
12847,functional
54556,non functional
39672,functional needs repair
48377,functional
6925,functional
1588,non functional
35932,non functional
22791,functional
44567,functional
48899,non functional
34291,functional
29622,functional
30686,non functional
16748,non functional
41238,non functional
59606,non functional
4754,non functional
41503,non functional
7509,functional
15565,non functional
45097,functional
24416,functional
61854,functional
10782,non functional
37288,functional
9696,functional
36229,non functional
74031,functional needs repair
43577,functional needs repair
62359,functional
19455,non functional
71322,functional
65320,functional
34426,functional
4897,functional
3283,functional needs repair
33000,functional
16564,non functional
19676,non functional
53151,non functional
3959,non functional
51493,non functional
2699,non functional
53514,functional
27681,non functional
56457,functional
35163,functional
61715,non functional
13093,non functional
66368,functional needs repair
51203,non functional
1573,functional
33070,non functional
35412,functional
69445,functional needs repair
4697,non functional
20690,functional
39932,functional
39585,functional
20203,non functional
46893,non functional
1429,functional needs repair
57549,functional
19119,functional
19308,non functional
10220,non functional
17423,non functional
40025,non functional
1921,non functional
66875,functional
61952,functional needs repair
11815,functional
73965,non functional
66029,non functional
43794,non functional
22785,non functional
57689,non functional
59958,non functional
18160,functional
47042,functional
6959,functional
17163,non functional
27018,non functional
32117,functional
57865,functional
62474,non functional
1943,non functional
51577,functional
38046,functional
66926,functional
55206,functional
23258,non functional
63595,functional
65163,non functional
48841,functional
27296,functional needs repair
29229,non functional
7853,functional
9640,non functional
7377,non functional
15513,functional
24674,functional
9833,non functional
55035,functional
2438,non functional
12155,functional
8466,functional needs repair
16849,functional
11156,non functional
34760,non functional
35170,non functional
13501,non functional
53088,non functional
69351,non functional
45560,non functional
72707,functional
11243,functional
60944,functional needs repair
46025,functional
6673,non functional
7690,functional
21231,functional
67868,functional
15877,functional needs repair
49800,functional
24550,functional
8513,non functional
13648,functional
6750,non functional
46153,non functional
74059,functional
65283,non functional
3072,functional
8014,functional needs repair
37865,functional
66238,non functional
526,functional needs repair
42289,non functional
24593,functional
57702,functional
43622,non functional
26791,functional
56978,functional
46119,non functional
19331,functional
69332,functional
35962,functional
51514,non functional
23068,functional
65372,non functional
10060,functional
11956,functional
43415,functional
14827,functional
44890,non functional
46745,non functional
25964,functional
49722,non functional
63230,non functional
34831,functional needs repair
38829,non functional
52786,non functional
23656,non functional
50863,functional
295,functional
45900,functional
776,non functional
34973,functional
23000,functional
38,functional
23438,non functional
10821,non functional
52701,non functional
51020,functional
30683,non functional
9738,functional
73588,functional
6732,non functional
34636,non functional
28555,functional
38697,non functional
61148,functional
37110,functional
23978,functional needs repair
41044,functional
29360,non functional
59351,functional
29738,functional
41954,functional
42924,functional
52699,functional
22060,non functional
14687,non functional
24964,functional
5765,functional needs repair
16159,non functional
2390,functional
19740,functional
17804,non functional
25796,functional
64412,non functional
12490,non functional
66287,functional
56801,non functional
9509,non functional
64459,functional
36255,non functional
30993,functional
24948,functional
15888,non functional
19853,functional
1723,non functional
51227,non functional
32706,non functional
3434,functional
28924,functional
31943,non functional
28956,non functional
18767,non functional
9823,functional
66602,functional
1292,non functional
3560,non functional
61248,functional
60202,functional
3394,functional
15560,functional
67452,non functional
33135,non functional
67293,non functional
63037,functional
14123,functional needs repair
11058,functional
26385,non functional
66451,functional needs repair
66527,non functional
31855,non functional
1905,functional needs repair
17424,non functional
41837,functional
41583,functional
62943,functional needs repair
73726,non functional
39550,non functional
71562,functional needs repair
52403,functional
46537,functional
43825,non functional
64825,functional
59881,functional
60093,functional
33047,functional
21299,non functional
62418,functional needs repair
58351,non functional
4132,functional
52792,non functional
21445,non functional
3755,functional
137,functional
67767,functional needs repair
73284,functional needs repair
58315,non functional
59832,functional needs repair
38511,functional
45819,non functional
44612,functional
35111,functional
60041,functional
26876,functional
66680,functional
65095,non functional
17814,functional
71128,non functional
53445,non functional
46045,non functional
71451,functional
64371,functional
24919,functional
5571,functional
12029,functional
66538,functional needs repair
4254,functional
30268,non functional
29116,non functional
70989,functional needs repair
56555,functional
2826,non functional
22023,functional
3391,functional
65217,functional
15200,non functional
26254,non functional
27471,functional
47191,functional
68414,functional
28145,non functional
2977,functional needs repair
46454,non functional
24175,functional
33946,non functional
22644,non functional
26045,functional
52254,functional
40725,functional needs repair
8906,non functional
12486,functional
2235,functional
51666,functional needs repair
5639,functional needs repair
50077,functional
70279,functional
69476,functional
1127,functional
25135,functional needs repair
15493,functional
58705,non functional
32600,functional needs repair
44549,non functional
41585,functional needs repair
6723,functional
70340,functional needs repair
14848,functional
36582,functional
18073,functional needs repair
30962,non functional
14071,functional
1522,functional
24497,functional
5140,non functional
55645,non functional
3156,non functional
40900,functional
43692,non functional
41001,functional
21049,functional needs repair
56584,functional
47059,non functional
68740,non functional
5961,functional
9357,non functional
62065,functional
42306,non functional
43773,functional
49501,functional
40295,functional
50284,functional needs repair
3447,non functional
68024,non functional
19814,non functional
41730,non functional
14800,non functional
28935,non functional
19330,functional
10657,functional
56085,non functional
9982,non functional
70345,non functional
32504,non functional
12796,functional
22179,non functional
65173,functional
11281,functional
9135,functional
157,non functional
28483,functional
57720,functional needs repair
58488,functional
9078,non functional
12344,non functional
28322,non functional
25936,functional
46103,functional
39519,functional
59795,non functional
28949,functional
37339,functional
28911,functional
68246,functional needs repair
6793,non functional
43521,functional
71034,functional
9302,non functional
48667,non functional
1212,non functional
23858,non functional
41829,non functional
66897,functional
64080,non functional
50347,functional
25362,functional
39488,functional
39208,functional
65007,functional
38198,non functional
47014,functional
4063,non functional
14397,non functional
69702,functional
27942,functional
25396,functional
31168,functional needs repair
32126,non functional
50474,functional
64468,non functional
23441,non functional
17673,functional needs repair
7666,functional
40422,functional needs repair
9104,non functional
5611,functional
19969,functional
64088,functional needs repair
37652,functional needs repair
55301,non functional
22175,functional
5265,functional
61816,non functional
55817,non functional
59787,non functional
37629,functional
49799,non functional
16329,functional
64790,non functional
66719,functional
70885,non functional
25450,functional needs repair
5309,functional
45293,functional
8750,functional
24780,functional
31979,functional
56321,functional needs repair
7887,functional
53537,functional
19227,functional
17567,non functional
64976,functional
48408,functional needs repair
19852,non functional
62563,non functional
69850,non functional
50950,non functional
4996,functional needs repair
485,functional
49644,non functional
5403,functional
64819,non functional
24370,functional
4286,functional
10857,non functional
52542,non functional
15757,non functional
1803,non functional
54444,functional
38910,functional
14439,functional
58639,functional
12604,functional
38803,non functional
42503,non functional
44671,functional
32090,functional
64766,functional
7058,functional
60106,non functional
31579,functional
54097,functional
28626,functional
59328,non functional
72090,functional needs repair
64133,functional
48737,functional
26784,functional needs repair
72198,functional
18870,functional
39557,non functional
60,functional
49708,non functional
30421,non functional
7953,non functional
26416,functional
38418,non functional
56068,functional
48909,functional
35238,functional
62057,functional
41982,functional
63933,functional
35801,non functional
27822,functional
45532,non functional
33860,functional
25610,non functional
4647,functional
9198,functional
46017,non functional
39972,functional
60032,non functional
6586,functional
66973,non functional
64284,non functional
40948,functional
6195,non functional
18752,functional
60146,functional
17226,non functional
32256,functional
73598,functional
55592,functional
68040,functional
39704,non functional
8169,non functional
65692,functional
62546,functional
35983,non functional
3914,non functional
61299,non functional
14481,non functional
69210,functional
42667,non functional
72200,functional
22890,functional
42977,non functional
31939,non functional
56233,non functional
46736,functional
56680,functional
48177,functional
30343,non functional
12991,non functional
27582,non functional
28309,functional
18626,non functional
44598,functional
65255,non functional
50628,functional
69377,non functional
16573,non functional
69943,non functional
17899,functional
65997,functional
35524,non functional
57540,functional
34818,functional
9934,functional
15659,functional
17667,functional needs repair
10665,non functional
33209,functional
9297,functional
47164,functional
14502,non functional
22403,functional
42077,functional
12917,non functional
24225,non functional
32447,functional
7542,functional
45891,functional needs repair
32925,functional needs repair
47501,non functional
57215,non functional
51568,functional
17556,non functional
62216,functional needs repair
68105,functional
11266,non functional
11973,non functional
56773,non functional
56977,functional
33595,functional
13699,functional
4255,functional
264,non functional
41236,non functional
68745,non functional
6846,non functional
745,functional
59179,functional
30871,functional
18810,non functional
7162,functional
1623,functional
58343,functional needs repair
1861,functional needs repair
18926,functional
43567,non functional
37201,non functional
35261,functional
28199,functional
53878,non functional
53500,functional
4561,functional needs repair
64263,functional
40240,functional
29406,functional
73552,non functional
64351,non functional
22426,functional
8181,non functional
10875,functional
69394,non functional
71938,non functional
31374,non functional
46752,functional needs repair
26858,non functional
53094,non functional
30755,functional
50622,non functional
60130,non functional
34912,non functional
4134,functional
69980,functional
53190,functional needs repair
61210,non functional
54984,non functional
38737,functional
58339,functional
19956,functional needs repair
47209,functional
45303,non functional
71156,functional
23079,functional
52318,functional
38626,functional
57117,functional
3995,non functional
50374,functional needs repair
36980,non functional
46558,functional
68323,functional needs repair
59112,non functional
62597,functional
19513,non functional
14526,non functional
69963,non functional
39507,functional
68449,functional needs repair
35925,functional
69519,functional
46090,non functional
14279,functional
3214,functional
20188,non functional
32041,functional
18271,functional
26576,functional
5872,non functional
42677,non functional
51052,non functional
32341,non functional
27356,non functional
58840,non functional
6283,functional needs repair
70907,functional
1860,functional
52300,functional
68444,non functional
12298,non functional
69244,functional
21880,functional
50464,non functional
26457,functional
58495,non functional
46670,functional
62041,functional
67246,functional
64372,non functional
42671,functional needs repair
69112,non functional
42370,non functional
70428,functional
29346,non functional
22038,non functional
31415,non functional
47709,functional
19638,functional
59424,functional
36873,functional
12762,non functional
54575,non functional
64419,functional
72357,functional
45556,functional
32425,non functional
22467,non functional
26133,functional
15711,functional
38037,non functional
17171,functional
2347,functional needs repair
25283,functional
26004,functional needs repair
16917,functional
62454,functional
1914,functional needs repair
41399,non functional
23874,functional
31259,non functional
33418,non functional
4222,functional
67424,functional
57590,functional
58356,functional
5839,functional
7221,non functional
29720,functional
39116,non functional
61251,functional
1180,functional
40373,functional needs repair
54698,functional
72321,non functional
7051,non functional
52820,functional
24530,non functional
53408,functional
59968,functional
33570,functional
12663,non functional
9689,functional
13200,functional
55816,functional
3379,non functional
7597,functional
21864,functional
13643,functional
21141,functional
40220,non functional
55309,functional
17315,functional
68212,non functional
28656,functional
38475,functional
2563,functional
60996,functional
40870,functional
15169,functional
70530,functional
62139,functional
29773,functional needs repair
32435,non functional
42086,functional
30126,non functional
25896,functional needs repair
11810,non functional
19342,non functional
45242,functional
26467,functional
12467,functional
29974,non functional
3918,non functional
24221,functional
1842,non functional
28346,non functional
53313,functional
18457,functional
56993,functional
23235,non functional
37105,functional needs repair
7416,functional
27445,functional
16327,functional needs repair
65012,non functional
47160,non functional
66117,functional
39254,non functional
15949,non functional
3368,non functional
45617,functional
8776,functional
74214,non functional
3854,non functional
16806,functional
71192,non functional
15301,non functional
20023,functional
13343,non functional
11031,functional needs repair
3195,functional
8804,functional
47091,functional
40833,non functional
55373,functional
52745,non functional
2828,non functional
34512,functional needs repair
4529,functional
48817,functional needs repair
45737,functional
63445,non functional
55160,functional
57420,non functional
19741,functional
43459,functional
41979,non functional
11119,functional
37117,non functional
53399,non functional
34944,non functional
25899,functional
8091,functional
18755,functional
68083,functional
1852,non functional
38032,functional
19949,non functional
16642,functional needs repair
60124,non functional
27550,non functional
62199,non functional
28455,functional
55000,functional needs repair
66112,non functional
17516,functional
37426,non functional
46636,functional
39053,functional
34655,functional
7878,non functional
2234,functional
13788,functional
33197,non functional
5391,functional
2501,functional
58282,functional
50048,functional needs repair
37605,non functional
28992,functional
13670,functional needs repair
24404,non functional
57748,functional
1059,functional
7925,functional
37371,functional
8749,functional
56562,non functional
41298,functional
61587,non functional
4495,functional
23444,functional
33555,functional
36607,non functional
22482,functional
56006,non functional
68520,functional needs repair
4232,functional
35349,functional
6942,non functional
4554,functional
32429,functional
32481,functional
50947,non functional
60611,non functional
1763,functional needs repair
38422,functional
51327,functional
1427,functional
28491,functional
38250,functional
66478,non functional
16437,functional
59330,functional
31132,functional
17319,functional
19608,non functional
12525,non functional
29990,non functional
72729,functional
41931,functional
46529,non functional
42607,functional
44800,functional
4409,functional
42270,non functional
63106,functional
3303,functional needs repair
61868,functional
36363,functional
40178,functional
54324,functional
69162,functional
2537,functional needs repair
54705,functional
49179,functional
22879,functional
30039,non functional
37135,non functional
27983,functional
71943,non functional
8052,functional
38366,functional
34150,non functional
49199,functional
34106,functional
39801,non functional
18590,functional
64551,functional
56007,functional
57673,non functional
9885,functional
729,non functional
39521,non functional
60938,non functional
11523,non functional
16820,functional
72746,non functional
26381,functional
41674,functional
53109,non functional
40093,functional
63715,functional
31901,functional
2817,non functional
14052,non functional
33407,functional
1054,non functional
72463,functional
32200,functional
69946,non functional
42992,non functional
7485,functional
64310,functional
14588,functional
19734,functional
51980,functional
50331,functional
12207,functional
34673,functional
64616,functional
33419,non functional
64489,non functional
18566,non functional
30180,non functional
67175,non functional
63637,functional
36822,functional
66999,non functional
10515,non functional
9535,functional
900,non functional
71891,functional
63174,non functional
53386,functional
64190,functional needs repair
30470,functional
61464,functional
24169,non functional
58027,functional
27818,functional
24482,non functional
26658,functional
69497,non functional
20302,functional
51761,functional
44289,functional
12775,functional
9204,non functional
58695,functional
12838,functional
38197,non functional
20220,functional
5154,non functional
55501,functional
43566,non functional
69722,functional
24484,non functional
69885,functional
34846,functional
48693,functional
45966,functional
23629,functional
62783,functional
14389,functional
16555,functional
32152,non functional
30911,non functional
27597,non functional
7125,non functional
52429,non functional
32398,non functional
71641,functional needs repair
58448,functional
55553,functional
11491,functional
67191,functional
8076,functional
59220,functional
58661,non functional
14137,non functional
22884,non functional
28179,functional
11091,functional
11721,functional
44550,non functional
62394,non functional
10130,non functional
7744,functional
72511,non functional
10255,non functional
48870,functional
926,non functional
18673,functional
17322,non functional
73494,functional
5581,non functional
17848,non functional
57298,non functional
37717,functional needs repair
5277,functional
70948,functional
1275,non functional
67929,non functional
15881,functional
23766,functional
7945,functional
64225,functional
6204,non functional
13657,non functional
66280,functional
19861,non functional
4516,functional
8535,non functional
48311,functional
28664,functional
70065,functional
25381,non functional
57826,functional
9998,functional
3405,non functional
27308,functional
3572,functional
16946,non functional
45800,non functional
32644,non functional
52797,functional needs repair
4726,functional
26767,non functional
39110,functional
15198,functional
13960,non functional
1810,functional
54792,functional
36885,non functional
65571,non functional
58959,functional
18317,non functional
39371,functional
54472,functional
42968,non functional
60701,non functional
40037,functional
68194,functional
23754,non functional
859,non functional
23464,non functional
24052,functional
61038,non functional
46361,functional
6851,functional
3821,non functional
5918,functional needs repair
39239,non functional
6092,functional
32834,functional
6013,functional
54052,non functional
37296,functional
33865,functional
72312,functional
47373,functional
8522,functional needs repair
21273,functional
54176,functional
73935,functional
74001,functional
4057,non functional
63965,non functional
24190,non functional
9021,functional
73586,functional
26284,functional
18871,non functional
21792,non functional
27226,non functional
73566,functional
31664,non functional
25355,non functional
38669,functional
61597,non functional
4455,non functional
67919,functional
44602,functional
44345,non functional
8665,functional
54618,non functional
35586,functional
7059,non functional
6523,non functional
28790,functional needs repair
72936,functional needs repair
41144,functional
2552,non functional
55957,non functional
8233,functional
5877,non functional
14816,functional
1975,non functional
65401,functional
73822,functional needs repair
55716,functional needs repair
63191,functional needs repair
38913,functional
20701,non functional
29233,functional
23277,functional
43228,non functional
51896,non functional
9172,non functional
33296,functional
67969,non functional
40239,functional
74042,functional
1874,functional
35185,functional
50240,functional
34991,functional needs repair
68615,non functional
42807,functional
24065,functional needs repair
54050,functional
62445,functional
15899,functional
3396,functional
16744,non functional
41311,non functional
47865,non functional
43516,non functional
41957,functional
32194,non functional
17172,functional
5873,non functional
34493,non functional
48248,functional
54741,non functional
41626,functional
69760,functional
735,functional
30723,functional
20168,functional
44725,functional
63664,functional
22648,functional
41413,non functional
62969,non functional
66062,functional
6813,functional
54812,non functional
65918,functional
17364,non functional
63588,non functional
16433,functional
13178,functional
7522,functional
33433,functional
19674,functional
57652,non functional
40515,functional
8841,non functional
24510,functional needs repair
3729,non functional
62366,functional
26475,non functional
13104,functional
8481,non functional
63956,non functional
22278,functional
7008,functional
35234,non functional
16208,non functional
67482,functional
55741,functional
31501,functional
31559,functional
16387,functional
16959,functional needs repair
71833,functional
29038,functional
56450,functional
36988,functional
10222,non functional
64797,functional
28379,non functional
22985,non functional
6322,non functional
29886,functional
52536,non functional
35493,non functional
49012,functional
63746,functional
51096,non functional
9608,functional
40082,non functional
42857,functional
34059,functional
57622,functional needs repair
72828,functional
30625,functional
69256,non functional
54188,non functional
39757,non functional
11326,non functional
64097,non functional
58538,functional
58144,functional needs repair
65840,non functional
5648,non functional
59093,non functional
11363,functional
27534,functional
5365,functional
63354,functional
42120,non functional
46854,functional
66757,non functional
33945,functional
34853,non functional
48135,non functional
63028,functional
72038,non functional
37157,non functional
7513,functional
13537,non functional
45282,non functional
6955,functional needs repair
12314,functional
64136,functional
39228,functional
11022,non functional
44040,non functional
30259,functional
27017,functional
43957,functional
68720,functional
15543,non functional
41529,functional
63041,functional
68753,non functional
37275,functional
25023,non functional
19357,functional needs repair
29881,non functional
44290,functional
40535,non functional
6741,non functional
2749,functional
37146,functional
28096,functional
73339,non functional
6479,functional
12338,non functional
17906,functional
72871,functional
48979,functional
54760,functional
16142,functional
39987,functional
40984,non functional
23508,non functional
64208,functional
34629,functional
15016,non functional
17366,functional
60042,functional needs repair
58254,non functional
66369,non functional
47069,functional
44304,functional
51657,non functional
24741,functional
17343,functional
5384,non functional
3843,functional
42379,functional
47275,functional
7383,functional needs repair
34491,functional
32799,non functional
11309,functional
65543,non functional
2274,functional
69817,functional
55693,non functional
71015,non functional
51536,functional
14202,functional
69914,functional
26774,non functional
50604,non functional
23646,functional
12928,functional
10428,non functional
30424,non functional
45318,functional
22475,functional
463,functional
24963,functional
18236,non functional
21026,non functional
51352,functional
26692,functional needs repair
61457,functional needs repair
73510,functional
26520,functional needs repair
29214,non functional
7571,functional
17429,non functional
38652,functional
16307,functional
30621,functional needs repair
62153,non functional
49361,non functional
28933,functional
12241,functional
19574,functional needs repair
7420,non functional
61600,non functional
47892,functional
30746,functional
6821,functional
34128,functional
37209,non functional
19700,functional needs repair
15883,functional
42012,functional
62379,functional
68535,non functional
30208,functional
53696,functional
57105,non functional
8928,non functional
42017,non functional
12558,non functional
37753,non functional
30590,non functional
1491,functional
66636,non functional
27007,functional
5180,non functional
37284,functional
16930,functional needs repair
60908,functional
54258,non functional
62326,non functional
58391,non functional
67706,functional
56705,functional
55709,functional
23088,functional
43202,functional
19148,functional
9196,functional needs repair
20505,non functional
14540,functional
38796,functional
32766,functional needs repair
21278,functional
40259,functional
50688,non functional
9084,functional needs repair
40016,functional
1110,functional
47957,functional
4278,functional
40985,non functional
29969,non functional
47330,non functional
65227,functional
43710,functional
46183,non functional
69365,non functional
20840,non functional
44956,functional
10339,functional
48705,functional needs repair
21301,functional
20675,functional needs repair
22301,functional
5599,non functional
14306,non functional
12348,functional
21448,non functional
62183,functional
9310,functional
3075,non functional
3579,non functional
17881,functional
16833,functional
57587,functional
20862,functional
26809,functional
48779,functional needs repair
29597,functional
47520,functional
29321,functional
43297,functional
62762,functional
778,non functional
28415,functional needs repair
71822,functional
63823,functional
55252,non functional
49551,functional
47904,functional
14960,functional
51069,functional
5517,functional
40808,non functional
62727,non functional
58219,functional
59876,functional
46945,non functional
16913,functional
37764,functional
8567,non functional
73640,functional
74107,non functional
53525,functional
62440,functional
21242,functional
70064,functional
42622,functional
29337,functional needs repair
36823,non functional
5857,non functional
24688,functional
24376,functional
14060,functional
25876,non functional
70699,functional
9163,non functional
25384,non functional
51636,functional
29118,functional
62723,functional
27376,functional
9221,non functional
52144,non functional
26366,non functional
48186,non functional
59303,functional
62455,functional
24575,functional
48944,functional
25595,functional
36303,non functional
17590,functional
30524,non functional
10270,functional
52019,functional
43693,non functional
40497,functional
32215,non functional
27925,non functional
69223,non functional
44068,functional
72754,functional
61329,functional
37012,non functional
27177,non functional
35275,functional
32719,functional
53175,non functional
62340,functional
37815,functional needs repair
12475,non functional
52666,non functional
59677,functional
62595,functional
31119,functional
20281,functional
58971,functional needs repair
18559,non functional
5992,functional
39596,functional
17739,non functional
43075,non functional
8212,functional
14542,functional
44749,functional
29683,functional
61516,functional
63183,non functional
39262,functional
44096,functional
25015,functional needs repair
73300,functional
51933,functional
112,non functional
9032,functional
69081,functional
16212,non functional
16967,functional
19399,non functional
2126,functional
52804,functional
10835,functional
72921,non functional
68625,functional
23269,non functional
22652,functional
13154,non functional
23843,non functional
11565,functional
14237,non functional
54242,non functional
18140,non functional
17934,functional
37954,non functional
70938,non functional
7959,non functional
52034,functional
16772,non functional
41742,non functional
38896,functional
15006,functional
33083,functional
45476,functional
55668,non functional
20841,non functional
2243,functional
42004,functional needs repair
53828,non functional
57329,non functional
1115,functional
5469,functional needs repair
64978,functional
51547,non functional
70249,functional
61849,functional
2202,functional
15174,non functional
45975,non functional
64650,functional
28763,functional
44152,functional
34160,functional needs repair
56205,non functional
65270,functional
24543,functional
23822,functional
16081,functional
67199,functional
13005,non functional
55047,functional
22762,functional
24526,functional
48175,non functional
62576,functional
31962,functional
51066,functional
1168,functional
11581,non functional
45087,non functional
67180,functional
1586,non functional
1829,functional
73409,non functional
12083,functional needs repair
31411,non functional
55919,functional
49975,functional
70444,non functional
6731,non functional
24176,non functional
65480,functional
43169,non functional
68234,non functional
23077,non functional
7792,functional
18081,functional
50052,functional
31498,non functional
54415,functional
57401,functional
63495,functional
42105,functional
53080,non functional
17553,functional
58389,non functional
46518,functional
8361,functional
73471,non functional
23708,non functional
18011,non functional
45855,functional
70003,non functional
25966,functional
10371,functional
15666,functional needs repair
53418,non functional
7752,functional
2133,non functional
22831,non functional
2583,non functional
40514,functional needs repair
54679,functional needs repair
57857,functional needs repair
42334,functional
14794,non functional
18363,functional
56941,functional
66396,non functional
48587,functional
54674,functional
18131,functional
26226,non functional
51065,functional
56534,functional
7668,functional needs repair
30258,functional
64215,functional
59565,functional
25718,functional
37514,functional
70247,non functional
39839,functional
4776,functional needs repair
23711,non functional
15528,non functional
71686,functional
14815,non functional
6243,non functional
12551,functional
10242,non functional
25277,functional needs repair
68727,functional needs repair
65037,functional
5631,functional
23892,non functional
21737,functional
44097,functional
36085,non functional
41389,non functional
67054,non functional
47177,functional
54465,functional
35421,functional
4197,non functional
40656,non functional
39739,functional
57898,non functional
18232,functional needs repair
39879,functional
74131,non functional
27900,functional
49876,non functional
50955,functional
49084,functional
28667,functional
64663,functional
49220,functional
68316,functional
45890,functional
10983,functional
13212,non functional
30073,non functional
630,non functional
19090,functional
43001,functional
66103,functional needs repair
17603,functional
46546,functional needs repair
29457,functional
46600,functional needs repair
48110,non functional
59321,non functional
45427,non functional
27685,functional
73960,non functional
27009,functional
24694,functional
73696,functional
74079,functional
53460,functional
17335,non functional
21110,functional
54613,non functional
3713,non functional
10815,non functional
63188,functional
19402,non functional
13353,functional
65096,non functional
67882,non functional
20914,non functional
52185,non functional
67649,non functional
7526,non functional
13023,functional
65995,functional
11117,functional
12515,functional needs repair
19507,functional
41120,non functional
4407,non functional
64320,non functional
17725,non functional
52272,non functional
67338,functional
13499,non functional
29793,functional
25758,functional
27272,functional
53397,non functional
36764,functional
694,functional needs repair
20894,functional
14343,non functional
68006,functional
21428,non functional
46711,non functional
10175,functional
41960,functional
23189,functional
66450,functional
31924,functional needs repair
29503,functional needs repair
30760,functional
52965,non functional
43767,functional
9927,functional
67748,non functional
73550,functional
20542,non functional
34235,non functional
25920,functional
37393,non functional
60198,non functional
40420,non functional
50246,functional
25365,non functional
40232,functional needs repair
70403,functional
39655,functional needs repair
53947,functional
12094,functional
36717,functional needs repair
6106,functional
69411,non functional
38461,non functional
38021,non functional
50812,functional
19788,non functional
66335,non functional
2058,functional
19699,non functional
40296,non functional
27719,non functional
1669,non functional
53938,functional
12381,non functional
52599,functional
41208,functional
40687,non functional
70096,functional
73308,non functional
47099,functional
58619,non functional
35468,non functional
36251,functional
40148,functional
38288,functional
30236,functional
58245,non functional
51712,functional
36808,functional needs repair
46757,non functional
6096,functional
41974,functional
35339,functional
44036,non functional
28056,functional
25511,non functional
59896,non functional
23732,functional
19900,functional
14952,non functional
5518,non functional
7374,functional
35155,functional
40083,functional
44950,functional
19106,functional
19624,functional
36754,functional
40399,non functional
29679,functional
17173,non functional
2834,non functional
51729,functional
41694,functional
55745,non functional
21196,non functional
43243,functional
44705,functional
12219,functional
74219,functional needs repair
57680,non functional
69771,non functional
31545,functional
59940,functional
5602,functional
38505,non functional
42931,non functional
68327,functional
27558,non functional
4396,functional
52771,non functional
27278,non functional
18754,non functional
28616,functional
2405,functional
58555,functional
8289,non functional
31309,functional
17137,functional
7168,functional
9081,functional
21980,functional
10976,non functional
37256,non functional
37718,functional
62735,non functional
38033,functional
23916,non functional
69343,functional
57854,functional
56693,non functional
5994,non functional
32875,functional
68676,non functional
875,non functional
18916,non functional
42430,non functional
1990,non functional
60555,functional needs repair
53942,functional needs repair
67158,functional
25951,non functional
60354,functional
76,functional
37863,functional
27150,non functional
35231,functional
8865,non functional
1442,functional
47441,functional
58822,non functional
31935,functional
30123,non functional
56660,functional
48839,functional
3704,functional
57342,non functional
51326,non functional
65665,non functional
59588,non functional
50398,functional
63097,non functional
20395,non functional
10736,functional
61392,functional
11533,non functional
1728,functional
6951,functional
9765,functional
50434,functional
71488,non functional
66655,functional
30766,functional
36387,functional
11313,non functional
50074,functional
944,non functional
4764,functional
16002,functional
48391,functional
3278,non functional
24181,functional
18499,functional
11284,functional
17167,functional
57909,non functional
35915,functional
9540,functional
21056,functional
73162,non functional
32491,functional
29989,functional
11442,functional
41985,functional needs repair
16480,non functional
9368,functional
1757,functional
6567,non functional
5139,non functional
41825,non functional
64358,functional
23869,non functional
37365,functional
61424,functional
62024,non functional
59223,functional
26803,non functional
55414,functional
31449,non functional
5678,non functional
49903,non functional
58346,functional needs repair
32608,functional
35394,functional
53972,functional needs repair
9108,non functional
34659,non functional
38105,non functional
47516,non functional
18156,functional
62266,non functional
57061,functional
58436,functional
53300,non functional
25148,functional
73101,non functional
45679,functional
54887,functional
69132,functional
46356,functional
24713,functional
36328,functional
36272,functional
13687,non functional
16205,functional
34919,functional
46313,functional
73749,non functional
6790,functional
5890,functional
29796,non functional
2773,functional
4600,non functional
5129,non functional
29373,non functional
3647,non functional
2698,functional
22230,functional
72097,non functional
14317,functional
28165,functional
15328,functional
41921,functional
32145,functional
15029,functional needs repair
55426,functional
400,non functional
68043,functional
56040,functional
22305,functional
27409,functional
7261,non functional
35895,non functional
4144,functional
19404,functional
42528,functional
72093,functional
20755,functional
70144,functional
40727,functional
36718,functional
3126,functional
20493,non functional
33903,functional
9630,non functional
62860,non functional
38861,functional
15222,non functional
61073,non functional
37970,functional
56578,non functional
1280,functional
12827,functional
45838,functional
35544,functional
28414,non functional
5450,non functional
31618,functional needs repair
69766,non functional
26869,non functional
4497,functional
2750,non functional
35140,non functional
23373,functional
26822,functional
5320,functional
43941,functional needs repair
50230,non functional
27850,functional
62489,functional
41266,non functional
60109,non functional
50824,functional needs repair
46709,non functional
32789,functional
43703,non functional
50903,functional needs repair
25276,functional
73025,functional
25160,functional
51235,functional
11016,functional
34143,non functional
71113,non functional
42756,functional
62334,functional
12678,non functional
43723,functional needs repair
43354,functional
10213,functional
22980,functional
17044,functional
3623,non functional
43095,functional
64736,functional
66867,non functional
24995,non functional
68110,non functional
6782,functional needs repair
35105,functional
65475,functional
66111,functional
13991,functional
56445,functional
21883,non functional
9300,functional needs repair
68811,functional
39385,non functional
36837,functional
43026,functional
1179,functional
54882,functional needs repair
67429,functional needs repair
50118,functional
20099,functional
73998,functional
42345,functional
17497,functional
16758,non functional
74197,functional
51249,non functional
28197,non functional
65890,functional
28305,non functional
53961,functional
50194,non functional
33074,non functional
66101,functional
1050,non functional
54904,non functional
59837,functional
20221,functional
17639,functional
5442,functional needs repair
46814,functional
14132,functional
41755,functional
40485,functional
66647,functional
58021,non functional
434,functional
20421,functional
58284,functional needs repair
64065,functional
12251,non functional
62697,functional
27059,functional
47374,functional needs repair
69004,non functional
53145,functional
73084,non functional
24962,functional
32199,functional
29986,functional needs repair
21480,functional
25107,functional
52864,non functional
52643,non functional
67238,functional
59273,non functional
11562,functional
39623,non functional
43394,functional
73195,functional
15743,non functional
43492,functional needs repair
43285,non functional
20888,non functional
20692,functional
60686,non functional
45801,non functional
48115,functional
73626,functional
53316,functional needs repair
13896,functional needs repair
47939,functional needs repair
20722,functional
26516,non functional
24445,non functional
27163,functional
73394,functional
22771,non functional
54085,functional
15288,non functional
38404,non functional
27290,non functional
42505,functional needs repair
24905,functional
50366,functional
60770,functional
9524,non functional
31607,functional
35405,functional
3112,non functional
21269,functional
42449,non functional
24237,functional needs repair
67339,non functional
7804,functional
64721,functional
39026,functional needs repair
68663,functional
33776,functional
45065,functional
26604,functional needs repair
57327,non functional
40588,functional
48675,functional
11862,functional
4292,non functional
60394,non functional
60058,functional
55584,functional
45314,functional
13983,non functional
70024,functional
9293,functional
67278,non functional
70581,functional
49657,non functional
35582,functional
11371,non functional
13840,non functional
23582,non functional
16250,functional needs repair
5191,functional
13027,non functional
13653,non functional
25104,functional
25680,functional
32804,functional needs repair
56772,functional needs repair
53610,non functional
56776,functional needs repair
9208,functional
8153,functional
65258,functional
34407,non functional
66049,non functional
24911,functional
24724,functional
51082,non functional
25369,functional
17431,functional
4126,functional needs repair
25735,non functional
8679,non functional
41050,non functional
72248,functional
44067,functional
27337,functional
17730,functional
68841,functional
11682,functional needs repair
12976,functional
61303,functional
49504,functional
20768,functional
37024,non functional
42075,functional
68931,functional
27379,functional
54495,non functional
54137,functional
44508,non functional
46793,non functional
33067,non functional
45036,functional
55623,non functional
39264,functional
11611,non functional
40695,functional
46027,functional needs repair
36806,functional
14345,non functional
60922,non functional
46629,functional
10323,functional needs repair
39938,functional
51778,functional
15605,functional
61556,non functional
21067,functional
36176,non functional
70797,functional
29126,non functional
3203,non functional
22432,non functional
52046,non functional
7994,non functional
60634,functional
31680,non functional
43527,functional
57881,functional
46735,functional
12452,non functional
10932,functional
56305,non functional
9367,functional
13377,non functional
1769,non functional
53196,functional
27896,non functional
63257,functional
36610,non functional
61801,functional
53584,non functional
17975,functional
39674,non functional
40577,functional
1594,functional
66401,functional
25306,functional
3488,functional
49466,functional
58953,functional
39681,functional
15688,functional
37919,non functional
34388,non functional
1820,non functional
11984,non functional
14997,functional
55305,non functional
49,functional
72345,non functional
12060,functional
34142,non functional
71111,non functional
937,non functional
14904,functional
25421,functional
32318,functional
40254,non functional
4353,functional
53989,functional
38558,non functional
20003,non functional
69835,functional
22571,non functional
73865,functional
26029,functional
4990,non functional
54090,functional
9556,non functional
4444,functional
12315,non functional
52028,non functional
22448,functional
59208,functional
70049,functional
37454,functional
27913,non functional
71393,non functional
31800,functional
1601,functional
55195,functional
65867,functional
73296,non functional
57663,functional
31838,functional needs repair
18675,functional needs repair
26758,functional
46102,functional
1452,functional
10530,non functional
48753,non functional
16314,functional
12195,non functional
69373,non functional
62444,functional needs repair
14258,functional
9343,functional needs repair
26301,functional needs repair
61347,functional
54201,functional
8627,non functional
41470,functional
55151,functional
68144,non functional
16884,functional
68818,non functional
32348,non functional
74025,functional
6494,functional
53554,non functional
49189,non functional
19253,non functional
47032,non functional
63686,non functional
37975,non functional
1064,non functional
15920,non functional
60490,functional
31192,functional
51369,non functional
69172,non functional
40104,functional
66701,functional
35991,non functional
69683,functional
27839,functional
8476,functional
8708,functional
6433,functional
65385,non functional
30883,non functional
70010,functional
9762,functional
71429,functional
48770,functional
72085,non functional
60102,non functional
5809,non functional
39800,functional
4380,functional
52746,functional
1729,non functional
47331,functional needs repair
18434,functional
29713,functional
14045,functional
20870,functional
52890,non functional
71473,functional
13235,non functional
2188,non functional
68819,non functional
46188,non functional
67204,non functional
74020,non functional
52322,functional
20030,functional
50486,functional
36687,functional
31098,non functional
19821,functional
24572,functional
18413,functional
35056,functional
11627,non functional
51892,functional
22525,functional
27840,functional
55750,functional needs repair
3906,functional
45379,functional
58645,non functional
53534,functional
52251,non functional
33440,non functional
18677,functional
6919,functional
68189,non functional
12113,functional
51237,functional
29460,functional
65359,functional
10985,functional
55224,functional
67899,non functional
29012,functional
65084,non functional
15636,functional
64152,functional
32815,functional
34266,functional
48679,functional
15826,non functional
13317,functional
30405,functional
36686,functional
38778,functional needs repair
72037,non functional
23849,functional
53833,functional
54321,functional
17112,functional
53825,functional
23685,functional
63631,non functional
64543,functional
62613,functional
386,functional
18164,functional needs repair
61583,functional
62700,functional
8891,non functional
11021,functional
13033,non functional
68610,functional
64594,functional
1752,functional
19967,functional
45755,functional
38639,non functional
17605,functional
61063,non functional
26985,non functional
63207,functional
10423,functional
22497,functional
15922,functional
3090,non functional
27432,functional
42642,functional
8620,functional needs repair
38967,functional
25784,functional
29926,non functional
38862,functional needs repair
22560,functional
48313,functional
29641,functional
25710,functional
30863,functional
8159,functional
68171,non functional
47602,non functional
19474,functional
46019,functional
48867,functional
63772,functional
13316,non functional
65721,functional
48821,non functional
23632,non functional
16578,functional
54728,non functional
65251,non functional
73926,non functional
42561,functional
73721,non functional
39193,functional
22054,non functional
65527,functional
951,functional needs repair
1249,non functional
17427,functional
32782,functional
72989,non functional
24734,non functional
71141,functional
13950,non functional
70194,functional
48340,functional needs repair
7271,functional
46110,non functional
29971,non functional
6881,functional
59740,non functional
68503,functional
33490,functional
541,non functional
15069,functional
46769,functional needs repair
8295,non functional
59414,non functional
52347,functional
65311,functional
68291,functional
61120,functional
2441,non functional
53216,functional
12179,functional
40806,functional
26870,non functional
22949,functional
52988,non functional
36631,functional
69473,non functional
35334,functional
45163,non functional
17342,functional
60135,functional
13823,functional needs repair
66526,functional
6528,functional needs repair
17426,functional
57852,non functional
65656,non functional
61663,functional
29629,functional
39622,non functional
8113,non functional
57980,non functional
54296,functional
27879,non functional
20103,functional
2901,non functional
64810,functional
31641,non functional
73211,non functional
12222,functional
36168,functional
38855,non functional
51425,functional
44107,functional
69027,functional
51160,functional
44057,non functional
73322,functional
3119,non functional
9821,functional
72589,functional needs repair
73017,functional
9706,functional
40823,non functional
65554,functional
17665,functional
18795,non functional
64788,functional
23060,functional
66940,non functional
33807,functional
50522,non functional
61806,functional
18659,non functional
31726,non functional
72732,functional
22029,functional
68699,non functional
33751,non functional
10613,non functional
70203,functional
59931,functional
5423,non functional
8645,functional
3530,functional
30571,non functional
17095,functional
12801,functional
14887,functional
49059,functional
26288,functional
21988,functional
44717,non functional
73160,functional
60364,functional
24965,functional
72172,functional needs repair
63160,functional
10748,non functional
34234,non functional
66069,functional needs repair
24978,functional
44721,non functional
20938,non functional
9068,functional
3247,non functional
49140,non functional
34292,functional needs repair
63662,functional
34450,functional
64098,non functional
20478,non functional
24234,non functional
18830,functional
15160,functional
32372,functional
8694,functional
51774,non functional
72609,functional
49668,functional
45998,functional
28265,functional
63577,functional needs repair
11839,functional
59649,functional
41980,functional
2979,non functional
68474,functional
3934,functional
9237,functional
14771,non functional
43935,non functional
7745,functional
68566,non functional
6457,functional
30783,non functional
6757,functional
66793,non functional
36645,functional
37560,functional
24321,non functional
20359,functional
42884,functional
18557,functional
62295,functional
62346,non functional
13417,non functional
33820,functional
67861,functional
66361,functional
14676,functional
57462,functional needs repair
16708,functional
2409,non functional
34658,non functional
27968,functional
70393,non functional
15833,functional
74058,functional needs repair
287,functional
16333,functional
54876,non functional
72696,non functional
70814,non functional
2410,functional
32638,functional
6720,non functional
67917,functional
40843,non functional
71112,functional
45661,non functional
6482,functional
59804,non functional
73947,functional
41632,functional
61036,non functional
74213,non functional
58594,non functional
57582,functional
22959,functional
21203,non functional
16096,functional
1555,functional needs repair
61695,functional
42420,non functional
46250,functional needs repair
60669,non functional
21441,functional
48734,functional
55591,functional needs repair
60148,functional
6007,functional
1683,functional
58816,functional needs repair
2047,functional
56154,functional
65139,functional
59149,functional
56636,non functional
49607,functional
61529,non functional
58647,functional
48405,functional needs repair
38213,functional needs repair
2112,non functional
34551,functional
6653,non functional
71315,functional
5147,functional needs repair
43973,functional
12392,functional
49525,functional
66804,non functional
37742,functional
8615,non functional
66439,non functional
476,functional
479,functional
56487,functional
43835,functional
61005,functional
32248,functional
63899,non functional
52477,functional
73411,functional
43815,functional
518,functional
73384,non functional
60571,non functional
55662,functional
40745,non functional
45609,functional
60587,non functional
48535,functional
36644,non functional
67083,functional
4048,functional
44169,non functional
45520,non functional
22824,non functional
30582,non functional
43638,non functional
13184,functional
50528,functional
10741,functional
3715,functional
7109,functional
64598,functional
58641,functional
6706,functional
20225,functional
10942,non functional
42915,functional
57834,functional
58590,functional
32751,non functional
57739,functional
3358,non functional
51209,non functional
74233,functional needs repair
72449,non functional
43853,functional
8453,non functional
2806,non functional
69542,functional
49134,functional needs repair
34781,functional
13534,functional
61332,functional
30028,non functional
63722,functional
44398,functional needs repair
20488,non functional
4289,functional
65562,functional
40404,functional
17652,functional
58452,non functional
67102,functional
68045,non functional
42935,functional needs repair
763,non functional
72861,non functional
43101,functional
26115,functional
44235,functional needs repair
65148,non functional
66665,non functional
12819,functional
72833,functional
69959,non functional
55895,functional
65519,functional
54034,functional
5590,functional
28709,functional
1293,functional
33941,functional
8297,functional
51862,functional
349,functional
36275,non functional
36082,functional
70971,functional
60425,non functional
56972,functional
20590,non functional
43085,functional
53345,non functional
74067,functional
16312,non functional
40607,non functional
69235,functional
59689,non functional
56026,non functional
60878,non functional
1087,functional
46513,functional
49576,functional
42069,functional needs repair
10476,functional
53374,non functional
39687,functional
8819,functional
667,functional
25001,non functional
23641,functional
17760,non functional
52735,non functional
26840,non functional
41462,non functional
42750,functional needs repair
27852,functional
13843,functional
36211,functional
8848,non functional
64189,functional
45674,functional
19438,functional
21754,functional needs repair
61018,functional
21025,non functional
3767,non functional
53208,functional
6077,functional
45738,non functional
68184,non functional
25721,functional
17051,non functional
41930,functional
32529,non functional
42989,functional
45288,functional
23181,functional
17484,functional
42643,non functional
23188,non functional
1194,functional
4535,non functional
5740,non functional
62794,non functional
11319,non functional
45112,functional
23357,functional
39886,non functional
59382,functional needs repair
49782,non functional
8504,functional
24556,functional
73503,functional
3625,functional
15567,functional
29298,functional
7876,functional
8712,functional
3246,non functional
62946,functional
42019,non functional
5301,functional
43173,functional
14491,non functional
57042,functional
27625,non functional
14401,functional
12006,functional
14632,functional
65702,functional
10066,functional needs repair
10375,functional
41658,functional
50618,non functional
3085,functional
4681,functional
2118,functional
42640,non functional
54813,functional
58379,non functional
60865,non functional
68400,functional
33734,functional needs repair
20574,non functional
3880,functional
26376,functional
22018,functional
9690,non functional
41202,functional
16674,functional
69809,non functional
35639,functional
56935,non functional
3632,functional
12841,functional
53827,functional
60616,non functional
15800,functional
15786,functional
62894,functional
57938,non functional
62496,functional
7273,functional
49673,functional
46226,non functional
57597,functional
54604,non functional
28389,non functional
44755,functional
46299,non functional
32929,non functional
57560,non functional
6220,functional
32064,non functional
14862,functional
69558,functional
28132,functional
19781,non functional
58772,functional
41516,functional
29861,functional
58485,functional
47462,non functional
46212,functional
39985,non functional
12842,non functional
50888,non functional
38263,non functional
55333,functional
52527,functional
65706,non functional
43922,non functional
15280,functional
9822,functional
22772,functional
42641,functional
61128,functional
43345,functional
43806,non functional
34565,non functional
8797,non functional
48866,non functional
7145,functional
17054,functional
12405,functional needs repair
43802,non functional
8619,non functional
17552,functional
60803,functional
65203,functional
11155,functional
17091,non functional
52742,functional
29789,functional
24038,non functional
67669,functional
12556,functional
46937,functional needs repair
53785,functional
34989,functional
63651,functional
62995,functional
48169,functional
8602,non functional
39602,functional
15176,functional needs repair
17714,functional
50545,functional
44603,non functional
42684,non functional
30263,functional
56819,non functional
58653,non functional
5158,functional
1698,non functional
14556,non functional
31853,functional
14265,functional
23097,non functional
7537,functional
36765,functional
62702,functional
60809,non functional
22777,functional
14656,non functional
72292,non functional
31336,functional
35660,functional needs repair
3450,non functional
14336,functional
41685,non functional
45311,non functional
35750,functional needs repair
14206,non functional
19553,functional
4013,non functional
36854,functional
52913,functional
19636,functional
57675,functional needs repair
7893,functional
30243,functional
57823,functional
38623,functional
12161,non functional
16313,functional
61306,non functional
26756,functional
58239,non functional
26348,functional
40560,functional
63235,functional
3966,non functional
818,functional
9004,functional
8940,functional
40378,functional
42705,non functional
36375,functional
18219,non functional
32880,non functional
36684,functional
26861,functional
61031,functional
30984,functional
71066,functional
11531,non functional
7683,non functional
1114,non functional
73353,non functional
45366,non functional
10366,functional
66516,non functional
7605,functional
30857,functional
45072,functional
60175,non functional
63317,functional
56421,non functional
16788,non functional
23579,functional
69940,non functional
59513,non functional
34215,non functional
2528,non functional
1674,non functional
65559,non functional
50508,non functional
23725,functional
48292,non functional
19275,non functional
38423,functional
18433,non functional
4020,functional
65241,non functional
13121,functional
17234,non functional
58818,non functional
8030,non functional
29659,non functional
26472,functional
29744,non functional
72182,functional
13589,non functional
3922,functional
63810,functional
1571,functional
47239,non functional
16980,functional
11132,functional
14946,non functional
38707,non functional
36588,non functional
19862,functional
28642,non functional
27480,functional
8360,functional
17192,non functional
18654,non functional
14134,functional
59752,non functional
56707,non functional
35264,non functional
56349,non functional
54478,non functional
26264,functional
5481,functional
67453,functional
44121,non functional
72751,functional
10250,functional
47668,functional
4865,functional
24255,non functional
61166,functional
57690,functional needs repair
1391,functional
10564,functional needs repair
16001,functional needs repair
28964,non functional
68331,functional
45614,functional
22433,functional
62143,functional
20070,non functional
72327,non functional
3475,non functional
29709,functional
21791,functional
58552,functional
35607,functional
66498,functional
54480,non functional
66392,functional
30391,functional
7213,non functional
45639,non functional
22554,functional
37665,non functional
16068,non functional
8642,non functional
2354,functional
33562,functional
15128,functional
29908,non functional
35385,functional
49883,non functional
17819,functional
53669,non functional
47321,non functional
48445,non functional
53470,non functional
52618,non functional
18600,functional needs repair
51462,non functional
71466,functional
59364,functional
29354,non functional
9933,functional needs repair
19230,non functional
43518,functional
17717,functional
28429,functional
25493,functional
520,non functional
57917,functional
59663,functional
21458,functional
65011,non functional
46877,functional
67223,functional
9763,functional
1039,functional
41089,non functional
35402,non functional
38523,non functional
21784,non functional
63569,functional
71218,functional
9786,non functional
42771,non functional
44642,functional needs repair
37338,functional
34743,non functional
28370,functional
71682,non functional
66190,functional
15358,functional
69917,non functional
29945,non functional
58526,functional
32926,non functional
35158,non functional
11386,non functional
56635,functional
47852,functional
57338,functional
10811,functional
46855,functional
70242,non functional
17117,functional
30605,non functional
10129,functional needs repair
15891,non functional
19018,functional
6338,non functional
54714,non functional
62069,functional
40769,functional
32078,non functional
27908,non functional
20824,functional
63805,functional
17330,non functional
33979,non functional
58817,functional
17282,non functional
16325,functional
67466,functional needs repair
48716,functional
19144,functional
36824,functional
14557,functional
38289,functional
53197,non functional
2928,non functional
51159,non functional
48664,non functional
61268,non functional
14406,non functional
58932,functional needs repair
58255,functional
51508,functional
17646,functional
67895,non functional
30929,functional
48062,functional
63895,non functional
50315,non functional
30522,functional
52325,functional needs repair
60820,non functional
35894,non functional
43267,non functional
16813,non functional
2546,functional needs repair
14836,non functional
65468,functional
52733,functional
22934,functional
52525,non functional
72194,functional
67549,non functional
34487,non functional
51270,functional
17693,functional
60790,functional
66278,functional
13080,functional
57608,functional needs repair
1552,non functional
3586,functional
7886,non functional
48014,functional needs repair
63669,functional
65909,non functional
21983,functional
63735,functional
8726,functional
46057,functional
25233,functional
57428,functional
57861,non functional
26365,functional
70225,functional needs repair
35077,non functional
39640,non functional
73168,functional
14854,non functional
50007,functional
38457,non functional
1225,non functional
3311,functional
34070,non functional
26232,functional
68881,functional
9071,functional
45169,non functional
35619,functional
1551,functional needs repair
29909,non functional
20107,non functional
3628,non functional
44230,functional needs repair
47273,functional
15155,non functional
24284,functional
16043,functional
59388,functional
615,functional
34907,functional
15975,non functional
26395,non functional
59142,non functional
24448,non functional
1603,functional
40095,functional
64514,functional
19061,non functional
26972,functional needs repair
23338,non functional
27363,non functional
34678,functional
25280,functional
64972,functional
71026,non functional
43255,functional
18284,non functional
43157,non functional
70316,functional
70878,functional
15760,functional
24815,functional
31308,functional needs repair
24874,functional
25772,functional
25583,non functional
48092,functional
61212,non functional
60097,functional
46538,non functional
33216,functional
30581,functional
69517,functional
73215,functional
65558,non functional
45029,functional
33526,functional
25542,functional
56089,functional needs repair
5793,non functional
56622,functional
71899,functional needs repair
37200,functional
19082,functional
54996,non functional
27315,functional
856,functional
41458,non functional
26258,functional
8345,non functional
72778,functional
21588,non functional
15184,non functional
53390,non functional
11385,functional
6348,functional
8252,functional
23889,non functional
56873,functional
24783,non functional
43504,non functional
8611,functional
29533,non functional
57862,functional
33936,functional
30867,functional needs repair
871,non functional
38526,functional
30342,non functional
40468,functional
35943,non functional
63326,functional
40308,functional
39621,functional
50276,functional
11823,non functional
2315,functional
38127,functional
8566,non functional
28699,functional
68919,non functional
18033,non functional
24434,functional
8316,functional
25903,non functional
73149,non functional
39023,non functional
71552,functional
36266,functional
69582,functional needs repair
69651,functional
38894,functional
60217,functional
41914,non functional
27920,functional needs repair
68959,functional
40669,functional
2692,non functional
41799,functional needs repair
11855,non functional
50416,non functional
55539,functional
28819,functional
45715,non functional
14653,functional
46934,functional needs repair
44045,non functional
38028,non functional
37009,functional
34062,functional
52654,functional
48888,functional
49590,functional
28102,functional
23432,functional
33656,functional
12272,non functional
16012,non functional
74133,functional
63855,functional
3795,non functional
24821,functional needs repair
7048,functional
24441,functional
64048,functional
25935,functional
47390,functional
69821,functional
27242,functional
28740,functional needs repair
58477,non functional
42925,functional
25570,functional
24524,non functional
54154,functional
22341,non functional
24132,non functional
10466,functional
37662,non functional
39102,non functional
26555,functional
73537,functional
47401,functional
20213,functional needs repair
12231,functional
66652,functional
34976,non functional
55436,functional
10886,non functional
53112,functional
47840,functional
61034,functional
17097,functional
14242,non functional
905,functional
57774,functional needs repair
25693,functional
26919,non functional
73426,functional
70910,non functional
47284,non functional
18128,non functional
69375,functional
37757,non functional
12171,functional needs repair
62725,functional
40474,functional needs repair
52549,non functional
14218,non functional
45008,functional needs repair
26319,functional
23577,non functional
34567,functional
27592,functional
30695,functional
27962,non functional
72421,non functional
72764,non functional
44983,functional
60501,functional
26669,non functional
7122,functional
21692,functional
36487,functional
14150,functional
51243,non functional
27804,functional
54487,functional
71911,functional
57040,functional
61566,functional
36425,functional
65409,functional
40204,non functional
61351,non functional
72605,non functional
28515,non functional
50457,functional
58587,non functional
26230,non functional
48267,functional
30265,functional
64528,functional
179,functional needs repair
43594,non functional
1590,functional
27716,functional
11077,non functional
29077,non functional
14470,non functional
42216,non functional
10639,functional
67544,functional
32396,non functional
17557,functional
37748,non functional
35574,non functional
22921,non functional
69062,non functional
35398,functional
54147,functional
22883,functional
54505,functional
26390,functional
25539,functional
32871,non functional
65852,functional
55398,functional
11089,functional needs repair
19846,non functional
62837,non functional
48730,functional
8815,non functional
30552,non functional
33762,non functional
22269,functional
62659,functional
54968,functional
34577,non functional
43887,non functional
42601,functional
44238,non functional
67543,functional
49840,functional
43994,functional needs repair
52775,non functional
15843,non functional
40618,functional
60421,functional
47459,functional
47779,non functional
40040,functional
69828,functional
3180,non functional
6327,functional
60466,non functional
24791,non functional
64387,non functional
59385,functional
47563,functional
68028,non functional
28221,non functional
49391,non functional
27449,functional
19997,non functional
72630,functional
34366,non functional
28184,functional
25105,functional needs repair
36732,functional
47966,non functional
20371,functional
47873,non functional
7751,functional
4072,functional
54530,functional
65530,non functional
8920,non functional
59469,functional
23274,functional
39605,functional
42706,functional
44355,functional
17572,functional
1863,non functional
53184,functional
69391,non functional
29221,functional
16237,non functional
64698,non functional
33777,functional
25205,functional
59343,functional
53355,functional
48385,non functional
19605,functional needs repair
36111,functional
25013,functional
72572,non functional
7563,functional
17377,functional
59214,functional
6855,non functional
41514,functional
45948,functional
44265,functional
13531,functional
9592,non functional
27451,functional
16977,functional
71047,functional
20298,functional
60572,functional
22110,non functional
5541,functional
25945,non functional
46508,non functional
55866,non functional
44818,non functional
58308,functional
44288,functional
10245,functional
70426,functional
18992,non functional
55408,non functional
74155,functional
31347,functional
72244,functional
14553,non functional
18227,non functional
62908,functional needs repair
39768,functional
60446,functional
47402,functional
22045,functional needs repair
42026,non functional
62175,functional needs repair
37635,non functional
21245,functional
71082,functional
11431,functional
40797,functional needs repair
35037,functional
68215,non functional
65427,non functional
25282,functional
17141,functional
1383,non functional
37976,functional
29640,functional
65660,functional
38722,functional
10041,non functional
9632,functional
11571,functional
72492,non functional
55031,functional needs repair
7593,functional
30526,non functional
12865,functional
6241,non functional
55445,functional needs repair
21275,functional
28095,functional
38384,functional
42065,functional
67022,functional
55738,functional
16377,functional
45211,non functional
16723,functional
63055,non functional
20416,functional
43777,functional
33172,functional
27227,functional
54846,non functional
57617,non functional
60503,non functional
3744,functional needs repair
25122,non functional
11190,functional
54988,non functional
59672,non functional
22695,functional
52821,non functional
56648,functional
70906,functional
42188,non functional
40216,functional
20804,functional needs repair
59943,functional
53330,functional
32906,functional
31500,non functional
46774,functional
65028,functional
12129,functional
3196,non functional
11697,functional
5010,non functional
72969,non functional
42331,non functional
23256,functional
38687,non functional
59484,non functional
36411,functional
59873,functional needs repair
23478,functional
25614,functional
54976,functional
36821,functional
18384,non functional
66480,non functional
38980,functional
73463,functional
53806,functional
74163,functional
71918,functional needs repair
73943,functional
46439,functional needs repair
33679,functional
1930,functional
11144,non functional
27244,functional
64519,functional
39563,functional needs repair
36458,functional
58737,functional
17643,functional
52016,functional
28871,non functional
30620,functional
9924,functional needs repair
19134,non functional
10139,functional
490,functional
72897,functional
72972,non functional
10800,functional
461,non functional
52468,functional
48778,functional
1732,functional
38050,functional
31100,functional
65730,functional
45873,non functional
67585,functional
69565,functional
48910,non functional
3473,non functional
13936,functional
34222,functional needs repair
53249,non functional
20402,non functional
48527,non functional
39383,functional
47075,non functional
9935,non functional
26704,non functional
16624,functional needs repair
37539,functional
6245,functional
48877,functional
13239,non functional
6154,functional
42186,non functional
64461,functional
67307,functional
24058,functional
25217,functional
7754,non functional
11071,functional
60273,non functional
44348,functional
9872,functional
42147,non functional
11582,functional
19075,non functional
27665,functional
69864,functional
165,functional needs repair
52175,non functional
54230,functional
8018,functional
18744,non functional
21504,functional
61656,functional
10725,non functional
16557,functional
43705,functional
35184,non functional
66641,non functional
40495,functional
69248,non functional
50216,functional
49152,functional
34496,functional
14591,non functional
39345,non functional
39366,non functional
38769,functional
32854,non functional
63418,functional
6898,non functional
63980,non functional
1582,functional
423,non functional
66746,non functional
31222,functional
23703,non functional
30566,functional needs repair
3291,non functional
52950,functional
10546,non functional
12413,functional
19374,non functional
25856,functional needs repair
47913,functional
6427,non functional
14796,functional
50962,non functional
36559,functional
61997,functional
5440,functional
73592,functional
56725,non functional
39833,non functional
31912,non functional
71948,functional
48470,functional
5906,functional
72720,functional
44170,non functional
14649,functional
42516,functional needs repair
31890,non functional
69967,functional
66735,functional
223,functional
34774,functional
71006,non functional
60916,functional
46622,functional
50263,non functional
52526,functional
71508,non functional
20091,functional
1667,non functional
31945,non functional
42790,non functional
46521,functional
72691,non functional
7901,functional
11754,non functional
5668,non functional
17124,non functional
20327,functional
36713,functional
29464,functional
348,non functional
73382,non functional
49506,non functional
67065,non functional
17067,functional
38885,functional
60101,functional
19894,functional
27741,functional needs repair
17869,functional
69795,functional
62937,non functional
55432,functional needs repair
20083,functional
28302,functional
29838,functional
29001,functional
28187,functional
55465,functional
59675,functional
34227,non functional
68330,functional needs repair
73041,functional
10826,non functional
8330,functional
1620,functional
16351,functional
73959,non functional
57504,non functional
47416,functional
61544,non functional
44494,functional
42855,non functional
3476,non functional
65960,functional
7165,functional
26773,non functional
45523,non functional
57104,non functional
4081,non functional
39305,non functional
1345,functional
53499,non functional
15597,non functional
62804,functional
44897,non functional
47629,non functional
20100,non functional
58199,functional
56670,functional
25756,functional
5923,non functional
36406,functional
36360,functional
6072,functional
60067,non functional
36910,functional
27735,non functional
52284,functional
225,non functional
63556,non functional
67973,functional
34784,non functional
10641,functional
69032,non functional
64627,non functional
10251,non functional
46332,functional needs repair
8987,functional
68078,non functional
68756,functional
40137,functional
46003,functional
18463,functional
29906,functional
37087,functional
34544,functional
16549,functional
48691,non functional
5775,functional
32460,non functional
31539,non functional
71676,non functional
73608,functional
2264,non functional
50703,functional
19996,functional needs repair
50873,non functional
2360,functional
64696,non functional
5540,non functional
71021,functional
60302,functional
16258,functional needs repair
17145,functional
10388,non functional
51673,functional
13282,non functional
8803,non functional
41717,non functional
71962,functional
59433,functional needs repair
57281,functional needs repair
42320,functional
16686,functional
50130,functional
33833,non functional
13150,functional
47814,functional
72387,functional
74142,non functional
67170,functional
61044,non functional
38823,non functional
60915,non functional
4016,functional
69207,functional
38657,functional
34030,functional
73528,non functional
2084,functional
30787,non functional
28212,functional
69065,functional
31064,non functional
5792,non functional
25170,non functional
33625,functional
10731,functional
29950,non functional
30658,functional
43687,functional
36630,non functional
54401,non functional
59692,functional
7936,functional needs repair
20632,functional
65688,functional
58396,non functional
38830,non functional
7431,functional
7704,non functional
69538,functional
64703,functional
70631,functional
48771,non functional
28053,non functional
20134,functional
70867,functional
27298,functional
4538,non functional
6550,non functional
3636,non functional
17434,non functional
56750,non functional
66576,functional
72633,functional
55051,non functional
22880,functional
63048,functional
25036,functional
44625,non functional
54552,functional
21555,functional
29164,functional
2020,functional
8758,functional
69216,functional
12922,functional
40875,functional
52798,functional
16645,functional
7995,functional
18889,functional
27149,functional
4151,functional
24101,non functional
4458,non functional
64301,non functional
52896,non functional
65610,functional
26942,non functional
47984,functional
46410,non functional
68860,functional
47181,non functional
64364,non functional
58069,non functional
61555,non functional
41007,functional
35058,functional
70434,non functional
68304,functional
38718,non functional
33422,functional
47977,functional
54499,functional
34173,non functional
988,non functional
44636,non functional
39712,functional
70729,functional
43033,non functional
35843,non functional
8633,functional needs repair
31949,functional
40511,functional
13216,non functional
46626,non functional
60015,non functional
43433,functional
45205,functional
13715,functional
998,functional
13693,functional
7198,functional
29548,non functional
42741,functional
30821,non functional
52387,functional
5896,functional
41886,non functional
22340,functional
58187,functional
43834,non functional
18320,functional
73660,functional
68293,functional
7549,functional
12394,non functional
32024,functional
52223,functional
26566,non functional
41630,functional
32614,non functional
69144,non functional
25798,functional
6280,functional
64265,functional
8333,non functional
50515,functional
61472,non functional
18852,functional
65801,functional
22572,functional
2657,non functional
18959,functional
69016,functional
26906,functional
3032,functional
70081,non functional
63088,non functional
10695,functional
32888,functional
41224,functional
31354,non functional
66088,functional
20093,functional
7651,functional needs repair
42145,functional needs repair
41767,non functional
41447,functional
59772,functional
25689,non functional
28397,functional
61564,functional needs repair
34322,non functional
43877,functional
11412,functional
27462,functional
38684,non functional
55400,functional
43595,functional
66700,functional
63625,non functional
63736,non functional
451,functional
38221,non functional
55044,functional
9921,non functional
30064,functional
32033,functional
41157,functional
46969,functional
34308,non functional
50645,functional
11875,non functional
63266,non functional
64016,functional needs repair
4369,functional
29845,non functional
11424,functional needs repair
59616,functional
23102,non functional
65085,non functional
70398,functional
7687,functional
10810,non functional
45566,non functional
60747,non functional
5381,functional
13870,non functional
14961,functional
28459,functional
69183,non functional
32833,functional
59524,functional
46348,functional
51115,non functional
28073,functional
13810,functional
32014,non functional
49758,functional
38635,functional
7685,non functional
45196,functional
45552,non functional
24128,non functional
37854,functional needs repair
59927,non functional
55376,non functional
32649,functional
26819,non functional
10519,functional
14295,functional
28558,functional
17679,functional
1678,functional
19034,functional
45439,non functional
19209,functional
55796,non functional
54303,functional needs repair
6050,functional
47642,functional needs repair
34466,functional
9850,functional
56472,functional
61473,functional
46098,functional
25827,non functional
51565,functional
10956,functional
48571,non functional
19317,functional
42957,functional needs repair
36327,non functional
23900,functional
29589,functional
72584,non functional
66296,non functional
68109,functional needs repair
9262,functional needs repair
40414,functional
21730,functional
53230,non functional
17666,functional
16880,functional
68856,non functional
32038,functional
56678,functional
9383,functional
56086,functional
36826,functional
32308,functional
9020,functional
60012,non functional
21955,functional
61613,non functional
14715,functional
384,non functional
36086,functional
10775,non functional
34156,functional
68498,non functional
72687,functional
41542,non functional
22206,functional
20606,functional
43963,non functional
65834,functional
66431,functional
8170,non functional
71299,functional
47174,functional
19537,functional
69838,non functional
66077,functional
69133,functional
62734,functional
11698,functional
64436,non functional
32943,functional
9926,functional
32166,functional
59073,non functional
4036,non functional
40004,non functional
41548,functional
73820,functional
2404,functional
55210,functional
7590,non functional
52178,non functional
16400,functional
27378,non functional
14381,functional
5655,functional
49455,non functional
27717,functional
62689,non functional
70987,non functional
41344,functional needs repair
3442,functional
4578,functional needs repair
5091,functional
40792,functional
46149,non functional
27285,functional
19630,non functional
7864,non functional
53000,functional
48875,non functional
46166,non functional
12896,functional needs repair
25606,non functional
22128,functional
59004,non functional
1577,functional
41424,functional
48547,functional
41107,non functional
34618,functional
23812,non functional
68193,non functional
29580,functional
15915,non functional
15324,non functional
21972,functional
34208,functional
19471,non functional
43779,functional
25390,functional
26310,functional
12791,functional
12890,non functional
58141,functional
31591,functional
54598,functional
22090,functional
28253,functional
46085,non functional
2453,functional
19392,functional
11835,functional needs repair
21603,functional
41728,functional
29591,non functional
48924,non functional
31659,non functional
52869,functional
22296,functional needs repair
65653,non functional
58882,functional
43167,non functional
73157,functional
32048,functional
53703,functional
62714,non functional
70258,functional
53590,non functional
56439,functional
60646,non functional
34921,non functional
26127,functional
36912,functional
9957,functional
31209,functional
140,functional
63346,functional needs repair
58019,functional
22133,non functional
23055,functional
1443,functional
35015,functional
54419,non functional
12075,non functional
43005,functional
54400,non functional
8792,functional needs repair
4630,functional
11798,functional
43298,non functional
13174,functional
25738,non functional
51217,non functional
8685,functional
72900,functional
29825,functional
35977,functional
4760,non functional
27881,functional
56727,functional
4636,functional
51749,functional
52712,functional
45373,functional
25168,functional
65883,functional
30211,non functional
70337,non functional
36839,non functional
8100,functional
34982,non functional
64027,functional
7866,functional
27781,non functional
52372,functional
12637,functional
53361,functional
55715,functional
3377,functional
11717,non functional
12351,functional needs repair
42350,non functional
56986,non functional
18295,functional
30777,functional needs repair
47774,functional
53134,functional
26208,functional
15725,non functional
52891,functional needs repair
28530,functional
53756,non functional
34592,non functional
728,functional
58229,functional
29627,functional
67592,functional
26526,non functional
45703,non functional
55050,non functional
53485,functional
68506,functional
62330,functional needs repair
10895,functional
24027,functional
35731,non functional
57089,non functional
22915,non functional
46180,non functional
27892,functional
47186,functional
52102,functional
72488,non functional
54166,non functional
66424,functional
40014,functional
26990,functional
27436,non functional
54077,non functional
13561,functional
14772,non functional
42803,functional
26728,functional
1585,non functional
61418,functional
6993,non functional
50985,functional
9515,functional
9581,functional
69453,functional
40067,functional
10620,non functional
29273,functional
59593,functional
62527,functional
26794,functional
62336,functional needs repair
34423,functional
12461,functional
50291,functional
29112,non functional
39152,non functional
47790,non functional
51181,functional
40484,non functional
4472,functional
31633,non functional
42883,functional
61141,non functional
32265,non functional
30862,functional
36286,functional needs repair
6086,non functional
17859,functional needs repair
20345,non functional
3317,non functional
37162,functional
49736,non functional
30983,functional
47767,non functional
10790,functional
35869,functional
50988,functional
63650,non functional
23529,functional
69269,non functional
43765,non functional
2700,functional
54987,functional
35162,functional
66108,functional
40179,non functional
7419,functional
35552,functional
43057,functional
71901,non functional
32165,functional
68428,non functional
7243,functional
2056,functional
50029,functional
18737,functional
1295,functional
4429,functional
51435,non functional
17835,functional
9790,non functional
23005,functional
64428,non functional
2793,non functional
44918,non functional
69899,functional
62654,non functional
1044,functional needs repair
3491,non functional
35601,functional
26699,functional
51750,functional
5805,non functional
56943,non functional
50734,functional
50373,functional
5784,non functional
19065,functional
9414,functional
26251,non functional
48856,non functional
20759,functional
2551,functional
36496,non functional
39905,functional
67545,functional
50778,non functional
49515,non functional
28295,functional
38898,functional
61929,non functional
22283,functional
9489,non functional
1473,functional
41365,functional
37042,functional
59964,functional
40552,functional
47730,functional
23244,functional needs repair
18214,functional
55202,functional
8447,functional
1744,functional
65482,functional
69416,functional
39604,functional
37504,non functional
2717,non functional
8727,functional
61506,functional
55480,non functional
24627,non functional
60604,functional
5350,functional
28466,functional
55588,non functional
50842,non functional
61588,functional
38304,functional
24197,functional
4493,non functional
26698,non functional
72159,functional
31146,functional
69316,functional
73920,non functional
3871,functional
72523,functional
30351,functional
2117,non functional
53807,non functional
41947,non functional
69160,non functional
46375,functional
24588,non functional
52205,functional needs repair
6807,functional
48987,functional
41572,functional
12305,non functional
15912,functional needs repair
33335,functional
36354,functional
72290,non functional
64944,non functional
24405,functional
13191,functional
47550,non functional
68154,functional
54364,functional
48978,functional
31993,functional
47860,functional
73742,functional
74149,non functional
34862,non functional
44691,functional
8965,functional
41347,functional
19848,functional needs repair
50423,functional
30155,non functional
51675,non functional
57536,functional
9070,functional
10368,functional
3543,non functional
11658,non functional
300,functional
46459,functional needs repair
24935,non functional
46407,non functional
64564,functional
68997,non functional
2676,functional
49197,functional
28731,non functional
57309,functional
49531,functional
19680,functional
17048,non functional
62387,functional
36852,functional
26922,functional
54894,functional
15815,non functional
39336,functional
29228,functional
72257,functional
22538,non functional
27520,non functional
59806,non functional
62129,non functional
6667,non functional
554,functional
49648,non functional
66686,non functional
13218,functional
60405,functional
20011,functional
32307,functional
57614,non functional
21219,functional
52707,functional
30314,functional needs repair
12159,functional needs repair
11023,non functional
226,functional
42440,functional
35953,functional
40642,non functional
40302,functional
30927,non functional
68785,functional
21288,non functional
69337,functional
46662,functional
67906,functional
61744,non functional
27699,functional
9757,functional
43156,functional
65851,functional
5773,functional
42873,functional needs repair
65215,functional
26402,non functional
19031,functional
21237,non functional
50857,functional
51968,functional
36646,non functional
12506,non functional
11215,functional
63712,non functional
23720,functional
69342,functional
278,functional
52279,non functional
24138,functional
19937,non functional
43788,functional
32254,non functional
36216,non functional
24012,functional
46566,functional
32441,non functional
20647,functional
16808,non functional
74123,functional
38424,functional
26256,non functional
2567,functional
29142,functional
41849,functional
21962,non functional
73594,functional needs repair
47162,functional
2991,functional
58515,functional
14037,non functional
53421,functional needs repair
44205,functional
32002,non functional
49156,functional
23153,functional
8137,functional
11675,functional needs repair
44904,functional
50247,functional needs repair
61648,functional
24583,functional
72027,non functional
24797,functional needs repair
15788,non functional
49014,non functional
29219,functional
38248,functional needs repair
32819,functional
20775,functional
44611,functional needs repair
63121,functional
36841,functional
36891,functional
35312,functional
29636,functional needs repair
40717,functional
9294,functional
20358,non functional
12798,non functional
32494,functional
5130,non functional
27514,functional
48928,functional
66399,functional
68702,functional needs repair
19691,functional
18595,non functional
61458,functional
49015,functional
13587,functional
69452,functional
60709,non functional
27142,non functional
10883,functional
30750,functional
15663,non functional
1124,non functional
59489,functional
52333,non functional
459,non functional
68525,functional
63818,non functional
42366,functional needs repair
17440,functional
73796,functional
24391,functional
33061,non functional
25213,functional
13245,non functional
4215,non functional
40369,functional
12755,functional needs repair
24231,non functional
6137,non functional
24891,functional needs repair
44838,non functional
27045,non functional
14826,functional
39062,functional
21326,functional
2689,functional
49854,functional
43799,functional
11787,functional
57827,non functional
34417,non functional
40459,non functional
6839,non functional
34619,non functional
8730,functional
73363,functional
68356,non functional
49837,non functional
35177,non functional
70843,functional
47193,non functional
34838,functional
45749,functional
38998,functional
10786,functional
69814,non functional
6176,functional
16516,non functional
51811,non functional
55167,functional
12795,functional
31645,functional
69294,functional
28077,non functional
66503,functional
24159,functional
28029,functional
31131,non functional
36519,functional needs repair
60818,non functional
9494,non functional
8059,non functional
25208,functional
19919,functional
16417,non functional
41631,non functional
53457,functional
61960,non functional
71777,functional
22047,functional needs repair
50431,functional
3348,functional
51272,non functional
32923,non functional
37585,non functional
342,functional
67435,functional
37008,functional needs repair
64234,non functional
66221,non functional
3828,functional needs repair
47190,functional
13875,non functional
35333,functional
43286,functional
19110,functional
17160,non functional
65128,functional
44537,functional
24272,functional
38164,functional needs repair
62606,functional
33375,functional
38477,non functional
48939,functional
40621,functional needs repair
7054,functional
6999,non functional
31463,functional
16454,functional
42709,functional
52253,functional
7530,functional
50537,functional
53100,functional
13006,non functional
62011,non functional
33334,functional
16200,non functional
32831,functional
56146,functional
55382,non functional
27727,functional needs repair
8606,functional
62829,functional
25786,functional needs repair
49928,functional
56880,functional
51262,functional
36127,functional
38871,non functional
7824,functional
31083,non functional
39367,non functional
54675,functional
24682,functional needs repair
72747,functional
36164,non functional
10087,non functional
35206,functional
38820,non functional
28741,functional
22015,functional
5471,non functional
38499,functional
68076,non functional
48918,functional
49719,functional
19581,functional
23866,functional
71319,functional
57441,non functional
13924,functional
57380,functional
36137,functional
49344,non functional
53801,functional needs repair
51299,functional
20988,non functional
50243,functional
24021,functional needs repair
69539,non functional
22645,non functional
9190,non functional
73187,functional
65790,non functional
24114,non functional
16974,functional
71359,non functional
33905,non functional
70248,non functional
15413,functional
10134,functional
65643,functional
49104,non functional
14080,functional
43700,functional
45687,non functional
49652,non functional
3652,non functional
18941,non functional
15742,functional
43718,functional
42886,functional
4747,functional needs repair
18742,non functional
3061,functional
38282,functional
31850,functional
11710,functional
22792,functional
56500,functional
9027,functional
27764,functional
38493,functional
7285,functional needs repair
70717,functional needs repair
31638,non functional
50929,functional
36965,functional
22163,functional
26275,functional needs repair
45952,non functional
59510,functional needs repair
3609,non functional
16794,non functional
36890,functional
58870,functional
28804,non functional
6884,functional
50907,non functional
33641,non functional
13997,non functional
32963,functional
30761,non functional
37172,functional needs repair
64141,functional
10068,functional needs repair
60001,functional
17016,functional needs repair
44613,non functional
68123,functional needs repair
14990,non functional
61723,functional needs repair
28888,non functional
42309,non functional
39428,functional
58976,functional
37064,functional
21193,non functional
23778,functional
61739,non functional
35186,non functional
60275,non functional
34987,functional
45501,non functional
63701,functional
1481,functional
54030,functional
33573,non functional
47534,functional
12651,functional
11902,non functional
73917,functional
54442,functional
19775,functional
62490,functional
6726,functional
20732,functional needs repair
44713,non functional
64690,non functional
48469,functional needs repair
26443,functional
48332,non functional
17842,functional
60280,non functional
52143,functional
1016,functional
7070,functional
57418,non functional
57959,non functional
6082,non functional
2353,functional
14399,functional
53052,functional
33639,functional
22903,functional
25441,functional
58178,functional needs repair
23011,non functional
8636,non functional
41821,functional needs repair
46353,non functional
61839,non functional
18310,non functional
5006,non functional
30596,non functional
31677,functional
34454,non functional
45287,non functional
40439,functional
29095,functional
21495,functional
10373,functional
8269,functional
4823,functional
54239,non functional
68430,functional
40432,non functional
13988,functional
15568,functional
69313,functional
62462,non functional
63038,functional
72665,functional
50183,functional
53763,functional
28568,functional needs repair
55245,non functional
69916,functional
42165,functional
55965,functional
53233,functional needs repair
9613,non functional
21309,functional
23986,non functional
47072,non functional
22925,functional
13716,non functional
60879,functional needs repair
64718,functional
36661,non functional
44344,non functional
51951,non functional
21409,functional
61941,functional
13077,non functional
66916,functional
777,functional
49491,functional
6817,non functional
12213,non functional
12009,functional
69746,functional
5153,non functional
71351,non functional
7746,functional needs repair
20825,functional
63004,functional needs repair
68889,functional
46154,functional
37007,non functional
15341,non functional
71486,functional
37433,functional
36794,functional
48500,non functional
32451,non functional
34435,non functional
20511,non functional
23095,non functional
65290,non functional
50793,functional
50158,functional needs repair
32223,functional needs repair
20179,functional
57099,functional
68715,non functional
53455,non functional
54964,functional
34110,non functional
32762,functional
52157,non functional
3919,functional
12031,functional
58163,functional
19925,functional needs repair
56294,non functional
3038,non functional
33246,non functional
44242,functional
12282,non functional
71939,functional
66951,functional
63972,functional
50035,functional
55247,non functional
6663,non functional
48591,functional
47739,non functional
18382,functional
55161,non functional
22674,functional
16157,non functional
66979,functional
4918,functional
15121,non functional
14602,non functional
21320,functional
10051,functional
30794,non functional
15254,non functional
18469,functional
54975,functional
40897,non functional
62424,functional
9176,functional
34333,functional
36237,non functional
23860,non functional
28719,non functional
12140,functional
21489,non functional
58571,non functional
51606,functional needs repair
51865,functional
23706,functional
43058,functional needs repair
57026,non functional
26009,non functional
16712,functional
59778,functional
30646,functional
48552,non functional
64210,functional
24412,functional
67365,functional
47479,non functional
14886,non functional
18565,non functional
34780,functional
64321,functional
38389,functional
5271,non functional
47530,non functional
24681,functional
59401,non functional
29327,functional
59707,functional
7437,functional
50280,non functional
3539,functional
943,non functional
3643,functional
57581,functional
22319,functional
65495,functional
58633,functional
14330,functional
28581,non functional
40704,non functional
4249,non functional
38436,non functional
18797,functional
19798,functional
57031,non functional
55384,functional
33063,functional
26407,functional needs repair
9131,functional
45125,functional
5095,functional
47927,non functional
44548,functional
73031,non functional
53285,functional needs repair
49527,non functional
44352,functional
46408,functional needs repair
19502,functional
51153,functional
65888,functional
44140,functional
68869,non functional
66470,non functional
4851,functional
66991,non functional
53407,non functional
22637,functional
4994,non functional
29953,functional
61821,functional
31770,functional needs repair
50365,functional
36348,non functional
16006,non functional
37075,functional
73424,functional
25782,non functional
59168,functional
61727,functional
11381,non functional
1296,functional
47608,functional
68983,non functional
67272,functional
28214,non functional
60494,functional
61914,functional
65053,functional
23006,functional
138,non functional
15053,functional
59422,non functional
9273,functional
10062,functional
27008,non functional
31734,non functional
31719,functional
59069,functional
40571,functional
35993,functional
62558,functional
18155,functional
32577,functional
33598,functional
57942,functional
12206,functional
64028,functional
39967,non functional
23418,functional
27835,functional
34764,functional
6833,functional
30645,non functional
21413,non functional
29320,functional
26937,non functional
21039,non functional
43543,non functional
40020,non functional
68313,functional
48562,non functional
38949,non functional
21590,functional
68063,non functional
25849,non functional
17863,functional
3385,functional needs repair
12789,non functional
51333,functional
14517,functional
56173,functional
16966,non functional
25240,functional
54327,non functional
72146,functional
20406,functional
60863,functional
61815,non functional
46553,functional
58542,functional
39641,functional
31737,functional
64947,functional
53409,functional
43722,non functional
52427,non functional
48301,non functional
45486,non functional
13661,functional
48554,functional
32548,functional
55250,functional
9396,non functional
54189,non functional
38738,non functional
58322,functional
38817,non functional
48932,non functional
25626,non functional
7052,functional
56461,non functional
23329,non functional
21740,functional
48647,functional
33909,functional
9154,functional
45665,non functional
55455,functional
52602,non functional
24616,non functional
8175,non functional
24648,functional
70924,functional
24825,functional
14124,non functional
48761,functional needs repair
7576,non functional
32335,functional needs repair
58233,non functional
7882,functional
19073,non functional
60910,non functional
14290,functional needs repair
41187,non functional
19386,non functional
1241,functional needs repair
19583,functional
53985,non functional
70039,functional
24047,functional
39145,functional
14943,functional
49997,non functional
54809,non functional
3668,functional needs repair
57400,functional
36763,functional
56499,functional
29723,functional
39574,non functional
51383,functional
61294,functional
43662,non functional
68011,functional
73074,functional
5177,non functional
24294,functional
51431,non functional
4948,non functional
36613,non functional
38888,non functional
67203,functional
54801,non functional
27539,non functional
69566,functional needs repair
16380,non functional
59472,functional
45965,non functional
73085,non functional
8866,functional
24252,functional needs repair
52628,functional
20019,non functional
32878,functional
27919,functional needs repair
18074,functional
22480,functional
53182,functional
40010,non functional
53862,functional
45228,non functional
24204,non functional
67147,functional needs repair
35543,functional
5698,functional
64343,functional
3477,non functional
30708,non functional
15072,functional needs repair
60544,non functional
1144,functional
45946,non functional
15331,non functional
66756,functional
24520,functional
36585,functional
47165,non functional
53383,functional
42110,functional
42549,non functional
11668,functional
36931,functional
31124,functional
31806,functional
33534,functional
61740,non functional
65770,functional needs repair
21855,functional
51674,functional
30183,non functional
13383,functional
35241,functional
72640,non functional
3170,functional
16449,functional
17477,non functional
44560,functional
54433,functional
2879,functional
4769,functional
9407,functional
39899,functional
24044,functional needs repair
34087,functional
17279,functional
32654,functional
63368,functional
32142,functional needs repair
39378,non functional
72419,functional
52610,non functional
8735,non functional
21274,functional
70129,functional
70297,non functional
67308,functional
4290,non functional
35645,functional
59087,functional
16450,functional
70646,non functional
13208,non functional
43119,non functional
31542,functional
42716,non functional
53426,functional
1246,non functional
63423,functional
4206,functional needs repair
8945,functional
11974,non functional
38293,functional
62252,functional
45301,functional
56946,functional
2531,non functional
71134,non functional
13223,functional
22147,non functional
34473,functional
838,non functional
47327,functional
36566,non functional
1321,non functional
55300,non functional
25090,functional
56785,non functional
52817,non functional
26782,functional
33414,functional
43772,functional needs repair
32651,functional
22641,functional
31507,functional
41274,non functional
61308,functional
47748,non functional
19115,functional
53913,functional
17720,functional
48935,functional
25278,non functional
6275,functional
61828,functional needs repair
5665,functional
32657,non functional
21869,functional
17219,non functional
21823,functional
24687,functional
44272,non functional
69102,non functional
44784,functional
66339,functional
71390,functional needs repair
13582,functional
18436,functional
19586,functional
72749,functional
27774,functional
72841,functional
58540,non functional
13833,functional
60029,non functional
33301,non functional
5354,non functional
52181,functional
46759,functional
8259,functional
3964,functional
73786,functional
47908,functional
62426,non functional
1655,functional needs repair
774,functional
23830,functional
16456,functional
3352,non functional
48334,non functional
25248,functional needs repair
57097,functional
49771,non functional
42628,non functional
71425,non functional
22130,functional
63001,non functional
1441,functional needs repair
11641,non functional
33032,functional
49144,functional
9009,functional
24804,functional
11797,non functional
22150,functional
56862,non functional
31165,non functional
49794,functional
13157,functional
35501,functional needs repair
16755,non functional
47235,non functional
16191,functional
31221,functional needs repair
64000,functional
24043,functional
25601,functional
33177,non functional
45950,functional
5917,functional
37091,non functional
33510,non functional
10678,functional
12887,functional
13771,functional
9605,functional
69276,functional
62325,non functional
54856,non functional
70962,non functional
46579,non functional
31304,functional
45437,functional
4883,non functional
25658,functional
63851,functional
7358,functional needs repair
22559,non functional
46447,functional
61824,functional
66121,non functional
7334,non functional
16776,non functional
24625,functional
32898,functional needs repair
6943,non functional
57514,functional
69845,non functional
50691,functional needs repair
1662,functional
11544,non functional
72104,non functional
73723,non functional
51123,functional
27528,functional
394,functional
1886,functional
38486,functional
54229,non functional
44934,functional
22397,non functional
11903,functional
10169,functional
34448,non functional
7170,functional
73986,functional
51872,functional
41243,functional
42868,functional
44662,functional
59854,functional
35476,functional
4869,non functional
23767,non functional
66708,functional
45922,non functional
41695,functional
45930,functional
42346,non functional
8983,functional
57550,non functional
38353,functional
59153,functional
35265,functional
9257,non functional
25646,non functional
42089,functional
9264,functional
40654,functional
66934,functional
70841,functional
64177,non functional
20857,functional
45991,non functional
61476,functional
62999,functional
61823,functional
19785,functional
56281,functional
7879,functional
24248,functional
63560,non functional
50898,functional
46954,functional needs repair
64435,functional
41386,functional needs repair
16953,non functional
9026,non functional
39093,functional
41622,functional
26624,non functional
11178,functional
43004,non functional
46584,non functional
40959,functional
52163,non functional
26016,functional
24929,functional
19751,non functional
35243,functional
71155,functional
4053,functional
42626,non functional
31815,non functional
66922,non functional
1153,functional
29846,functional
51788,non functional
26772,functional
33830,non functional
26952,non functional
63499,functional needs repair
5757,functional
3031,functional
67536,functional
66531,non functional
13592,functional
31383,non functional
49624,non functional
55911,functional needs repair
10560,functional
49323,non functional
18346,functional needs repair
8376,functional
26654,non functional
52961,functional
64137,non functional
33771,non functional
15132,functional
45048,functional
22769,functional
5731,non functional
14169,functional
62532,functional needs repair
41005,functional
23465,functional needs repair
41084,functional
60700,functional
68236,functional
7977,non functional
47645,functional
4884,functional
7306,non functional
21613,non functional
37566,functional
14479,functional
15750,functional
57635,functional
17836,non functional
68738,functional
5007,functional
22631,functional
32240,non functional
14148,non functional
31407,functional
3288,functional needs repair
47848,functional
16513,non functional
17960,functional
13123,functional
40304,non functional
23651,functional
59202,functional
25457,functional
44240,functional
20141,functional
68128,non functional
60973,functional
1174,functional
39235,functional
45760,non functional
49075,non functional
58923,functional
23148,functional
33297,functional
3794,functional
29727,functional
1835,non functional
65,functional
42274,functional
57465,functional needs repair
47562,non functional
25937,functional
15780,functional
22367,non functional
9187,functional
53328,non functional
56361,functional
49900,non functional
4659,functional needs repair
4913,functional
11126,non functional
28777,non functional
3883,functional needs repair
43848,non functional
39591,non functional
16540,functional
65165,functional
60715,functional
37570,functional
59610,functional
57406,non functional
72587,functional
48197,non functional
68366,non functional
55337,functional
11374,functional
41214,functional
44195,non functional
2565,functional needs repair
43371,non functional
32503,functional
44200,non functional
26546,functional
33561,non functional
65152,non functional
42978,functional
42344,functional needs repair
29031,non functional
50266,functional
3747,non functional
39242,functional
27486,non functional
68925,non functional
70412,functional
44074,functional
28392,functional
37708,non functional
37194,non functional
48249,non functional
40359,non functional
58820,non functional
1006,functional needs repair
37112,non functional
64599,functional
14025,functional
15316,functional
72577,functional needs repair
20458,functional
61539,non functional
45081,non functional
71790,functional
31660,functional
47579,functional
6539,non functional
31589,functional
108,functional
711,non functional
61291,non functional
2092,non functional
29367,functional needs repair
52274,non functional
8044,functional
8681,functional
73970,functional
12439,functional
30906,functional
43257,non functional
49334,non functional
4492,functional
44080,non functional
46858,functional
8000,functional
13925,functional
32297,functional
64340,functional needs repair
73455,functional needs repair
12759,functional
29215,non functional
18612,functional needs repair
38489,functional needs repair
17766,non functional
5949,non functional
13348,non functional
53857,non functional
58189,non functional
12823,functional
55409,functional
21177,non functional
64637,functional
24768,functional needs repair
68688,non functional
38808,functional
51510,functional
71434,non functional
49993,non functional
18012,functional
63175,functional
30173,non functional
18108,non functional
17290,functional
50271,non functional
1587,non functional
62822,non functional
8432,non functional
30693,functional
50805,functional
63790,non functional
36935,functional
34287,functional
33446,non functional
64418,functional
12729,functional
12464,functional
72150,functional
42076,non functional
60226,functional
47793,non functional
51764,non functional
46777,functional
44028,functional
1270,functional
44507,functional needs repair
19970,non functional
27354,functional
42619,non functional
9184,non functional
15939,functional
49872,non functional
61035,functional
19219,non functional
45705,non functional
10697,non functional
22323,non functional
16596,functional needs repair
29177,non functional
57918,functional
68399,non functional
59356,non functional
57132,non functional
66092,functional needs repair
41450,functional
5346,non functional
3877,non functional
65132,functional
52342,non functional
23456,non functional
1216,functional
37686,non functional
2184,functional
73254,non functional
25524,functional
9242,non functional
4212,non functional
9584,non functional
4047,functional needs repair
16492,functional
46614,functional
2739,non functional
668,functional
34267,functional
35692,functional
3110,non functional
56603,functional
60268,non functional
23238,non functional
17726,non functional
12361,non functional
12246,functional
31748,functional
32893,functional
35806,non functional
70098,non functional
32208,non functional
2301,non functional
47375,functional
52416,functional
440,functional
58108,functional
44158,functional
41781,functional
57685,functional
55655,functional
27996,functional needs repair
30157,non functional
54379,functional
67564,functional
51637,functional
19480,non functional
39059,functional
684,non functional
17376,functional
64122,functional
29751,non functional
8043,functional
8974,non functional
28178,functional
11222,functional needs repair
14364,non functional
58586,functional needs repair
46664,non functional
17686,functional
59234,non functional
50113,non functional
64617,functional
28713,non functional
38189,non functional
4225,non functional
4609,non functional
7631,non functional
30668,functional
19657,functional
33884,functional
52892,functional needs repair
67791,non functional
60736,functional
4749,non functional
13393,non functional
1035,functional needs repair
50527,non functional
63948,functional
47970,functional
43698,non functional
2895,functional
54340,functional
49820,non functional
47601,functional
2752,non functional
20876,functional
39010,non functional
71199,functional
10427,functional
69395,functional
27135,functional
68796,functional
40036,non functional
53220,non functional
55806,functional
65016,non functional
20503,functional
25364,non functional
72825,functional
16960,non functional
31540,functional
38155,functional
23331,non functional
38491,non functional
73408,functional
69588,functional
55803,non functional
1950,functional
5685,functional
62038,non functional
51022,functional
47647,non functional
28692,functional
16413,functional
63929,functional
66389,functional
49177,functional
65451,functional
14032,functional
28691,non functional
25956,functional
33015,non functional
52235,functional
10318,non functional
17697,functional
56265,non functional
9625,functional
30560,non functional
38156,non functional
25769,non functional
13830,functional
14353,functional needs repair
38720,functional
56712,functional
35812,functional
26637,functional
43544,non functional
56451,functional
50668,functional
46058,non functional
29288,functional
20007,non functional
37637,functional
24809,non functional
29847,functional
33799,non functional
15019,non functional
11236,functional
18552,functional
72252,functional
35440,functional needs repair
36394,non functional
3571,functional needs repair
45634,non functional
18587,non functional
25785,functional needs repair
25034,functional
57378,non functional
58374,functional
22632,non functional
30066,functional
38891,functional
29843,non functional
51700,non functional
38654,non functional
65340,non functional
57531,non functional
6307,non functional
15830,functional
12994,functional
7525,non functional
70365,functional
59341,functional
44430,functional
62893,functional
24192,functional
45254,functional
61318,non functional
12739,non functional
42351,functional
64661,functional
8060,functional
65848,non functional
4604,functional needs repair
30339,functional
22581,non functional
515,non functional
26420,functional
10526,functional needs repair
45756,non functional
41222,functional
4906,functional
8219,functional
43320,functional
25877,non functional
63365,functional
60379,functional
56747,functional
52574,functional
32191,non functional
67361,non functional
36982,functional
10689,non functional
60025,non functional
4480,functional
62620,functional
60260,non functional
67587,functional
9602,functional
2560,non functional
25500,non functional
49787,non functional
39139,functional
51394,functional
59748,functional
19123,non functional
6326,non functional
1875,functional
64887,non functional
14422,functional
45267,functional needs repair
41170,non functional
63241,functional
52269,functional
73932,non functional
22338,functional
9871,non functional
30023,non functional
2256,non functional
63496,non functional
71383,functional
72151,functional
72929,functional
34519,functional
23837,functional
8523,functional
2059,functional
8230,non functional
34621,functional
52678,non functional
27024,functional
25746,non functional
24081,functional
21247,non functional
60719,functional
25593,non functional
6514,functional
20600,non functional
44038,functional
10758,functional
21914,functional
66865,non functional
5330,non functional
25309,functional
32487,functional
23197,functional
62395,functional
63776,functional
23930,functional
59630,functional
67644,non functional
32157,non functional
63069,non functional
59123,functional
11933,functional
48965,functional
38274,functional
65325,non functional
22721,functional
67838,functional needs repair
25660,functional
27153,non functional
34198,functional
24139,non functional
42422,non functional
29466,non functional
4631,functional
55949,non functional
12566,functional
15731,non functional
52227,non functional
71957,functional needs repair
50344,non functional
6231,functional
58482,functional needs repair
36838,non functional
7641,functional
26061,functional needs repair
68712,functional
71645,non functional
42107,functional
10538,functional
72881,functional
28605,functional
69632,functional
59761,functional
62234,functional needs repair
28962,functional
42482,functional
60854,functional
26539,non functional
1967,functional
47681,functional
35321,non functional
4174,functional
18138,non functional
56631,functional
37558,non functional
49671,non functional
60705,non functional
27620,functional
9909,functional
30710,functional
46881,non functional
35787,non functional
34685,non functional
44451,functional
33921,functional
10266,non functional
22368,non functional
38553,functional
58430,non functional
50124,non functional
2851,non functional
38723,functional
235,non functional
61331,functional
37015,functional
59949,functional
38550,functional
18217,functional
73885,functional
52782,functional
18518,non functional
12456,functional
30277,functional
50862,non functional
31166,functional
19974,functional
62285,functional
28484,functional
6201,non functional
2214,non functional
42211,functional
68438,functional
6324,functional
2378,non functional
45599,non functional
30223,functional
61565,functional needs repair
14519,non functional
50297,non functional
13299,functional
28395,functional
41435,functional
66025,non functional
65593,functional
44428,functional
1263,non functional
39658,functional
70117,non functional
9891,functional
30963,functional
7316,functional
49382,functional
34918,non functional
14830,functional
55704,functional
72566,functional
65127,functional needs repair
62920,functional
30570,non functional
44669,functional
68088,non functional
5669,functional
63695,functional
11699,functional
2757,functional
486,non functional
71003,functional
27975,functional
69164,functional
37065,functional
38702,functional
5505,functional
59946,non functional
32996,functional
50764,functional
39190,non functional
70188,non functional
58727,non functional
61147,non functional
2207,functional
54723,non functional
18847,functional
61872,functional
71386,functional
22602,non functional
39115,non functional
21721,functional
59090,functional
18182,functional
34711,functional
41975,functional
32438,functional
34436,non functional
62013,non functional
5386,functional
11630,functional needs repair
25455,non functional
51680,functional
61788,non functional
58494,functional
36101,functional
36723,functional needs repair
46585,non functional
61352,functional
28627,functional
50318,non functional
28503,functional
49906,functional
1828,non functional
32564,non functional
32148,non functional
49115,functional
16162,non functional
26360,non functional
62157,non functional
13805,functional
50977,functional
36002,non functional
56901,functional
54175,non functional
29913,functional
8329,non functional
27761,functional
74220,functional
48011,functional
12809,non functional
56675,functional
22900,functional
66510,non functional
21069,non functional
57940,functional
2707,non functional
50227,functional
45734,functional
22993,functional
24570,functional
53344,functional
645,functional
72066,functional
67611,non functional
45055,non functional
53331,functional needs repair
1439,functional
29717,non functional
41880,non functional
31251,non functional
59332,functional
34090,functional
58408,functional
58380,functional
37138,non functional
12476,functional
39562,functional
18064,non functional
69783,functional
52898,non functional
8911,non functional
18720,non functional
8520,non functional
49057,functional
6474,functional
4062,functional
18743,functional
33450,non functional
48333,non functional
30261,non functional
8834,non functional
27357,non functional
21998,non functional
58073,non functional
36625,functional
40253,functional
53332,functional
6349,functional
39653,non functional
52969,functional
71211,functional needs repair
22513,functional
34564,non functional
8516,functional needs repair
46984,functional
22561,functional
15677,non functional
13312,functional
19971,functional
25648,non functional
71427,functional
28239,functional
38583,non functional
51995,non functional
4922,non functional
72742,functional
65420,functional
2479,functional
62156,functional
19580,non functional
14749,non functional
46923,non functional
29153,functional needs repair
43592,functional
47847,functional
31955,non functional
58648,non functional
23937,functional
52600,non functional
44199,non functional
60445,functional
11090,functional
62225,functional
65539,functional
10764,functional
49456,functional
68066,functional
31926,non functional
51281,non functional
8696,non functional
21002,functional needs repair
35045,functional
19211,functional
673,functional
45937,functional
13135,functional
42971,functional
5637,functional
62324,non functional
63238,functional
70620,functional
44127,non functional
11666,functional
24988,non functional
66755,non functional
70840,functional
14301,functional
72762,functional
42605,non functional
26108,non functional
26036,non functional
49160,non functional
4385,functional
34369,functional
73836,functional
33965,non functional
54857,non functional
14770,functional
26725,functional
36454,non functional
44873,functional needs repair
2023,non functional
59516,functional
15698,functional
56581,functional
5865,functional
73733,non functional
71221,non functional
18658,functional
46952,non functional
65268,non functional
69104,functional
70019,non functional
23057,functional
40569,functional
12218,functional
4928,functional
39897,functional needs repair
47825,non functional
34604,functional
62289,functional
66000,functional
47544,functional
14600,functional
31685,non functional
71720,functional
70311,non functional
66778,functional
22385,functional
60326,functional
46316,functional
74216,functional
17895,functional
34056,functional
51304,functional
15798,functional
8902,non functional
33772,non functional
7797,functional
42815,non functional
14823,functional
59285,functional
28748,functional
57887,functional
33045,functional
33538,functional
2062,functional
34869,functional
8697,non functional
54128,functional needs repair
22265,functional
28018,non functional
50173,functional
24772,functional needs repair
70933,non functional
62728,functional needs repair
24341,non functional
3862,functional
18780,non functional
19909,non functional
10605,functional
70213,functional needs repair
72062,non functional
70596,non functional
26564,functional
23320,functional
12829,functional needs repair
28041,non functional
63942,non functional
10203,functional
11845,functional
51373,non functional
34391,functional
18598,functional
10283,functional
22736,functional
33336,functional
44852,non functional
55643,non functional
4878,non functional
45391,non functional
68791,non functional
58615,functional
47411,functional
3781,functional
64034,functional
40812,non functional
58747,non functional
27240,functional
13002,functional
45422,functional
36118,non functional
39229,functional
2357,functional
52538,functional
27986,functional needs repair
55326,functional
9900,functional
2470,functional
4463,non functional
17452,non functional
45353,non functional
23110,functional
26286,functional
28394,functional
48241,non functional
24903,functional
40110,functional needs repair
50880,functional
53747,non functional
70199,non functional
34249,functional needs repair
23276,functional needs repair
16584,functional
42580,functional
7732,non functional
20939,functional
56277,functional
27736,functional needs repair
20245,functional
73479,functional needs repair
41541,functional
35653,non functional
70842,functional
24285,functional
23296,functional
58147,non functional
68406,functional
61335,functional
27100,functional needs repair
32530,functional
8045,functional
65523,functional
63867,functional
20050,functional
39652,functional
36512,functional
74002,non functional
2317,functional
3644,non functional
19822,functional
42615,functional needs repair
43336,non functional
18456,functional
656,non functional
48191,non functional
5953,non functional
56418,functional
29669,functional
11211,functional
16942,non functional
24739,functional
65023,non functional
53084,non functional
55869,functional
58169,functional
72354,non functional
28334,non functional
40103,non functional
5370,non functional
55549,non functional
17228,functional needs repair
73037,functional
67822,functional
37001,non functional
16330,non functional
27080,functional
23891,functional needs repair
4623,non functional
39033,functional
26744,non functional
71809,non functional
15330,functional
56367,non functional
59641,functional needs repair
44572,non functional
4039,non functional
57394,non functional
9714,non functional
59287,functional needs repair
16254,functional needs repair
10471,non functional
17500,functional
50589,functional
24093,functional
39891,non functional
67660,functional needs repair
66273,functional
53372,functional
17023,functional
60873,functional
68772,non functional
34828,non functional
64578,functional
48531,functional
48303,non functional
49507,functional
21059,functional
36148,functional
68117,non functional
13257,non functional
15726,functional
59338,functional
29432,functional
72763,non functional
12648,functional
65331,functional
16804,functional needs repair
464,non functional
45233,non functional
15078,functional
65586,non functional
65698,functional
26493,non functional
15465,functional needs repair
19334,functional
5943,functional
37776,functional
29710,functional
46483,functional
18650,non functional
22846,non functional
39221,functional
13494,functional needs repair
37565,functional
29668,functional
48831,non functional
47085,non functional
24750,non functional
11847,functional
9979,functional
43919,functional needs repair
10461,functional
32432,functional
20499,functional
28788,non functional
64099,non functional
35833,functional
8344,functional
31517,non functional
3418,non functional
9105,functional
44569,functional
1176,functional
37548,non functional
56887,non functional
46527,non functional
2742,functional
32733,functional
58111,functional
23355,functional
34501,functional
13569,non functional
61579,non functional
68532,non functional
16859,non functional
3231,non functional
62374,functional
65498,functional
13076,non functional
16595,functional
10488,functional
43611,non functional
56840,functional
39483,non functional
42796,non functional
31234,functional
67069,functional
38347,non functional
57618,non functional
12299,functional
27755,functional
27289,functional
64652,functional
4694,functional
59217,functional
64084,non functional
4774,functional
54653,non functional
19051,functional
26687,functional
70009,non functional
16668,non functional
21814,functional
33021,non functional
6464,functional
33295,functional needs repair
46494,functional
68628,functional
25006,non functional
45607,functional
65568,non functional
66918,non functional
20434,non functional
28099,functional
33716,non functional
28846,functional
15822,functional
23251,non functional
42097,non functional
33059,non functional
46034,functional
73456,functional
4748,functional
21605,functional
6453,non functional
13540,functional
29282,non functional
70757,non functional
22693,non functional
51560,functional
41676,functional
60957,non functional
7396,functional
40650,functional needs repair
40473,functional
42959,functional needs repair
31944,non functional
35495,functional
35968,functional
47532,functional
16379,functional
11474,non functional
40416,non functional
67413,non functional
580,functional
43992,functional
23070,functional needs repair
44376,non functional
65079,non functional
23468,non functional
26427,non functional
31973,non functional
29015,functional
31229,functional
23435,functional
122,non functional
6554,functional
38711,non functional
18999,functional
8784,non functional
7292,functional
60733,non functional
53503,non functional
44829,functional
61289,non functional
825,functional
68949,functional
46266,functional needs repair
40237,non functional
26900,functional
35514,functional
9960,functional
40764,functional
17801,non functional
18005,functional needs repair
46458,functional
72475,non functional
18293,non functional
65463,non functional
38371,functional
26895,functional
35976,functional
11201,functional
32510,functional
38343,non functional
27904,functional
5528,non functional
26880,functional needs repair
36653,functional needs repair
49616,functional
26039,non functional
23709,functional
841,functional
64202,functional
24232,functional
66023,functional
15091,non functional
58432,functional
32605,functional
17082,non functional
73704,non functional
66233,functional
15339,non functional
14907,functional
64991,functional
17862,functional
16897,functional
35021,functional
13564,functional
73793,functional
14177,functional
44769,functional
8985,functional
3191,functional
27574,functional
59983,functional
42386,non functional
7389,non functional
72349,functional
54467,functional needs repair
55812,functional needs repair
19259,functional needs repair
50705,non functional
8790,functional
66729,non functional
54081,functional
23289,functional
18001,non functional
16004,non functional
3238,functional
56190,functional
28278,functional
28923,non functional
49785,functional
63622,functional needs repair
10401,non functional
56392,non functional
22926,functional
68734,non functional
63857,functional
14817,non functional
68390,functional
72171,non functional
70090,functional
61536,functional
20004,functional
50068,non functional
72648,non functional
4230,functional needs repair
45436,functional
11484,functional
31246,non functional
52041,functional
41533,functional
41788,non functional
23199,non functional
38873,functional
7057,non functional
14571,functional
62071,functional
1281,functional
52401,functional
54898,functional
3788,functional
47801,functional
21241,non functional
14323,non functional
58166,non functional
10232,non functional
18783,functional
14792,functional
30876,functional
27959,non functional
65839,functional
4079,non functional
72279,functional
51551,functional needs repair
65017,functional
72837,non functional
48297,functional
4648,functional
48143,functional
18394,non functional
50395,functional
40767,functional
47396,non functional
23475,non functional
4343,functional
24757,functional needs repair
67414,non functional
5582,functional
72124,non functional
21337,functional
46170,non functional
50849,functional
67855,functional
37289,non functional
29000,functional
54461,non functional
60687,functional
63591,functional
25073,non functional
41431,non functional
70710,non functional
47325,functional
67186,functional
8931,non functional
1034,non functional
53622,non functional
43807,non functional
30146,non functional
18258,functional
21939,functional
21416,non functional
12358,functional
53255,non functional
58841,functional
21346,functional
40250,functional
12969,non functional
31270,non functional
7920,functional
56264,non functional
14801,functional
63347,functional
18864,functional
23198,functional
61419,functional
42234,non functional
41707,functional
2953,non functional
45116,non functional
32826,functional
23780,functional
53699,functional
33932,non functional
59007,functional
40538,functional
46322,functional
52703,non functional
38543,functional
48609,functional
10513,functional
37628,non functional
19616,functional
4985,functional
47867,functional
43654,functional
10652,functional
49945,non functional
44795,non functional
45898,functional
6454,non functional
39413,non functional
73002,non functional
18974,non functional
5114,non functional
32277,functional
57322,non functional
19836,non functional
40068,non functional
6031,functional
32993,functional
6470,non functional
55292,functional
46236,functional
16491,non functional
4693,non functional
14562,functional
19400,non functional
39803,functional
21689,non functional
56108,non functional
1987,functional
70964,functional
42996,functional
14558,functional
30394,non functional
57272,functional
9947,functional needs repair
46875,non functional
46645,functional
25018,non functional
61172,non functional
69177,functional needs repair
6866,non functional
17800,functional needs repair
62353,non functional
69328,functional
73474,functional
66126,functional needs repair
13615,functional
22950,non functional
29741,functional
33252,non functional
38295,non functional
40111,functional
30440,non functional
13853,functional
11802,functional
39762,functional
58721,functional
44600,non functional
40023,non functional
25349,functional
65761,functional
23,non functional
58137,functional
51863,non functional
39368,functional
9012,functional
50933,functional
32972,functional
5162,functional
21782,functional
55502,functional
50743,functional
21953,non functional
8990,functional
61230,non functional
43601,functional
66071,functional
55225,non functional
26291,non functional
4795,non functional
9238,functional
6577,non functional
3386,functional
27618,functional
18833,functional
35871,functional
19122,functional
1503,non functional
1608,non functional
56945,functional
40811,functional
63195,functional
57525,functional
61077,functional
68743,functional
34464,non functional
16526,functional
57791,functional
74027,non functional
49642,functional
37027,functional
35662,non functional
10209,functional
1891,non functional
58868,non functional
3870,functional
6001,functional needs repair
65671,non functional
36033,functional
16071,functional
35553,functional
57209,non functional
72377,non functional
52487,non functional
35536,functional
7831,non functional
50817,functional
48427,functional needs repair
66017,non functional
67024,functional
5363,functional
27271,non functional
30044,functional
55497,non functional
59014,functional
38257,non functional
8609,non functional
39858,functional
1831,functional
730,functional
73936,functional
57365,non functional
73407,functional
53287,functional needs repair
28478,functional
40461,functional
25725,functional
11408,functional
46481,functional needs repair
18544,non functional
51960,non functional
41454,functional
26682,functional
9199,non functional
72795,non functional
313,functional needs repair
45477,functional
73687,functional
64917,functional
29462,functional needs repair
5170,non functional
9255,functional
50650,functional needs repair
70215,non functional
56545,functional needs repair
29092,non functional
3555,functional
37037,functional
18920,functional
40088,functional needs repair
32290,non functional
30758,functional
46196,non functional
34628,functional
58076,functional needs repair
34489,non functional
6225,functional
33539,non functional
46812,non functional
47362,non functional
52063,non functional
54848,non functional
31686,functional needs repair
51812,non functional
68069,functional
33478,functional
19030,non functional
70761,non functional
47991,functional
46237,non functional
41085,functional
72740,functional
45871,functional
5311,non functional
13152,functional
30140,non functional
6330,non functional
43251,non functional
9756,non functional
4605,non functional
9047,functional
28814,functional
13763,functional needs repair
20723,functional needs repair
24451,functional
60386,non functional
64249,functional
64274,functional
14982,functional
60314,functional
14141,non functional
67612,non functional
6284,functional
8820,functional needs repair
68404,non functional
11094,functional
70776,functional
11020,non functional
54330,non functional
64987,functional
59111,non functional
54584,non functional
16416,non functional
7862,non functional
30022,non functional
22300,functional needs repair
35545,functional
54262,non functional
18898,functional
14174,functional needs repair
64085,non functional
7655,functional needs repair
37479,functional needs repair
32814,non functional
7020,functional
43133,functional
55892,functional
31725,functional needs repair
19128,functional
17199,non functional
46182,functional
48195,functional
15467,functional
69339,functional
28072,functional
41035,functional
45797,non functional
57121,functional needs repair
45505,functional
32611,non functional
7484,non functional
49946,non functional
22402,functional needs repair
52068,non functional
59978,functional
37422,functional
25425,functional
62880,non functional
35145,functional
60871,functional
11987,functional
54283,functional
64686,functional
16870,non functional
16563,functional
72157,functional
15145,non functional
13283,non functional
54336,functional
57542,functional
62953,functional
32296,non functional
71010,functional
1630,non functional
42113,functional
67998,functional
73827,non functional
993,functional
69855,functional needs repair
44356,non functional
53173,functional
9668,non functional
36195,functional
50060,non functional
5305,non functional
888,functional
44458,functional needs repair
62243,functional
44685,non functional
49205,functional
56468,non functional
45570,non functional
19263,functional
24794,functional
20189,functional
49696,functional
46235,functional
19542,non functional
19895,functional
49834,functional needs repair
65083,non functional
7561,functional
51670,functional
58037,non functional
184,functional
10628,functional
41051,non functional
44733,non functional
43029,non functional
64200,functional
59163,non functional
26944,non functional
55953,non functional
59259,functional
22864,functional needs repair
70226,functional
5601,functional
32077,functional
8591,functional
2421,non functional
71340,non functional
982,functional
4233,non functional
25553,functional
21553,functional
23840,non functional
1068,functional
37385,functional needs repair
63954,functional
63752,non functional
4614,functional
44520,functional
2545,non functional
7863,non functional
40464,non functional
13912,non functional
61350,functional
46009,non functional
65596,functional
51418,non functional
41004,non functional
40554,functional
61339,functional
9882,functional
53662,functional
25664,functional
43373,functional
72298,non functional
64143,non functional
15919,functional
27504,functional
46302,non functional
38686,non functional
318,non functional
62976,functional
63186,non functional
72234,functional
29785,non functional
35760,non functional
42702,functional
71529,non functional
23729,functional
56614,functional
36799,functional
152,non functional
43666,functional
35927,functional
30260,functional needs repair
59937,functional
16383,functional
58927,functional
9564,functional
28942,functional
11164,non functional
73164,functional
49028,functional needs repair
45704,functional
48482,non functional
19451,non functional
29818,functional
56330,functional needs repair
46800,non functional
26816,functional
52261,functional
44163,functional
43259,non functional
28114,non functional
64926,functional
42616,functional
41795,functional
29202,functional
33994,functional
20829,functional needs repair
37255,non functional
31186,functional
48822,functional
36735,functional
40044,non functional
33319,functional
51163,functional
48198,functional needs repair
70499,non functional
31113,non functional
7586,functional
25934,non functional
71367,non functional
31175,functional
47474,non functional
36427,functional
52824,functional
62821,functional
62813,functional
56282,non functional
34807,non functional
39720,non functional
74082,non functional
50669,functional needs repair
42631,non functional
36234,functional
7989,functional
69495,functional
45198,functional
50939,non functional
56877,functional
1850,non functional
41526,functional
32247,non functional
19130,non functional
3815,functional
22881,non functional
4926,functional
38411,functional
27456,non functional
4502,functional
12868,functional
12817,functional
67261,non functional
60186,functional
48431,non functional
35965,functional
9344,non functional
10873,non functional
49146,non functional
28761,functional
31468,functional
61968,functional
27707,functional
28327,non functional
22907,functional
10681,functional
27669,non functional
45636,functional
58086,functional
67126,functional
71883,functional needs repair
18488,functional
10244,functional
13948,non functional
9648,non functional
45786,functional needs repair
4830,functional
47264,functional
3702,functional
8070,functional
55102,non functional
42246,functional
50103,functional
1196,functional
5045,functional
69100,non functional
7473,functional
50761,functional
47062,functional needs repair
3439,functional
30796,functional
60188,functional needs repair
71982,functional
59550,non functional
44089,functional
35147,functional
8810,functional needs repair
71955,functional
30662,non functional
71259,functional
63804,functional
65858,functional
33082,non functional
24224,functional
29421,functional
50588,functional
21186,functional
28651,functional
1936,non functional
31283,functional
51748,non functional
59134,functional
12813,non functional
11082,functional
59479,non functional
13704,functional
21180,functional needs repair
7973,functional
20861,functional
23434,non functional
10064,functional
35744,non functional
73191,non functional
30414,non functional
20954,functional
6110,functional
60367,non functional
42412,functional
70209,functional
25717,functional
4372,functional
69007,functional
51754,functional needs repair
48501,non functional
51683,functional needs repair
38374,functional
49517,non functional
21051,functional
30968,functional
41058,functional
53168,non functional
34490,non functional
4331,functional
63192,non functional
3757,functional
46895,functional
57257,functional
8164,non functional
27749,non functional
10016,functional needs repair
65406,functional
54372,non functional
28882,functional
12751,functional
227,functional
3502,non functional
71914,functional
63584,functional
28649,functional
64250,functional
56997,functional
74023,non functional
22303,functional
6976,non functional
24871,non functional
23550,functional
34533,non functional
41841,functional
2373,functional
4978,non functional
64948,functional
38010,functional
35029,functional
40489,functional
33168,functional needs repair
16128,non functional
50723,functional
66727,functional
67495,functional needs repair
23026,functional
290,non functional
73015,non functional
52232,non functional
63313,non functional
65070,functional
15245,functional needs repair
51261,functional
14582,non functional
60657,functional
21915,non functional
21161,non functional
431,functional
37792,non functional
51755,functional
73778,non functional
27711,functional
60035,functional
18351,functional
22848,non functional
56553,functional
58333,non functional
71043,non functional
3169,non functional
29114,functional needs repair
69401,non functional
49328,non functional
42697,functional needs repair
45409,functional
47206,functional
53868,non functional
38683,functional
25404,non functional
46317,non functional
46244,functional
67057,functional
30603,non functional
35106,functional
45571,non functional
15171,functional
47803,functional
64134,functional needs repair
23506,non functional
56080,functional
29935,non functional
30525,functional
33054,functional
65947,functional
7699,functional
55797,functional
56402,functional needs repair
14741,functional needs repair
21256,functional
70698,functional
45222,functional
17281,non functional
42948,functional
1658,functional needs repair
21377,non functional
27161,non functional
6018,non functional
61434,functional
41714,non functional
25242,functional needs repair
23796,non functional
42268,functional
50317,functional
1996,non functional
41229,functional
44633,functional
32653,functional
72196,non functional
39204,functional
32408,non functional
71195,functional
66587,functional
63232,non functional
55625,functional
46697,functional
60647,non functional
11952,functional needs repair
65598,non functional
35008,functional needs repair
49206,non functional
26266,non functional
64482,functional
61672,non functional
58796,functional
72326,non functional
73981,non functional
14165,functional
28904,functional
35510,functional
41838,functional
29199,functional needs repair
49046,non functional
71590,non functional
52294,functional
73452,functional
56954,non functional
66886,functional
21739,non functional
20657,non functional
47173,non functional
42939,functional needs repair
39149,functional
54906,functional
56031,functional
65294,non functional
29880,non functional
20303,non functional
47826,functional
36797,non functional
26563,non functional
31673,functional needs repair
24824,functional needs repair
12225,functional
5635,functional
44744,non functional
33384,functional
15236,functional
70315,non functional
52761,functional
63573,functional
36304,non functional
64170,functional
3956,functional
22878,functional
13868,functional
44445,functional needs repair
39707,non functional
52499,functional
16253,non functional
62852,non functional
40102,functional
73107,functional
5266,non functional
18347,functional
13678,non functional
22022,functional
6896,non functional
7929,non functional
69289,non functional
34776,non functional
60075,functional
8278,functional
69353,functional
25370,non functional
44585,non functional
2946,functional
27083,non functional
10836,non functional
54917,functional
8096,functional
74191,non functional
64286,functional needs repair
2677,functional
64750,functional needs repair
13982,functional needs repair
59750,functional
60917,functional needs repair
2011,functional
33580,functional
35063,non functional
58549,functional
58500,functional needs repair
43758,functional
38649,non functional
2077,functional needs repair
66520,functional
41732,non functional
71477,non functional
1317,functional
37136,functional needs repair
60277,non functional
41835,non functional
13713,functional
9562,functional needs repair
28135,functional
45115,functional
50891,functional
67328,non functional
39257,non functional
17874,non functional
62053,non functional
18761,functional
39036,functional needs repair
31822,functional
20280,non functional
69710,functional needs repair
47836,functional
57990,functional
16173,functional
5574,functional needs repair
40081,functional
32202,non functional
25888,non functional
6005,functional needs repair
10685,non functional
47397,functional
62192,non functional
54397,functional
50369,non functional
29473,functional
63029,functional
67026,functional needs repair
21187,functional
70571,non functional
69968,functional needs repair
41276,functional
73700,functional
22491,functional
71136,non functional
42913,non functional
71430,functional
33009,non functional
54568,functional
70882,non functional
47490,non functional
37936,functional
43362,non functional
25602,non functional
51721,functional
50334,functional
61297,functional
5259,non functional
62248,non functional
29281,non functional
44186,non functional
1229,functional
54280,functional
30834,non functional
37594,non functional
12920,non functional
35721,non functional
10168,functional
9039,functional
32524,functional
51714,functional
10884,non functional
66726,functional
73087,functional
39176,functional
8534,non functional
35161,non functional
46259,non functional
56222,functional
48147,non functional
25995,functional
12294,functional
27468,functional
28511,functional
30957,functional
47916,non functional
4358,functional
13079,functional needs repair
20978,functional
35120,non functional
15446,functional
30738,functional
36706,non functional
48876,functional
42498,functional
72496,functional
50092,functional
4763,functional
63710,functional
24382,functional
7997,functional
3081,non functional
41280,functional
50964,non functional
60113,functional
54636,non functional
57460,functional
50453,functional
68098,functional
5880,functional
57864,functional
51246,functional
45583,functional
47016,functional
56194,functional
64329,functional
32051,non functional
22271,functional
31871,non functional
49100,non functional
11310,functional
49036,non functional
6574,functional
35650,functional
54319,functional
22532,non functional
14762,functional
16659,functional
41022,non functional
69852,functional
34172,functional
42471,functional
550,functional
38137,functional
22233,functional
59557,functional
30184,functional
13485,non functional
64973,functional
5321,functional
32473,functional needs repair
8395,functional
41323,functional
52052,functional
40054,functional needs repair
41176,functional
38176,functional
29068,functional
40231,functional
64350,functional
58644,functional
54817,non functional
28315,non functional
19387,functional
58888,non functional
54019,functional
19711,non functional
60550,functional
11833,functional
22898,non functional
10556,functional
27610,non functional
22814,functional needs repair
69533,functional
32273,non functional
72501,functional
61002,functional
9410,functional
42396,functional
425,non functional
65435,functional
45886,non functional
44424,functional
70636,functional
53615,functional needs repair
55429,functional
59532,non functional
67812,functional
44534,functional
32367,non functional
68126,functional
10381,functional
41877,functional
35716,functional
52953,functional
24633,non functional
51689,non functional
26195,non functional
56592,functional
65098,non functional
25861,non functional
45753,non functional
47377,non functional
34545,non functional
62548,non functional
40454,functional
48227,functional
27846,functional
2484,non functional
15045,non functional
11226,non functional
66828,functional
26322,functional
53120,functional needs repair
44484,non functional
34744,functional
29820,non functional
19738,functional
58061,functional
38757,functional
29305,non functional
21790,non functional
670,functional
69042,functional
71729,functional
30061,functional
57449,functional needs repair
39153,non functional
53174,non functional
58799,functional
37441,non functional
66318,non functional
64046,functional needs repair
8298,functional
36669,functional
57289,non functional
50632,non functional
68804,functional
36845,functional
49313,functional
19927,non functional
37789,functional
25211,functional
36513,functional
5125,functional
12290,non functional
19304,non functional
17606,functional
44856,non functional
37579,non functional
73293,functional
8465,functional
70616,functional
28059,non functional
37081,non functional
30380,functional
8799,non functional
11508,functional
49909,functional
59933,functional
12693,non functional
45480,functional needs repair
38168,functional
20433,functional
69620,functional
51542,functional needs repair
42061,non functional
18855,non functional
3941,functional
50841,functional
2416,non functional
22975,functional
54307,functional
60468,functional
48449,functional
62564,functional
16581,non functional
68281,functional
71023,functional
63442,functional needs repair
1731,functional
68036,functional
5049,functional needs repair
28403,functional
39499,functional
3359,non functional
7541,functional
69595,functional
50069,non functional
6239,functional
7894,non functional
23263,functional
24034,functional
7832,functional
65775,functional
31596,functional
52303,functional needs repair
23755,non functional
36862,functional
34803,functional needs repair
53767,functional needs repair
64816,functional
67601,non functional
48983,functional
66380,functional
32975,non functional
63906,non functional
23394,non functional
2529,functional
22630,functional
10970,non functional
51354,functional
61328,functional
54649,non functional
52478,non functional
37023,functional needs repair
47575,functional
53466,non functional
62331,functional
53546,non functional
51358,functional
52156,functional
31015,non functional
68670,non functional
32800,non functional
54440,functional
66479,functional
59384,functional
312,functional
36379,non functional
2351,non functional
57137,functional
54780,functional
60443,functional
65433,non functional
29549,functional
58795,non functional
70592,non functional
12676,non functional
41223,functional
12057,non functional
8942,functional
24813,functional
36091,functional
38695,functional
66515,non functional
29179,functional
4001,functional needs repair
6058,functional
51992,non functional
26434,functional needs repair
41970,functional
46657,non functional
42131,functional
10380,functional
20650,non functional
6101,non functional
21658,non functional
55291,non functional
27303,functional
45494,functional
32138,functional
24120,non functional
55926,functional
37843,functional
12209,non functional
44010,non functional
62716,non functional
31326,functional
36053,functional
35083,non functional
17508,functional
60078,functional
34237,functional
54756,functional
65911,non functional
11584,functional
68179,functional
73686,functional
41237,functional
13659,non functional
10382,functional
64423,functional
73987,functional needs repair
29033,non functional
25777,functional
52384,functional
55826,functional
51035,non functional
24436,non functional
5009,functional
72990,non functional
33649,functional
39688,functional
54971,functional
64117,functional
63370,functional
39520,non functional
58858,functional
74013,functional
13440,functional
31026,functional
1999,functional
27854,non functional
3938,non functional
32629,non functional
56818,functional
65314,functional
51591,non functional
45959,functional
47987,non functional
2577,functional
3460,non functional
64609,functional
55619,functional
41205,non functional
38833,non functional
65588,functional
57629,functional
9375,functional
7520,functional needs repair
53799,functional
68950,functional
37902,functional
37261,functional
59521,functional
58531,functional
61279,non functional
1375,non functional
54271,functional
58512,functional
18578,functional
19720,functional
21992,functional
31599,non functional
33027,non functional
31519,functional needs repair
45121,functional
34729,non functional
30318,non functional
15623,non functional
71146,non functional
62959,functional
56588,functional needs repair
38681,functional
42551,functional
32345,functional
6378,functional
4265,non functional
2183,non functional
8364,functional needs repair
72138,functional
48429,non functional
48321,functional
44909,non functional
16009,non functional
7857,functional
37561,functional
71301,functional
18606,functional
73815,non functional
38874,non functional
4237,functional
59067,functional
60057,functional
38547,non functional
30115,non functional
13324,functional
70014,non functional
13640,functional
31851,non functional
64463,non functional
39508,functional
12061,non functional
19952,non functional
26215,functional
44649,non functional
61417,functional
54132,functional
23324,non functional
64493,functional
37720,non functional
17767,functional
25939,non functional
14680,functional
51345,functional
16137,functional needs repair
14968,functional
54029,functional
72546,non functional
58465,functional
39949,functional needs repair
25617,non functional
68695,functional
10469,functional
42763,functional
35683,non functional
46651,functional
32005,non functional
54279,functional
22143,functional needs repair
39392,functional
40746,functional
46717,functional needs repair
39676,functional
2983,functional
15789,non functional
58993,non functional
5622,functional
45219,functional
32280,non functional
18459,functional
59874,non functional
56389,functional needs repair
535,functional
2883,non functional
22459,functional
41549,non functional
44930,functional
40693,non functional
41067,functional
39919,non functional
54140,functional needs repair
13850,functional
52863,functional
71012,functional
4638,functional
67721,functional
29369,non functional
29387,non functional
26865,non functional
12824,non functional
3252,functional
20800,functional
6893,functional
20039,non functional
34278,functional
17461,functional
59201,non functional
4469,functional
57296,functional
59025,non functional
21649,non functional
68533,functional
4801,functional
59046,non functional
55891,non functional
70617,functional
16927,non functional
48583,functional
28462,non functional
55688,non functional
63434,functional
34968,non functional
38512,non functional
31914,non functional
68697,functional
30827,non functional
55868,functional
72433,functional
73976,non functional
50584,functional
36424,functional
11428,functional
48696,functional needs repair
17530,functional
34981,non functional
20639,non functional
24500,functional
59018,functional
32196,functional
40438,functional needs repair
12721,functional
42117,non functional
2696,non functional
60872,non functional
42565,functional
68321,functional
44975,functional
50410,non functional
50264,functional
11816,non functional
41649,non functional
59260,functional
43431,functional
51617,non functional
20573,functional
20671,functional needs repair
44018,functional
46762,functional
3275,non functional
3619,non functional
52094,functional
48030,functional
4383,functional
64832,functional
46297,functional
32613,functional needs repair
2850,functional
56791,functional
71794,functional
3129,functional
11446,non functional
34731,functional
44881,non functional
8719,functional
9286,non functional
35862,non functional
67079,non functional
40389,non functional
39095,non functional
45059,non functional
55830,functional
71511,functional
21742,functional needs repair
28852,functional
5047,functional
10437,non functional
34574,functional
60018,functional
24652,functional
50167,functional
29893,non functional
64175,functional
11559,functional
3975,functional
29323,functional
55876,non functional
51075,functional
34800,functional
32817,functional
13176,functional
34225,functional needs repair
66578,functional
1821,non functional
59450,functional
61064,non functional
22664,non functional
20008,functional
37387,functional
58074,functional
20744,non functional
41421,functional
18010,functional
64967,functional needs repair
47723,functional
16694,functional
52211,functional
53893,non functional
15545,functional
24200,functional
39180,non functional
3131,functional
69108,functional
19896,non functional
1982,non functional
35798,functional
43906,non functional
47178,functional
10869,functional
70595,non functional
38425,functional
19648,non functional
20079,functional
45642,functional
62160,functional
4772,non functional
51095,functional
73120,functional
38310,functional
19859,functional
13117,non functional
64645,functional
1780,functional
39119,functional
11069,functional
28534,non functional
11767,functional
47759,functional
71877,functional
5318,non functional
16320,functional needs repair
44888,functional
2942,functional
7075,functional
16495,functional
43587,functional needs repair
48545,non functional
57868,functional
19457,non functional
50928,functional
67941,functional
3689,non functional
66074,non functional
17099,non functional
10419,functional
2693,functional
57800,non functional
42281,functional
58608,non functional
49423,functional
12888,non functional
45155,non functional
63177,non functional
65914,non functional
10201,non functional
39416,functional needs repair
43083,functional
71706,non functional
8172,non functional
41390,functional
52264,non functional
53663,non functional
53975,non functional
72856,non functional
59578,functional
27253,non functional
31715,non functional
62732,functional
9869,functional
13256,functional
28204,functional
35296,non functional
56073,non functional
61937,functional
36043,non functional
47148,non functional
29240,functional
42405,non functional
10630,functional
4259,functional
45037,functional
28367,functional
73995,non functional
69889,functional
29685,non functional
38316,non functional
23330,functional needs repair
10631,functional needs repair
60566,functional
20597,non functional
39969,non functional
5771,functional
77,functional
26012,functional needs repair
34961,non functional
19311,functional
19689,functional
65178,functional
57108,functional
8005,functional
14269,functional
53617,functional
44339,non functional
33176,functional
32910,functional needs repair
61812,functional
71814,non functional
8140,non functional
49791,non functional
17340,functional
55282,functional
2664,non functional
56659,non functional
29892,non functional
36290,functional
17187,functional
27048,functional
70070,functional needs repair
37964,non functional
62179,non functional
73941,functional
24189,functional
24678,non functional
63759,functional
31399,non functional
54822,non functional
17510,functional
19973,non functional
60767,functional
3222,functional
50535,functional
65972,functional
12576,functional
22807,functional
4176,functional
32626,functional
57403,non functional
63134,functional
48572,non functional
33535,non functional
28890,non functional
25714,non functional
61496,non functional
66016,non functional
28510,functional
62926,non functional
5553,functional
45935,non functional
59545,functional
68137,functional
7161,non functional
33673,functional
65237,functional
65118,functional
3338,non functional
53943,non functional
2558,functional
38532,functional
2781,functional
8280,functional
6068,non functional
37315,non functional
48256,functional
67939,functional
66224,non functional
25713,functional
64,functional
18696,functional
42510,non functional
31328,functional
16426,functional needs repair
5719,non functional
33660,functional needs repair
2443,functional
46873,functional
15913,functional
13666,non functional
67255,non functional
47712,functional
53210,functional
21535,non functional
10219,non functional
23636,functional
5096,non functional
14016,functional
62901,non functional
9136,functional needs repair
69654,non functional
45038,non functional
29759,functional needs repair
73335,functional
41547,functional
30401,functional needs repair
55962,non functional
44120,functional
40339,functional
19362,functional
47695,functional
6335,functional
43422,functional
58424,non functional
30547,functional
48002,functional
8973,non functional
4622,functional
4791,functional
14926,functional
53838,non functional
3465,non functional
24126,functional needs repair
66310,functional
70041,functional
4991,non functional
28211,functional needs repair
68660,non functional
5595,non functional
63683,non functional
58018,functional needs repair
57133,functional
43623,functional
30479,functional
61395,non functional
34786,functional
37229,functional needs repair
25266,functional needs repair
37401,functional
2998,functional
32017,non functional
23697,non functional
56934,functional
42799,non functional
71839,non functional
65436,functional
6986,non functional
793,functional needs repair
12312,non functional
32810,non functional
73797,non functional
3814,non functional
1097,functional
33018,non functional
68987,non functional
43111,functional
45953,non functional
14679,functional
8283,functional
33207,functional
60868,non functional
32579,non functional
37238,functional
26429,non functional
25868,non functional
30724,functional
35563,non functional
67367,functional
47638,non functional
63061,non functional
45581,non functional
6773,functional
19479,functional needs repair
3898,non functional
48349,non functional
8241,functional
11861,functional
72374,non functional
53438,functional
53167,non functional
72214,functional
16414,functional
48842,non functional
25106,functional
53324,functional needs repair
29651,non functional
5060,functional needs repair
33222,functional
4639,non functional
23368,non functional
10728,functional
25091,non functional
25389,non functional
1824,functional needs repair
41776,non functional
40602,functional needs repair
51864,non functional
61775,non functional
64977,non functional
2130,functional
27002,functional
54954,functional
66964,functional
70055,non functional
41928,functional
56497,non functional
26163,functional
26168,non functional
49408,functional
44091,functional needs repair
39362,non functional
43280,non functional
46496,functional
19766,functional
9918,functional
57417,functional
17995,functional needs repair
7987,functional
62840,functional needs repair
24518,functional
72126,functional
48331,functional needs repair
7476,non functional
23861,functional
14222,functional
64515,non functional
23425,functional
1970,functional
13455,functional
11288,functional
70506,functional
28038,functional
21398,functional
35219,non functional
25394,non functional
21454,non functional
55089,functional needs repair
37278,non functional
35216,functional
38665,non functional
73023,functional
70175,functional
25724,non functional
42645,functional
48343,functional
71855,non functional
8828,functional needs repair
30841,functional
33316,functional
24577,non functional
53413,non functional
20196,functional
70573,functional
66692,functional
69730,non functional
43590,functional
34196,functional
70323,non functional
25413,functional
44108,functional
72025,functional needs repair
49037,functional
34795,non functional
53632,functional
71642,functional
17692,non functional
49083,non functional
68251,functional
46500,non functional
12622,functional
46291,functional
55201,functional
50095,functional
30897,non functional
63404,functional
67089,functional
54138,functional needs repair
23772,non functional
6356,non functional
67708,non functional
72600,functional
67320,functional
2321,functional
51142,non functional
57292,functional
53291,functional
54422,functional
59860,functional
32763,functional
33809,functional
69021,non functional
18560,non functional
9338,functional
7467,functional
21871,non functional
66256,functional
25193,functional
42393,functional
50109,non functional
62427,functional
34518,non functional
29293,functional
54197,functional
51453,non functional
34116,functional
9764,functional
33966,non functional
12649,non functional
35050,functional
1432,functional
62787,functional
4788,non functional
2461,functional
44692,non functional
3608,functional
59197,non functional
18034,functional
8203,functional
44457,functional needs repair
33892,non functional
70887,functional
23668,functional
41228,non functional
32482,non functional
50112,functional
37591,non functional
2088,functional
73190,non functional
39807,non functional
19736,functional
12776,functional needs repair
35972,functional
36507,non functional
20214,functional needs repair
70827,non functional
54858,functional
20274,functional
59661,functional
53955,non functional
26618,functional needs repair
55528,functional
14008,functional
55043,functional
5692,non functional
59039,non functional
24188,functional
13675,non functional
51624,functional needs repair
32779,non functional
70756,non functional
44896,functional
3929,functional
49880,non functional
40543,functional
37705,functional
34182,non functional
19910,functional
18265,functional
18406,functional
53790,non functional
54395,non functional
52268,functional
23213,non functional
24650,functional
67747,non functional
21497,non functional
36409,non functional
38364,functional
7090,functional
60138,non functional
63147,non functional
17458,non functional
39702,functional
26227,non functional
7127,non functional
32111,non functional
8659,non functional
8349,functional
24904,non functional
24489,non functional
6950,functional
73767,non functional
47456,non functional
4997,functional
42082,functional needs repair
15995,non functional
26781,functional
9036,functional
45984,functional
70153,non functional
66014,functional needs repair
3886,functional
43901,functional
1151,non functional
9142,functional needs repair
11402,non functional
24010,functional
55372,functional
40325,non functional
9886,non functional
9365,functional needs repair
47246,functional needs repair
56574,non functional
53934,non functional
8507,non functional
57928,functional
17729,non functional
47810,non functional
74172,functional
30846,functional
20060,functional
42951,non functional
18908,functional needs repair
59770,functional
68798,functional
39692,functional
69228,functional
4654,functional
59375,non functional
41544,non functional
57922,functional
13590,functional
2880,functional
43098,non functional
52199,functional
2091,functional
12411,non functional
9323,non functional
8114,non functional
9944,functional
52428,functional
56650,non functional
57027,functional
51511,non functional
26750,functional
23966,functional
25285,functional
4034,non functional
5472,functional
64165,functional
45145,functional
9,non functional
60088,functional
59500,non functional
49246,functional needs repair
3832,non functional
55697,non functional
65116,non functional
31848,functional
47679,functional
27713,non functional
65952,functional
70915,functional
72963,non functional
16049,functional
57521,functional
1841,functional
16293,functional
37151,functional
32507,functional
24203,functional
43018,functional
10679,functional
30773,non functional
30404,non functional
36110,non functional
16283,non functional
55689,non functional
24574,non functional
20130,non functional
28272,functional needs repair
63684,functional
12374,non functional
51222,non functional
49807,functional needs repair
44748,functional
20411,non functional
42443,non functional
787,functional
44394,non functional
5034,functional
72481,functional
6262,non functional
28195,functional
66005,non functional
35249,non functional
23310,non functional
26898,functional needs repair
54567,functional
41888,functional
2231,functional
8440,functional
16705,functional needs repair
38273,non functional
28614,functional
3824,non functional
27326,functional
69118,functional
60467,functional needs repair
64814,functional
13094,functional needs repair
4430,non functional
2414,functional
68994,functional
17469,functional
35271,functional
32114,functional needs repair
11953,functional
64011,functional
35661,functional
47126,non functional
25175,functional needs repair
56327,functional
19731,non functional
23164,functional
6026,functional
16861,non functional
17026,non functional
43672,functional
23120,functional needs repair
58279,functional
2631,functional needs repair
9450,functional
7276,non functional
7240,functional
48826,non functional
18751,non functional
27917,non functional
62117,non functional
71630,functional
45464,functional
12088,functional
51387,functional
64659,non functional
1846,functional
65532,functional
47974,functional
72405,non functional
26907,non functional
29147,functional
7911,non functional
23702,functional
487,functional
73870,functional
32718,functional
24504,functional
33828,non functional
3051,non functional
9750,functional
8306,non functional
64475,functional
49381,non functional
48447,functional
46920,functional
5368,functional
52007,non functional
65700,non functional
70380,functional
69915,non functional
53068,functional
53048,non functional
1338,non functional
68729,functional
48368,non functional
38948,functional
67352,non functional
14773,non functional
9350,functional
1455,functional
7553,non functional
63376,functional
29496,non functional
39734,non functional
43348,non functional
10862,non functional
11292,non functional
2889,functional
16641,functional
63258,functional
15403,non functional
68306,functional
50860,functional
41744,non functional
31020,functional
57402,functional
47260,non functional
73782,functional
55006,functional
62218,non functional
44429,functional
12488,non functional
63566,functional
41870,non functional
56739,functional
29517,functional
38315,functional
7787,functional
49967,functional
71375,functional
48941,non functional
10634,functional
19353,functional
51068,non functional
47854,non functional
31538,non functional
25575,functional
61456,functional
62889,functional
74161,non functional
9518,functional
35424,non functional
17109,non functional
35600,non functional
60081,functional
23242,functional
8946,functional
53774,non functional
42006,non functional
1631,non functional
26120,functional
55119,non functional
43161,functional
38876,non functional
16579,functional
29719,non functional
71627,functional
1239,functional
45354,non functional
26771,non functional
51988,functional
73432,non functional
69282,functional
14108,non functional
68508,non functional
65455,functional needs repair
7740,functional
53380,functional
4882,non functional
48221,functional
71840,functional
39498,functional
50918,functional
51166,functional
59099,functional
1474,functional
20147,functional
37290,functional
27619,functional
5356,functional needs repair
697,functional
40207,functional
10143,functional
13795,functional
37781,non functional
10870,non functional
22524,non functional
3151,functional
18148,non functional
56184,functional
50991,functional
33618,non functional
2083,functional
45093,non functional
42454,non functional
19215,non functional
14784,non functional
43045,non functional
12039,functional
23229,functional
330,functional
54576,non functional
50355,non functional
68548,functional
40578,non functional
56560,functional needs repair
3992,functional
65218,functional
47249,non functional
71664,non functional
23535,non functional
63652,non functional
73575,non functional
40246,functional
52842,functional
34710,non functional
42339,functional
50675,functional
33956,non functional
38596,functional
7527,functional
50936,functional needs repair
54624,functional
56288,functional
22318,functional
59304,functional
47918,functional
67879,non functional
61001,non functional
12496,functional
53973,functional
44292,functional
17898,non functional
1528,non functional
44268,functional
43165,non functional
2336,non functional
65894,functional
7406,non functional
74145,functional
20587,non functional
28274,functional
18611,functional
28732,functional
26567,functional
2481,non functional
60105,non functional
54024,functional
27369,functional needs repair
16367,functional
18667,functional
8427,functional
62841,functional
71852,functional
11653,functional
70044,non functional
35410,functional
65360,non functional
7956,non functional
14424,functional
62281,functional needs repair
61993,non functional
32697,functional
54534,non functional
52498,functional
48528,non functional
3395,non functional
2823,functional
28963,non functional
20777,non functional
69246,non functional
16957,functional
49441,functional
41762,non functional
39213,functional
66177,non functional
33173,functional
34400,non functional
12585,non functional
7339,non functional
8765,functional
50810,functional
14973,non functional
9842,functional
37777,functional
65752,functional needs repair
71513,non functional
10146,non functional
7653,non functional
49187,functional needs repair
48409,functional
62054,functional
66882,functional
65013,non functional
20226,non functional
22160,non functional
7839,functional
47576,non functional
44396,non functional
23436,functional
22142,functional
39048,non functional
3947,non functional
52234,non functional
23371,functional
53912,functional needs repair
9773,functional
56432,functional
25779,functional
51574,non functional
30483,non functional
64014,non functional
25157,functional
14337,functional
67834,non functional
9526,non functional
7756,functional
2903,functional
19977,non functional
19591,non functional
3384,non functional
10290,functional
64160,non functional
55254,non functional
60348,non functional
14341,non functional
6081,functional
53853,non functional
46523,non functional
73058,non functional
55533,functional needs repair
12152,non functional
47727,functional
33518,non functional
8932,functional
40955,functional
361,functional
45723,non functional
52624,non functional
58862,functional
26007,functional
58573,functional
31594,functional
53092,functional
32738,non functional
57452,functional
25985,functional
41620,non functional
52528,non functional
15123,non functional
68790,functional
39708,functional needs repair
61915,functional
50378,functional
58565,functional
25731,non functional
73436,functional
63533,functional needs repair
996,functional
16169,functional
59984,non functional
19395,functional needs repair
3851,functional
4116,functional
49686,functional
51206,non functional
27496,functional
41962,non functional
1935,functional
5894,functional
41082,functional needs repair
65675,non functional
58517,non functional
21513,functional
46349,functional
70113,functional
32591,functional
60054,functional
16187,functional
64154,functional
52920,functional needs repair
68495,functional
40587,functional
72543,non functional
69059,functional
62936,functional
62194,functional
40714,non functional
67520,functional
20516,non functional
66312,functional
1373,functional
7025,non functional
52170,functional needs repair
60557,functional
42500,functional
68047,non functional
25060,functional
31162,non functional
45079,functional
9313,functional
65176,functional needs repair
33527,functional
55229,non functional
26048,functional
25367,functional
13641,functional
15137,functional
16534,non functional
67577,functional
31301,functional
47785,functional
47071,functional
33255,non functional
65603,non functional
60486,non functional
69254,functional
23969,functional
6198,functional
10439,functional needs repair
69867,functional
63390,non functional
30838,non functional
42023,non functional
34453,functional
73144,functional
41845,functional
57923,functional
1273,functional
59114,functional
5257,functional
11995,functional
70534,non functional
43210,functional
39784,functional
51157,functional
36299,functional
16515,functional
49952,functional
48962,functional
58828,functional needs repair
34988,functional
18267,functional
18701,functional
51009,non functional
32371,functional
19883,non functional
21142,non functional
68315,non functional
48073,functional
30428,functional
47551,non functional
47242,functional needs repair
3244,functional
37080,functional
74211,functional
6736,functional
73063,functional
8437,non functional
14891,functional
49974,non functional
70238,functional
66336,non functional
21636,non functional
64642,non functional
54172,non functional
71830,functional
41338,functional
10703,functional
36649,non functional
3874,functional
26552,functional
5618,functional
48974,non functional
67655,non functional
34829,functional
46804,functional
66931,non functional
28984,functional needs repair
43598,functional needs repair
68758,functional
64107,functional
46995,non functional
56455,non functional
66841,non functional
33363,non functional
1266,non functional
8069,functional
67945,functional
18709,non functional
59645,functional
18837,non functional
23664,non functional
73557,non functional
50404,non functional
63541,non functional
23642,functional needs repair
72797,functional
25573,functional
10552,functional
12133,non functional
32598,functional
51592,functional
42779,functional
2538,non functional
21671,functional
62116,functional
28652,non functional
64239,functional
35795,non functional
10044,non functional
68415,non functional
21372,functional
54120,non functional
70325,functional
71254,functional
67183,non functional
22503,functional
62284,non functional
16616,functional needs repair
12623,functional
31444,functional
8867,functional
46343,functional needs repair
62545,non functional
69250,functional
18550,functional
19721,functional
5797,functional
23105,functional
71198,functional
53318,functional
46495,functional
10258,functional
46772,functional
16921,non functional
45018,non functional
4531,non functional
45542,non functional
66372,non functional
22294,non functional
45175,functional
26088,functional
63196,functional
44894,functional needs repair
47733,functional
22665,functional
6933,functional
23222,non functional
5335,functional
25906,functional
68032,functional
47874,functional
59558,non functional
19803,functional
20571,functional
7394,functional
61718,non functional
24969,non functional
29649,non functional
43679,non functional
17312,functional
71056,functional
21164,functional
17900,non functional
61057,functional
42002,functional
19571,non functional
38427,functional
54080,functional
72285,functional
20770,functional
26229,functional
33449,functional
18136,non functional
68766,functional
37918,non functional
55975,functional
58036,functional
6419,non functional
59334,functional
14705,functional
10015,functional
15769,functional
64618,functional needs repair
16067,functional
58845,functional
36897,functional
69935,functional
25222,functional
20664,functional
11185,functional
61985,functional
28866,non functional
44473,functional
26231,non functional
64715,functional
20720,functional
35457,functional needs repair
70447,non functional
17579,functional
34099,functional
2980,functional needs repair
18255,non functional
27201,non functional
56049,non functional
68840,non functional
8066,non functional
14309,non functional
46545,functional
64982,functional
57532,functional
30810,functional
30042,functional
64407,functional
55703,non functional
51548,functional
46135,functional
64446,non functional
52655,non functional
17093,functional needs repair
58300,non functional
18894,non functional
26770,functional
53870,functional
46392,functional
62452,non functional
36538,non functional
25926,functional
36113,functional
70471,functional
39997,non functional
18146,functional
57636,functional
42488,functional
202,functional
44883,functional
3800,non functional
12607,non functional
187,non functional
26341,functional needs repair
33100,functional needs repair
22719,non functional
56822,functional
55112,functional
11777,non functional
51816,non functional
63970,functional
55995,non functional
8029,functional
32956,functional
62417,functional
62796,functional
38689,functional needs repair
59166,functional
14544,functional
45248,functional
54405,non functional
65705,functional
25688,non functional
7789,functional needs repair
44252,non functional
61946,functional
64192,non functional
51322,non functional
14722,functional
46152,non functional
44088,non functional
73268,functional needs repair
18869,non functional
24006,functional
49516,non functional
42755,non functional
29211,non functional
63886,functional
9436,functional
44695,functional
41678,non functional
22344,non functional
48725,functional
57790,non functional
50438,functional
42261,functional
56261,functional
23953,functional
48493,functional needs repair
49608,functional
68619,non functional
69808,non functional
63220,functional
51076,non functional
53994,functional
20809,functional
62406,functional
10825,functional
55131,functional
66816,functional
31188,non functional
27923,non functional
224,functional
28672,functional
59729,functional
71950,non functional
41756,non functional
10663,non functional
67146,non functional
26841,non functional
20794,functional
13474,non functional
52101,functional
15846,functional
44810,non functional
29724,functional
72623,non functional
28356,functional
69491,functional
5171,functional
41669,non functional
37230,non functional
62520,functional needs repair
61092,non functional
15437,functional
28376,functional needs repair
16634,functional
37564,functional
22932,functional
201,functional
38407,non functional
22419,functional
41709,functional
68140,functional
15578,functional
68770,functional
56067,non functional
10285,functional
71523,functional
12778,non functional
15721,non functional
9860,functional
40107,functional
28623,functional
62237,non functional
55976,non functional
56156,non functional
36159,non functional
69628,functional
37114,functional
70344,non functional
12041,non functional
25415,functional
19156,functional
60841,functional
41598,non functional
44716,functional
64746,functional
36834,functional
63111,functional needs repair
511,functional
57023,non functional
34147,non functional
50473,functional
18745,non functional
73609,functional needs repair
56226,non functional
1465,functional
38577,functional
44629,non functional
70999,non functional
30450,functional
53497,functional
43665,non functional
64253,functional
68467,functional
22398,non functional
23584,non functional
4946,non functional
16274,non functional
43688,functional
57642,functional needs repair
65039,functional
26473,functional
56162,functional
69233,functional
66122,functional
22472,functional
52357,non functional
306,non functional
69308,functional needs repair
34428,non functional
70614,non functional
26590,functional
52793,functional
60791,non functional
56738,functional
73876,non functional
47614,functional
61729,functional
19131,functional
26901,functional
74084,functional
4273,functional
58080,non functional
8961,non functional
46878,functional
60254,functional
57904,functional
48538,functional
57076,non functional
45881,non functional
356,functional
9069,functional
33294,non functional
8098,functional
59213,functional
26067,functional
22717,non functional
37062,functional
64086,non functional
3937,functional
64813,functional
47687,functional
18639,functional
20343,non functional
6158,functional
55241,non functional
29155,functional
73712,non functional
14053,functional needs repair
41113,functional
73102,non functional
63535,functional
20170,functional needs repair
47662,functional
47332,non functional
40214,non functional
45828,functional
26057,non functional
61640,functional
56200,non functional
36132,functional needs repair
4507,non functional
45839,non functional
63233,functional
34482,non functional
17587,functional
20475,non functional
48674,non functional
59621,non functional
12254,functional
25657,functional
12805,functional
72304,non functional
71125,functional needs repair
59289,non functional
68299,functional
9403,functional
11418,non functional
5302,non functional
37758,non functional
36099,functional
33935,non functional
40279,functional
51172,functional
40274,non functional
63545,non functional
51595,functional
38406,functional
39619,functional needs repair
64119,non functional
35222,functional
69700,functional needs repair
31378,non functional
20254,non functional
32937,functional
39108,functional
62733,functional
26464,non functional
73673,functional
58207,functional
5827,non functional
62126,functional
33136,functional
14825,non functional
74159,functional
43141,functional
65687,non functional
63092,functional
7737,functional
28298,functional
12966,functional
43811,functional
37063,functional
69363,functional
4542,non functional
21957,functional
34449,functional
67754,functional
28943,non functional
4485,functional
26595,functional needs repair
61398,non functional
28524,functional
23989,non functional
2290,non functional
57165,functional
14514,functional
32582,functional
19139,functional
13701,functional
48262,functional needs repair
39450,non functional
65833,non functional
53315,non functional
70982,functional
30792,non functional
38906,functional
50507,functional
21107,non functional
44198,functional
42173,functional
19769,functional
57249,non functional
18661,functional
25234,functional
62684,functional
9259,non functional
11652,functional
39926,non functional
30214,non functional
47940,non functional
61133,non functional
32666,functional needs repair
53815,functional
60380,non functional
56814,functional needs repair
39069,functional
73502,functional
7021,non functional
48397,non functional
343,non functional
28535,functional
17227,non functional
19538,non functional
49823,non functional
71728,functional
45446,non functional
1438,non functional
25893,non functional
1088,functional
24483,functional
2921,non functional
56223,functional
38780,functional
34832,functional
5105,functional
25857,functional
49806,functional
68102,non functional
19535,functional
3462,functional
22550,functional needs repair
20549,functional
55318,functional
61211,non functional
45411,non functional
38236,non functional
28377,functional
11609,functional
26800,non functional
19509,functional
57559,functional needs repair
30970,functional
62535,functional
73262,functional
46790,non functional
41501,non functional
36564,functional
48018,functional
48054,non functional
53321,non functional
53887,functional
19019,non functional
557,functional
42835,non functional
48785,functional
11169,functional
30948,functional
29059,functional
57765,functional
11106,functional
51396,non functional
65845,functional
27666,functional
67497,non functional
12385,functional
6940,functional
37030,non functional
48735,functional
70446,functional
39662,non functional
10020,functional
44322,non functional
34684,functional
48151,non functional
54605,functional
73664,non functional
32610,functional
49808,functional
47729,functional
37953,functional
10783,non functional
59602,functional
16499,functional
31240,non functional
68647,non functional
38444,functional
10429,functional
43890,non functional
1553,functional
71320,non functional
18123,non functional
38747,functional
60328,functional
37167,functional
65374,non functional
29693,non functional
26614,functional
5624,non functional
8190,functional
41106,non functional
16950,non functional
24,non functional
9803,functional
59960,non functional
52942,functional
30816,functional
60637,non functional
13535,non functional
71993,functional
22044,functional
53199,functional
67213,functional
70457,functional
64820,functional
11306,functional
36005,functional
36827,functional
61379,functional
34569,functional
58130,non functional
48917,functional
21005,non functional
51257,non functional
28024,non functional
66834,non functional
10719,functional
21642,non functional
2728,functional needs repair
3654,functional
16885,non functional
63374,functional
28310,functional needs repair
64388,functional
30717,functional
30572,non functional
45286,non functional
33201,functional
34179,non functional
25802,non functional
68352,non functional
57602,functional
63916,non functional
28116,functional
17101,functional
448,functional
63927,non functional
69610,non functional
47448,non functional
45421,functional
48548,non functional
8206,non functional
38792,functional
65686,non functional
29364,functional
22749,functional
55518,non functional
46688,functional
4768,functional needs repair
66102,functional
4363,non functional
28589,functional
40090,non functional
47134,functional
39045,non functional
55939,non functional
18882,non functional
48777,functional
71484,functional
36204,non functional
60397,functional needs repair
48642,non functional
11656,functional
22332,non functional
35368,functional
49376,functional
46786,functional
67098,non functional
72264,non functional
4381,non functional
68685,non functional
17805,non functional
71268,functional
31736,functional needs repair
55774,non functional
7577,non functional
21866,functional
71528,functional
55183,functional
70550,non functional
70892,functional
14833,functional
49885,functional
25545,functional
70223,functional
17879,functional
56710,non functional
54603,functional
45782,non functional
37940,functional
19669,non functional
18226,non functional
45578,non functional
40086,functional
62619,functional
15611,functional
13554,functional
66978,functional
39694,functional
50444,functional
13409,functional needs repair
30457,non functional
24205,non functional
56109,functional
46994,non functional
18049,functional needs repair
69661,functional
46591,functional
4026,non functional
7201,non functional
5019,functional
26681,functional
55404,functional needs repair
14340,non functional
67632,non functional
46561,functional
27041,non functional
10653,functional
9079,functional needs repair
63362,non functional
32381,functional
57954,non functional
19501,non functional
61074,non functional
27795,non functional
33331,functional
31,non functional
43974,non functional
20144,functional needs repair
29568,non functional
62396,functional
40292,non functional
9129,non functional
26476,non functional
29615,non functional
53782,functional
64466,functional
33736,non functional
13894,non functional
25243,non functional
21522,functional
51625,functional
49886,functional
15857,functional
55100,non functional
26330,non functional
26189,non functional
45717,functional needs repair
1700,non functional
13170,functional
5825,functional
8927,non functional
31051,functional
73877,functional
19651,non functional
2965,non functional
6343,non functional
18674,functional
64537,functional
43232,functional
65086,functional
3902,functional needs repair
16055,non functional
13318,functional
24235,functional
72657,functional
2616,non functional
72143,non functional
68523,non functional
51799,non functional
19251,functional
34375,functional
44452,non functional
23015,functional needs repair
26031,functional
17550,functional
11881,non functional
14441,non functional
20763,non functional
40829,functional
38089,non functional
29258,functional
57103,non functional
30187,non functional
43353,non functional
30749,non functional
30420,functional
64448,functional
47290,functional
43928,non functional
67094,functional
32717,functional
41997,non functional
12880,non functional
21295,non functional
65612,non functional
1702,functional
23661,functional
34651,non functional
53021,functional
32940,functional
24728,non functional
19044,functional
71856,functional
35181,non functional
49656,functional
48556,functional
3093,non functional
22709,non functional
49005,functional needs repair
25014,functional
28432,non functional
50400,functional
23117,functional needs repair
21159,functional
808,functional
35359,functional needs repair
37093,functional
64592,functional
41861,non functional
4905,functional
15695,functional
32026,functional
19236,functional
19931,functional
20609,non functional
1997,non functional
64354,functional
34505,non functional
22267,functional
50505,non functional
17061,functional
46789,functional
67005,functional
10599,functional
45473,functional
16687,functional
4477,functional
69033,functional
48950,functional
56718,functional needs repair
54520,non functional
54056,functional
44370,non functional
53583,functional
47682,non functional
59942,functional
53155,non functional
59950,non functional
31466,non functional
3525,non functional
56259,non functional
12720,functional needs repair
9789,non functional
68296,non functional
29889,functional needs repair
57127,functional
61334,functional
51878,functional
49291,functional
70164,non functional
66625,non functional
1606,functional
19582,non functional
6038,functional
22087,non functional
72776,functional
64784,functional
58043,functional
27790,functional
46892,functional
58877,functional
49390,non functional
30203,non functional
53437,functional
32727,functional
59816,functional
42049,functional
54055,functional
5967,functional
57370,functional
53795,functional
55683,functional
31779,functional
47660,functional
56556,functional
21009,functional
42213,non functional
72274,functional
1171,functional
64757,non functional
45194,functional
72765,functional
26498,functional
20853,functional
42078,functional
35617,functional
41869,non functional
63437,non functional
18199,functional
20112,functional
16151,non functional
30941,non functional
26418,non functional
49912,functional
13724,functional
12773,non functional
46007,functional
17966,non functional
11230,functional
23637,functional
39249,functional
51244,non functional
38900,functional
62240,non functional
26530,functional needs repair
5003,functional
45896,non functional
58973,functional
65419,functional
40390,functional
38520,functional
59561,functional
71445,non functional
12547,functional
15510,functional
65322,non functional
51317,non functional
17232,non functional
54452,non functional
25955,functional
45134,functional needs repair
69325,non functional
55341,non functional
5958,functional
37871,functional
31769,functional
66713,functional
22753,non functional
63491,functional
10789,non functional
30266,non functional
10708,non functional
62111,non functional
21184,non functional
67169,functional needs repair
69738,functional
55342,functional
43279,functional
27328,functional
67411,functional
21277,functional
30210,functional
12782,non functional
61774,functional
22544,functional
40333,non functional
51853,non functional
26948,non functional
74109,functional needs repair
72792,non functional
34107,non functional
46204,functional
41602,non functional
64620,functional
36782,functional
27373,non functional
3725,functional
29711,functional
23683,functional
61238,non functional
38708,functional needs repair
65146,non functional
64276,functional
69484,functional
32542,non functional
61719,non functional
37626,functional
27869,functional
44765,non functional
30559,functional
39379,functional
63459,functional needs repair
24084,non functional
42743,functional
36008,non functional
18617,non functional
3099,functional
60852,functional
229,functional needs repair
30134,non functional
35110,functional
69213,non functional
38150,functional
63726,non functional
20494,functional
69890,functional
26272,functional
62120,functional
10642,functional
36952,functional
2222,functional
8386,functional
15685,non functional
10988,functional
35797,functional
5660,functional
5835,functional
43040,functional
31523,non functional
32661,non functional
26706,non functional
51561,non functional
9656,non functional
56180,functional
28746,functional
34721,functional
17288,non functional
17933,functional
39955,functional
61023,functional
36946,non functional
25655,functional
54737,functional
27519,non functional
43138,functional
1564,non functional
43189,non functional
17313,functional
64349,non functional
17116,functional
58268,functional needs repair
32151,non functional
48159,functional
51801,non functional
7463,non functional
46064,functional
21285,non functional
12919,non functional
63217,functional
29941,functional
46040,non functional
24287,non functional
69187,non functional
13915,functional
43090,functional
56870,functional
41577,non functional
16981,functional
4437,functional
23051,non functional
15851,non functional
65513,non functional
69341,functional
18867,functional
51168,functional
48729,functional
591,functional
70928,functional
63102,functional
10902,functional
65734,functional
36473,functional
48911,functional
38917,functional
55220,non functional
24862,functional
2924,functional
41006,non functional
53449,non functional
34994,non functional
3732,non functional
49463,non functional
36039,functional needs repair
69952,functional
30089,functional
51250,non functional
20270,functional
1186,functional
4257,functional
22109,functional
30145,functional
72743,functional
28505,non functional
73259,functional
64611,functional
590,non functional
25808,functional
5289,functional
57905,functional
38927,functional
34451,non functional
38703,functional
21279,functional
29514,functional needs repair
6975,functional
24183,non functional
46081,functional
65663,non functional
70643,non functional
56212,non functional
13426,non functional
64476,functional
43050,functional
54689,non functional
49761,functional
37028,non functional
20282,functional
70102,functional
14478,non functional
23555,non functional
41261,non functional
42349,functional
35198,functional
67149,non functional
8324,functional
64664,functional
33634,functional
21510,functional needs repair
47210,functional
25775,functional
63467,functional
6267,functional
28113,functional
54997,functional
40894,functional
33601,functional
20676,functional
35853,functional needs repair
27654,functional
72440,functional
7320,non functional
51776,functional
66390,non functional
62739,functional
61619,functional
34197,functional needs repair
12662,functional
52160,functional
133,non functional
35725,functional
5347,non functional
47137,non functional
13229,functional
45597,functional
56289,functional needs repair
37471,functional
16394,functional
52595,functional
63420,non functional
21556,functional
47910,non functional
46329,functional
8420,functional
65502,non functional
28870,functional
10084,functional needs repair
53824,non functional
39068,non functional
5810,functional
39306,non functional
72785,non functional
42849,non functional
57030,functional
68266,functional
51374,functional
25803,non functional
540,non functional
4162,non functional
6594,non functional
65944,non functional
37455,non functional
18998,non functional
45177,functional
67512,non functional
71313,functional needs repair
20379,functional needs repair
45841,functional
26158,functional
42575,non functional
38850,non functional
54492,functional
50050,functional
46607,functional
12493,non functional
42116,non functional
34075,functional
70554,non functional
44436,non functional
54563,functional
33591,functional needs repair
56691,functional
71255,functional
46420,functional
19140,functional
28901,non functional
48066,non functional
51276,functional
60711,non functional
8004,functional
49987,non functional
25416,functional
43940,functional
32773,functional
19245,functional needs repair
36908,functional
41429,functional
4993,non functional
19118,functional
59008,functional
11945,non functional
23701,non functional
30681,non functional
48836,non functional
28264,non functional
74129,non functional
58095,functional
17321,non functional
29993,non functional
5322,non functional
26074,functional
45380,functional
67598,non functional
39922,non functional
14200,functional
24673,non functional
36333,non functional
22558,functional
50463,functional
19369,non functional
41733,functional
68198,functional
45666,non functional
41026,functional
12090,functional
194,functional needs repair
39058,functional
27966,non functional
23386,functional
69819,non functional
64770,functional
63450,functional
35846,non functional
30903,non functional
34626,non functional
18708,non functional
59731,non functional
33159,non functional
58635,functional
28383,functional
57160,functional
38869,functional
55145,functional
56956,non functional
40890,functional
24097,functional
5804,non functional
9593,functional
52058,non functional
54685,functional
46766,non functional
26553,non functional
37981,functional
29324,functional
15180,non functional
60697,functional needs repair
44030,non functional
11516,functional
23689,non functional
792,functional
37937,functional
58942,non functional
61183,functional
2688,functional
5610,functional
53695,non functional
8067,functional
53303,non functional
24018,non functional
32750,functional
58472,functional
52263,non functional
38275,functional
5398,functional
35228,functional
44142,non functional
66050,functional
72402,functional
52362,functional
39960,non functional
49071,functional needs repair
69994,functional
11013,functional
13137,functional
30460,functional
46008,functional
38303,functional
46314,non functional
31067,functional
41493,non functional
14835,functional
43576,functional
51081,functional
40902,functional
9622,functional
67430,non functional
18137,non functional
14592,non functional
9483,non functional
48473,functional
46125,functional needs repair
5048,functional
36693,non functional
44740,functional
70369,non functional
14298,non functional
28046,non functional
74096,non functional
59486,functional
9707,functional
39841,functional
18,functional
16594,non functional
35626,functional
14390,non functional
12388,functional needs repair
69572,functional
4555,functional
15207,functional
38666,functional
27918,functional needs repair
6985,non functional
31213,functional needs repair
56257,functional
69385,non functional
9121,functional
20428,non functional
50268,functional
9019,non functional
8844,functional
19218,functional needs repair
42949,non functional
19186,non functional
16670,functional
11784,functional
64127,functional
38495,functional
50730,non functional
61341,non functional
46191,functional
40176,functional
32684,non functional
49545,non functional
69802,functional
30721,functional
20058,non functional
17518,non functional
29422,functional
10467,functional
66132,functional needs repair
31141,non functional
30655,functional
73202,non functional
7329,functional
60271,functional
29264,non functional
27117,functional
55285,non functional
18512,functional
67614,functional
27980,non functional
47063,functional
27069,non functional
68571,functional
49698,functional
58175,functional needs repair
43745,functional
56491,non functional
56051,non functional
25101,non functional
54564,functional
21627,functional
63703,functional needs repair
64662,non functional
59530,functional
67364,functional
21934,non functional
53288,functional
63603,functional
20507,functional
50937,functional
49965,non functional
73789,non functional
40898,non functional
23348,functional
31665,non functional
43549,functional
45544,non functional
44912,non functional
41262,functional
22074,functional
67531,functional
42834,non functional
71736,non functional
811,functional
37691,functional
29249,functional needs repair
40015,functional
16401,functional
34177,functional needs repair
63154,functional
7433,functional
70980,functional
51944,functional
42710,functional
62220,functional
13789,functional
18419,functional
16386,non functional
25387,non functional
27333,non functional
7579,non functional
20356,functional
10888,functional
42495,non functional
21280,functional needs repair
13618,non functional
45509,functional
51558,non functional
9709,non functional
28844,functional needs repair
44969,non functional
22334,functional
27982,functional
9408,functional
27160,non functional
33477,non functional
51821,functional
58264,functional
60245,non functional
73556,functional
27119,non functional
49979,non functional
12122,functional
52674,functional
4992,non functional
32333,functional
16246,functional
46815,functional
17608,functional
59728,functional
3128,functional
12530,non functional
65329,functional
54289,functional
29705,non functional
46680,functional
26852,functional
29416,functional
54386,functional
47033,functional
3279,functional
2429,functional
12908,non functional
47635,functional
4890,functional needs repair
57485,functional
16204,functional
16918,non functional
38346,functional
61193,functional
33514,non functional
17817,non functional
16911,functional
18682,functional needs repair
60835,functional
22189,non functional
34676,non functional
49825,functional
64722,non functional
21913,functional needs repair
60794,functional
71437,functional
30967,functional
23096,functional
21695,non functional
11272,functional
42836,functional
35455,functional
50252,non functional
9101,functional
13972,non functional
22738,functional
10306,non functional
4525,non functional
54977,functional
764,functional
66612,functional
40046,functional
50221,non functional
1376,functional
41368,functional
6094,functional
69149,non functional
49665,functional
59146,functional
16103,functional
12019,non functional
16468,non functional
28492,functional needs repair
12443,functional
53144,non functional
56933,non functional
9702,functional
59459,non functional
40768,functional
17983,functional
18636,non functional
44489,non functional
9041,functional
7139,non functional
32285,functional
60795,non functional
64724,non functional
39774,functional
14697,non functional
12401,functional
58342,functional
7671,non functional
19135,non functional
12550,functional
46511,functional
19129,non functional
56655,functional
19762,non functional
60592,non functional
40506,functional
13434,functional needs repair
22515,functional
59456,functional
41091,functional
20262,functional
58392,functional
38054,functional
23682,functional needs repair
6282,functional
11167,functional
42317,non functional
24505,functional
62640,functional
29907,functional
3513,functional
63963,functional
64692,non functional
2265,functional
69591,functional
73792,non functional
37661,functional
62087,non functional
49938,functional needs repair
65481,functional
57750,functional
58557,non functional
73919,functional needs repair
6853,functional needs repair
6549,functional
62030,functional
4316,functional
45742,functional
27407,non functional
57798,non functional
38019,functional
1463,functional
51930,functional
68308,non functional
878,functional
68391,functional
13058,functional
14508,functional
47610,functional
68381,functional
19470,functional
23286,non functional
16626,non functional
58798,functional needs repair
24735,functional
49076,functional
51124,functional
72113,non functional
52569,functional
29091,functional
64651,functional
70672,non functional
53419,functional
10553,functional
1797,functional
55140,functional
70983,non functional
57355,non functional
68241,functional needs repair
8588,functional
50874,non functional
50578,functional
13166,non functional
49457,functional
57553,functional
13519,non functional
48560,functional
51158,non functional
29295,functional
40754,functional
51905,functional
50831,non functional
68165,functional
55792,functional
37877,non functional
51149,functional
5702,non functional
69492,functional
35889,non functional
65765,non functional
48522,functional needs repair
41697,functional
62972,functional needs repair
72835,non functional
43866,functional
31891,functional
29613,functional needs repair
72624,functional
45165,functional
18147,non functional
15277,functional
928,functional
16027,functional
14892,functional
64008,functional
3410,functional
33121,functional
27537,functional
51464,non functional
56505,non functional
11804,functional
46896,functional
23829,functional
37735,non functional
5723,functional
62506,functional
51306,functional
29394,functional
19808,functional
74076,functional
15332,non functional
63613,functional
37987,functional needs repair
6506,functional
46227,non functional
27816,functional
9627,functional
25042,functional
54187,non functional
12814,functional
18314,non functional
4166,functional
49743,functional
17072,functional
44002,functional
34192,functional
39729,functional
13703,functional
37421,functional
4379,non functional
18412,functional
17106,functional
15417,non functional
20128,non functional
48481,functional
5113,non functional
23374,non functional
57578,functional
13158,non functional
70555,non functional
60756,non functional
67390,non functional
66500,functional
8862,functional
31421,functional
59006,non functional
13882,non functional
44291,functional
31951,functional
33870,functional
21499,functional
64367,non functional
17893,functional needs repair
10210,non functional
36526,non functional
38476,functional
21832,functional
42359,non functional
28123,functional
71860,non functional
14210,non functional
65861,non functional
72288,non functional
7251,non functional
39199,non functional
69505,functional
2598,non functional
4096,non functional
67001,functional
32630,non functional
19447,non functional
25253,non functional
73252,non functional
61851,non functional
14432,functional
2010,functional
54236,functional
66570,non functional
18345,non functional
19096,functional
32010,functional needs repair
10813,functional
49992,functional
36048,non functional
69641,functional
55139,non functional
31636,functional
53290,functional
69498,non functional
581,non functional
2457,non functional
70042,functional
38719,functional
58293,functional
86,functional
65708,non functional
13755,functional
25930,non functional
7654,non functional
7031,functional
36936,non functional
70448,non functional
60940,functional
16284,non functional
28570,non functional
72739,functional
43787,functional
38616,functional
28174,functional
28200,functional
61808,functional
52438,functional
30849,non functional
8054,functional
34331,functional needs repair
27364,functional needs repair
45389,non functional
323,non functional
64336,non functional
58582,functional
59098,non functional
54294,non functional
53370,non functional
13656,non functional
30578,functional
16474,non functional
39835,non functional
19646,functional
68148,functional
33435,functional
53214,functional needs repair
7452,non functional
39009,non functional
3823,functional
57829,non functional
24566,functional
71767,functional
25231,non functional
53528,functional
14822,functional
64235,non functional
2018,functional
45454,functional
37465,functional
40728,non functional
23411,non functional
7851,functional
70137,non functional
55573,functional
56263,functional
8875,functional
39473,non functional
42940,functional needs repair
40440,functional
72446,functional
27064,non functional
16188,functional needs repair
36990,functional
7692,non functional
12257,non functional
50468,functional
64243,functional
6328,functional
22888,functional
50362,non functional
19623,functional
69263,functional
53914,non functional
20524,functional
21492,functional
52082,non functional
55612,non functional
58827,functional
35882,functional
33609,non functional
56122,functional
9686,functional
47413,non functional
66302,non functional
42539,functional
20807,non functional
26282,functional
20127,non functional
41530,functional
19993,functional
35910,functional
65881,non functional
29999,non functional
63676,non functional
29618,functional
43221,functional
29637,non functional
59107,functional
40342,functional
48651,functional
30257,functional
54638,functional
23559,functional
13559,functional
72904,non functional
63239,non functional
73410,functional
33825,functional
36730,functional
8010,functional
12781,functional
46029,non functional
44866,non functional
8225,functional
50418,functional
52566,functional
63510,functional needs repair
41138,functional
6420,non functional
27292,non functional
48819,non functional
11814,non functional
71376,functional needs repair
41608,functional
22649,non functional
38258,functional
26846,non functional
18428,functional
10248,functional
594,non functional
59886,functional
49565,non functional
44090,non functional
36682,functional
54498,functional needs repair
20016,non functional
44241,functional
28240,functional
27841,functional
43412,functional
31236,functional
72396,non functional
51127,functional needs repair
21638,functional
53417,functional
58402,non functional
72761,functional
11311,non functional
28157,functional
10322,functional
4722,functional
9522,functional needs repair
37860,functional
61267,functional
34887,non functional
6157,non functional
20757,functional
23282,functional
72422,functional
2218,non functional
68782,functional
373,non functional
43054,functional
11606,functional
70210,functional
27995,functional needs repair
37612,functional
23176,functional
2794,non functional
64356,functional
30768,non functional
25745,functional
55485,functional
27358,functional
63866,functional
47038,non functional
47124,functional
38270,functional needs repair
34941,functional
39715,functional
17047,non functional
2283,non functional
53396,non functional
63047,non functional
63688,non functional
27527,functional needs repair
37102,non functional
16278,non functional
17998,non functional
64893,functional
39216,functional
4786,non functional
57436,functional needs repair
50191,non functional
45073,functional
13981,non functional
27635,functional
69084,non functional
12228,functional needs repair
31198,functional
24262,functional
16588,functional
15376,non functional
48497,functional
34972,functional
57543,functional
66824,functional
16561,non functional
27860,functional
23804,non functional
62247,functional needs repair
41209,functional
63627,functional
55784,non functional
19653,functional
67692,functional
51521,functional
38640,functional
27355,non functional
43131,functional
63835,functional
58016,non functional
2176,functional
61982,functional
73258,functional
28131,functional
49831,functional
20035,functional
9725,non functional
36144,functional
21003,non functional
9561,functional
53333,functional
68455,functional needs repair
35065,non functional
60978,non functional
25864,functional
63067,functional
66163,non functional
11455,non functional
67037,non functional
5504,non functional
66971,non functional
60104,functional
816,functional
16248,non functional
48374,non functional
51756,functional
3819,functional
8714,non functional
45191,functional
38879,functional
24960,functional
3971,non functional
65828,functional
24060,functional
26656,functional
71634,functional
59868,functional
22287,non functional
37383,non functional
66058,functional
63871,functional
9339,functional
66227,functional
17880,functional needs repair
34383,functional
25821,functional
51524,functional
36321,functional
50901,functional
62255,functional
46946,functional
28390,functional
34521,functional
32693,functional
58467,non functional
63680,non functional
55671,non functional
50861,non functional
45390,functional
13365,non functional
25265,functional needs repair
34788,non functional
45824,functional
73813,non functional
10001,functional
26932,functional needs repair
69314,functional
23527,non functional
23312,functional
65066,functional
56427,functional
38281,non functional
72714,non functional
19248,non functional
32916,non functional
71064,non functional
19463,functional needs repair
5876,functional
69670,non functional
46369,functional
34341,functional needs repair
61560,functional
58013,non functional
4412,non functional
27313,non functional
34360,functional
23547,functional
57816,non functional
73769,functional needs repair
19076,functional
59916,non functional
12328,functional needs repair
3218,functional
54185,functional
72107,functional
69267,functional needs repair
63816,non functional
30441,functional needs repair
4069,functional
8546,functional
4397,functional
31858,functional
22250,functional needs repair
54873,functional
39506,functional
24529,functional
36563,non functional
38069,non functional
44805,non functional
1815,non functional
19262,non functional
48170,functional
26666,non functional
58539,functional
56732,non functional
57993,functional
40252,non functional
48257,functional
68333,functional
65425,functional
17970,functional
64347,functional
18508,non functional
26178,functional
8085,functional
6949,functional
20831,functional
32901,functional
12707,functional
68936,non functional
23769,functional
66265,functional needs repair
58777,non functional
14325,functional
51615,non functional
62136,functional
63775,functional
16699,non functional
53163,functional
35656,functional
16648,functional
40798,non functional
68621,functional
10112,non functional
43414,functional
2499,functional
52500,functional
45752,functional needs repair
9171,non functional
11927,functional
19416,functional needs repair
69075,non functional
14147,functional
71336,non functional
4933,functional needs repair
49832,functional
7481,functional
28985,non functional
19391,functional
17623,functional
31070,functional needs repair
18649,functional
51991,non functional
12586,non functional
4390,functional
56774,non functional
48945,functional
44701,non functional
13233,functional
66842,non functional
68512,functional
17205,functional
29638,non functional
29477,functional
35347,non functional
43741,non functional
58674,functional
9180,non functional
64716,non functional
32489,functional
55594,functional
14253,functional
14543,functional
17255,functional
22911,functional
61921,non functional
3958,functional
56202,functional
50080,functional needs repair
58376,non functional
65243,functional
23853,functional needs repair
15426,functional
50447,non functional
50062,non functional
31003,functional
34005,functional
21460,non functional
63339,functional needs repair
25659,non functional
49044,functional
68922,functional
48114,functional
70290,non functional
49550,non functional
13067,non functional
37750,non functional
68257,functional
14769,functional
42680,non functional
58921,functional
53581,non functional
54877,functional needs repair
61958,non functional
36052,non functional
27091,non functional
39243,non functional
33554,functional
59859,non functional
42634,functional
15573,non functional
47082,non functional
13899,functional
62314,functional
29434,functional
24213,functional needs repair
51409,non functional
38950,functional
33370,non functional
64333,functional
39546,non functional
31703,non functional
67325,functional
54724,functional
56615,non functional
6448,functional
71138,functional
11033,functional needs repair
39273,non functional
28712,functional
9800,non functional
70864,non functional
31835,functional
61405,functional
37571,non functional
37611,functional
12872,functional
32904,non functional
55672,functional
35621,functional
38922,non functional
69425,non functional
6128,functional
35689,functional
72677,non functional
19697,functional
72087,functional
10891,non functional
8622,functional
3564,functional
11824,functional
36316,non functional
58487,functional needs repair
36771,functional
29139,non functional
20370,non functional
11464,functional
26514,functional
19860,non functional
6563,non functional
1418,functional
48792,functional
36155,functional
13183,non functional
10522,functional
28080,non functional
8995,functional
20973,non functional
45888,non functional
52497,functional
59867,non functional
15028,functional
669,functional
242,non functional
32899,functional
18571,functional
31760,non functional
70505,functional
3935,functional
50627,functional needs repair
49533,functional
36284,non functional
24208,non functional
11971,non functional
61698,non functional
4885,functional
48695,functional
3096,non functional
8302,functional
36464,functional
69910,functional
30065,functional
4873,non functional
60407,non functional
45724,non functional
12687,functional
23810,non functional
18493,functional
40084,functional
39518,functional
50802,functional
18474,functional
22148,non functional
15337,functional needs repair
59714,functional needs repair
53704,non functional
29757,functional
3035,functional
52982,functional
61338,non functional
19476,non functional
62475,functional
12097,functional
30784,functional
73535,non functional
13765,non functional
51876,functional
68587,functional
42444,functional
36389,non functional
66564,functional
19161,functional
19868,functional
46141,non functional
48657,non functional
55345,functional
49958,non functional
6197,functional needs repair
44673,non functional
7313,functional
26041,functional
15213,non functional
13749,functional
5297,functional
43369,functional
14640,functional
26302,non functional
29565,non functional
55026,non functional
63624,non functional
33640,functional
49306,functional
810,functional
18150,non functional
68020,functional
15584,non functional
2115,functional
67124,non functional
46229,non functional
8429,non functional
67064,functional
20836,non functional
801,non functional
55985,non functional
43011,functional needs repair
44707,functional
33251,non functional
64677,functional
8188,functional
28036,non functional
73062,functional
61599,functional
2273,functional
55543,functional
55053,non functional
6762,non functional
57393,functional
74236,functional
1447,functional
25840,non functional
3069,functional
43837,non functional
47476,functional
64583,non functional
4359,functional needs repair
38040,functional
44558,non functional
68168,non functional
32712,functional
49123,functional
11719,functional
71859,functional needs repair
19524,functional
63424,non functional
7635,non functional
52001,non functional
33040,non functional
49274,functional
40328,functional needs repair
60890,non functional
69716,functional
48879,functional
2014,non functional
36709,non functional
45858,non functional
37226,functional
10555,non functional
20892,non functional
57279,functional
22962,functional
12851,functional
27037,functional
1926,non functional
3916,non functional
14991,functional needs repair
55565,non functional
8260,functional
23606,non functional
15255,non functional
25976,non functional
24595,functional
72232,functional needs repair
11722,functional
32260,functional needs repair
15302,non functional
25642,non functional
56602,functional
41640,non functional
38224,non functional
45118,functional
8830,non functional
28222,functional
30769,functional
21575,non functional
65375,functional
62312,non functional
30718,non functional
37276,functional
42639,non functional
23521,functional
35507,functional
40152,functional
39759,functional
62131,functional
53678,non functional
73826,functional needs repair
15755,non functional
23773,functional
20846,non functional
37095,functional
51154,functional
19696,functional
24400,functional
2608,non functional
43076,functional
63440,non functional
15335,functional
57286,non functional
12768,functional
25793,functional
60030,functional
16345,functional
63470,functional
43077,functional
34649,functional
5955,functional
2277,functional
22441,functional
10436,functional
56543,functional
59683,functional
5711,non functional
35634,functional needs repair
1002,non functional
16156,functional
20580,functional
15526,non functional
2383,functional
73607,non functional
51213,functional
61260,functional
52010,functional needs repair
74064,functional
51768,functional needs repair
54587,functional
57956,functional
48793,functional
58949,functional
4710,functional
21964,functional
57052,non functional
72283,functional
52921,functional
40267,functional
44135,non functional
67933,functional needs repair
66148,non functional
23795,functional needs repair
7257,functional
41349,functional
15105,functional
64157,functional
52650,non functional
5172,functional
532,non functional
72065,functional
35696,functional
50339,functional
69409,non functional
56201,functional
59572,non functional
67540,functional needs repair
54482,functional
65397,non functional
49426,functional
70701,non functional
35151,functional
58299,functional
73398,non functional
40450,non functional
17672,functional
64108,functional
19195,non functional
13835,non functional
56410,functional
65102,functional
24817,functional needs repair
15231,non functional
47500,functional
57159,functional
41069,functional
50504,functional
15248,non functional
67233,non functional
48099,functional
21687,non functional
20565,functional
15185,non functional
32794,non functional
51832,non functional
12916,non functional
25762,non functional
60693,functional
2473,non functional
40348,functional
35209,non functional
59144,non functional
22855,functional
7360,non functional
7115,functional
54434,functional
57154,non functional
62919,non functional
23151,non functional
48464,functional
40530,functional
73473,non functional
38610,functional
31150,functional
37092,functional
26452,non functional
20357,functional
3568,functional
39143,functional
37442,functional
71413,functional
14742,non functional
32746,non functional
7698,functional
62538,non functional
7459,functional
7775,functional
61943,non functional
13431,functional
68905,functional
45478,functional
62873,functional
12943,functional
66329,functional
15067,functional
391,functional
5594,functional
7665,functional
29149,functional
44885,non functional
9578,functional
50925,functional
61657,functional
10120,functional needs repair
46395,non functional
27012,non functional
25452,non functional
9057,functional
8905,non functional
1621,non functional
5002,functional
41143,functional
40922,functional
48069,functional
18348,non functional
50009,functional needs repair
49395,functional
2543,functional
29278,functional
57571,functional
66130,functional
49228,non functional
25639,non functional
69618,functional
37038,functional
5402,functional
1315,non functional
8,non functional
12712,functional
11848,non functional
35606,functional
8564,functional
13171,functional
2242,functional
17525,functional
4629,functional
52727,non functional
33223,non functional
35542,non functional
22970,non functional
2995,functional
14189,non functional
935,non functional
18253,non functional
66774,functional
11182,functional
38161,functional
62407,non functional
40071,functional
24752,functional
33698,functional
63131,non functional
29008,functional
74156,functional
21558,non functional
73290,functional needs repair
71785,non functional
22072,non functional
9183,non functional
46428,functional
13946,functional
44843,functional
27580,non functional
66941,functional
53886,functional
40869,functional
51204,functional
31849,non functional
32522,functional
6840,functional
63542,functional
7206,functional
41433,non functional
3848,functional
18296,functional
63951,functional
71397,non functional
33670,functional
73706,functional
6784,functional
43874,non functional
23517,non functional
57679,functional
28850,non functional
22758,non functional
72088,non functional
42125,non functional
27224,non functional
38965,non functional
34437,non functional
31921,non functional
28863,functional
65344,non functional
3639,functional
2735,non functional
15671,non functional
51669,functional
59878,functional
23855,non functional
51938,non functional
66290,non functional
45754,non functional
55878,functional
47306,functional
43914,functional
6699,functional
33080,functional
52388,non functional
19758,functional
11489,functional
31716,non functional
829,non functional
61811,functional
43216,functional
49398,non functional
27446,functional
74,non functional
69086,functional needs repair
15852,non functional
5768,non functional
59180,non functional
2819,functional needs repair
55357,functional
18002,non functional
8737,functional
17399,non functional
69195,non functional
53714,non functional
13626,functional
51599,functional
53784,functional
2795,functional
48265,non functional
40012,non functional
65235,non functional
13238,functional
23765,non functional
35673,functional
20828,functional
18119,non functional
36093,functional
36769,functional
69430,functional
68529,functional
39716,functional needs repair
53272,non functional
72882,non functional
20611,functional
5212,functional
53780,functional
16560,functional
22172,functional
14354,non functional
12615,non functional
26967,functional needs repair
38631,functional
64056,functional
4816,functional
17996,functional
73676,functional
34682,non functional
21670,functional
69886,non functional
57795,functional
56835,functional
25140,non functional
32181,functional
34667,functional
55887,non functional
51818,functional
37052,non functional
4539,functional
3273,non functional
52379,functional
7613,functional
62884,functional
57251,non functional
44358,non functional
16928,non functional
44412,non functional
43456,functional
3673,functional
16219,non functional
39005,functional
15712,non functional
69082,functional
73913,non functional
46280,non functional
67181,functional
40024,non functional
3164,non functional
63868,non functional
57287,non functional
39755,functional
43920,functional
7790,functional
28504,non functional
8130,non functional
46429,non functional
13756,functional
55841,functional needs repair
56580,functional
61569,functional
8843,functional
2893,functional
18240,functional
20205,non functional
43081,functional
45364,non functional
45744,functional needs repair
3432,non functional
9128,functional
30468,functional
16372,functional needs repair
58800,non functional
65131,functional needs repair
8948,non functional
54216,non functional
58972,non functional
39079,non functional
46303,functional
59724,non functional
41164,non functional
64852,non functional
65257,functional
12319,non functional
63636,functional
68773,non functional
23171,functional
49960,functional
17131,functional
55450,functional
68268,functional
12939,non functional
68338,functional
20049,non functional
29851,non functional
64051,functional needs repair
27219,functional
2714,non functional
56726,non functional
42262,functional
49446,non functional
56565,functional
58514,functional
74101,functional
33723,functional
36331,functional
1671,functional
5617,functional
31667,functional
34746,functional
50596,functional
30836,functional
35558,functional
47046,non functional
53346,non functional
74094,non functional
27615,non functional
54794,functional
71778,functional
57181,functional
31473,non functional
67488,functional
17402,functional
72717,functional
11066,functional
16636,functional
2110,functional
11732,non functional
53053,functional
24199,non functional
12514,non functional
48025,functional
27903,non functional
53731,non functional
22039,non functional
14188,functional
43400,functional
62529,functional
21101,functional needs repair
58183,functional
33800,functional
14374,functional
53014,functional
2240,functional
21684,functional
3928,non functional
25534,functional
21842,functional
25694,functional
38101,functional
46891,non functional
16446,functional needs repair
59012,functional
10391,non functional
35408,functional
31228,functional
73113,non functional
45635,functional needs repair
42715,functional
54234,functional
54650,non functional
66145,non functional
63364,functional
32314,functional
40637,non functional
72968,functional
51845,functional
68213,functional needs repair
21433,functional
69302,functional
52894,non functional
70275,non functional
56237,functional
16835,functional
32221,functional
27922,functional
30589,non functional
14493,non functional
27994,non functional
31047,functional
56025,functional
54557,functional
31419,functional
7594,non functional
21583,non functional
73961,functional needs repair
67858,functional
13538,functional
71200,functional needs repair
30426,functional
71398,non functional
46625,functional
8886,functional
72711,functional
20192,functional
71542,functional
47522,non functional
61112,non functional
28751,functional
62437,non functional
27087,non functional
22042,functional
64565,functional needs repair
35176,functional needs repair
30814,non functional
57859,functional
54829,functional
40810,functional
64071,functional
52899,non functional
55046,non functional
23054,functional
62196,functional
32177,functional
69895,functional
37569,functional
33353,non functional
62356,functional
41178,functional
25773,functional
45365,non functional
62118,functional
49639,functional
22156,functional
73946,functional
54715,functional
50292,functional
42713,non functional
23495,functional
11741,functional needs repair
35516,non functional
64106,functional
37575,functional needs repair
60457,functional
48144,non functional
53559,non functional
66453,functional
49298,functional
36276,functional needs repair
68584,functional
7338,functional
12053,functional
73968,functional
21235,functional
43473,functional
767,functional
72889,functional
22835,functional
58318,non functional
40431,non functional
69335,non functional
65250,non functional
49444,functional
67615,functional
15247,functional
23196,non functional
674,functional
37950,non functional
27568,functional
27823,non functional
68675,functional needs repair
37524,functional
33499,non functional
52360,non functional
23290,non functional
50519,functional
72019,functional
36949,functional
70299,non functional
29729,functional
29824,non functional
16349,non functional
3402,functional
21490,non functional
68496,non functional
62261,functional
66864,functional
70462,non functional
62587,functional
71454,functional
28968,functional
55233,non functional
28875,functional
35821,non functional
6019,functional
23965,functional needs repair
2454,functional
39572,functional needs repair
9787,functional needs repair
2861,functional
71953,non functional
5985,non functional
13601,functional
68681,functional
32359,non functional
43048,functional
35102,non functional
19380,functional
51380,non functional
11655,functional
38075,non functional
9990,functional needs repair
35417,non functional
10194,functional
3305,functional needs repair
919,functional
44138,non functional
17203,non functional
6224,non functional
27660,functional
52408,functional needs repair
3706,functional
66650,non functional
49592,non functional
29491,non functional
55381,functional
60749,functional
46761,functional
33145,non functional
3552,functional
11693,functional needs repair
26655,non functional
40370,functional
9116,non functional
32301,functional
8033,functional
45836,functional
38328,non functional
7620,functional
52083,non functional
31126,functional needs repair
53651,functional
10178,functional
27703,non functional
13265,functional
16024,functional
53579,functional
39001,non functional
56471,functional
6703,functional
17379,functional
65697,functional
2810,functional
47379,functional needs repair
49679,non functional
9894,functional
50295,non functional
25463,non functional
11369,non functional
58894,functional
51638,functional
58218,functional
67434,functional
73834,non functional
51422,functional needs repair
57660,functional
49703,functional
1484,functional
11960,functional needs repair
38650,functional
1314,non functional
72999,functional
37844,non functional
72273,functional
24987,functional
19225,functional
73150,functional
19832,functional needs repair
32884,functional needs repair
38041,non functional
20923,functional
63939,non functional
5838,non functional
63945,functional
53843,functional
28643,functional
50960,functional
67405,non functional
49962,non functional
41646,non functional
69725,non functional
47140,non functional
3285,functional
55363,non functional
53627,functional
4310,functional
68439,functional
24014,functional
9478,functional needs repair
27415,non functional
5884,non functional
25386,functional
58473,non functional
13013,functional
1892,non functional
62950,functional
40098,non functional
61642,functional
489,functional needs repair
16223,functional
18000,non functional
34897,non functional
32852,functional
45936,functional
36221,functional
56608,non functional
72247,non functional
46133,functional
8046,functional
32121,non functional
30623,functional
54709,functional
28411,functional
53987,functional needs repair
45005,functional
56920,non functional
20704,non functional
59920,functional
39790,functional
46308,functional
53061,functional
50616,functional needs repair
4148,functional needs repair
45034,non functional
49678,non functional
45648,non functional
2767,non functional
56081,functional
15319,functional
4258,functional
71557,non functional
40350,non functional
30753,functional
25419,non functional
33627,functional
42031,functional
909,functional
63634,functional
65114,non functional
18580,functional
70479,functional
31613,functional
37785,functional
23294,functional
50848,functional
44414,functional
48495,functional
4277,functional
26344,non functional
70330,non functional
71512,functional
55106,non functional
63271,non functional
9082,functional
11130,functional
66806,functional
55637,non functional
72618,functional
69887,functional
36011,non functional
12609,functional
42442,non functional
21163,functional needs repair
70104,non functional
48406,non functional
14841,non functional
55918,non functional
72507,non functional
65248,non functional
4075,functional
13878,functional
68573,non functional
48437,functional
71675,non functional
60586,functional
44192,non functional
50780,non functional
62163,non functional
29266,non functional
19477,functional
69478,non functional
20952,non functional
7130,non functional
63305,functional
98,non functional
42647,non functional
2239,non functional
20596,functional
53273,functional
25510,functional needs repair
72649,functional
17274,functional
63515,functional
42416,non functional
17494,functional
50757,functional
5395,functional
18093,non functional
29051,functional
37523,non functional
21788,functional
43841,non functional
60921,functional
49024,non functional
5548,non functional
57762,functional
60842,non functional
49296,functional
47941,functional needs repair
46330,non functional
23962,functional
38580,functional
21769,non functional
70959,non functional
38760,non functional
7227,functional
17583,functional
21696,functional
24542,non functional
31397,functional
45746,functional
12861,functional needs repair
49216,functional
68183,non functional
41207,non functional
10832,non functional
5583,non functional
55940,functional
42995,non functional
66225,non functional
26059,non functional
32983,functional
2917,functional
43643,functional needs repair
61831,non functional
64398,functional
4657,functional needs repair
68014,non functional
48959,functional
50959,non functional
33358,non functional
22551,functional needs repair
42723,functional
64289,non functional
13344,functional
8630,functional
65026,functional
62664,non functional
46378,functional
52680,functional
59145,functional needs repair
31398,non functional
43633,functional needs repair
19113,functional
43831,non functional
10192,functional
56881,functional needs repair
35888,non functional
67538,functional
4264,non functional
70526,functional
40557,functional
54981,non functional
43891,functional
13620,functional
17904,functional
67970,non functional
40559,functional
34470,non functional
68618,non functional
10805,functional
33533,functional
23143,non functional
56676,functional
70250,functional
52240,functional
57134,functional
4172,non functional
21332,functional
44298,functional
8779,non functional
58223,functional needs repair
57871,non functional
41652,non functional
7037,functional needs repair
43636,functional
40424,functional
19639,functional
63387,functional
18103,non functional
48411,functional
24177,non functional
7136,non functional
62459,functional needs repair
37588,non functional
46261,functional
51671,non functional
47080,non functional
28545,non functional
27985,functional
36434,functional
43458,non functional
30473,functional
10578,non functional
27834,functional
31954,non functional
56770,non functional
57223,non functional
74243,non functional
57807,functional
72142,non functional
49985,functional
52581,functional
52295,functional
355,functional
24135,functional
31909,non functional
34201,non functional
23999,functional
17555,non functional
14069,non functional
29917,functional
15343,non functional
26738,functional
23599,functional
60434,functional needs repair
34195,non functional
19562,functional
25715,functional
50156,functional
74215,functional
11689,functional
8976,functional
6530,functional
4582,functional
59389,functional
6221,non functional
41088,functional
21304,functional
28995,non functional
70284,functional
61427,functional
4283,functional needs repair
57507,functional
13740,functional
19210,functional needs repair
46916,non functional
27753,functional
24335,non functional
40885,functional needs repair
49207,functional
21501,non functional
5524,functional
48086,functional needs repair
15449,functional
2530,functional
41720,non functional
8827,functional
52910,functional
41460,non functional
73776,functional
33811,functional
2674,functional
17123,functional
32567,non functional
2292,functional
24217,non functional
62660,functional
64375,functional
34303,non functional
47364,functional
16163,functional
69536,non functional
57817,functional
17454,functional
50532,functional
17783,functional
57119,non functional
43051,non functional
44855,functional
56632,functional
24912,non functional
37329,non functional
3691,non functional
40094,functional
52912,functional needs repair
6184,functional
36589,functional
69174,functional
40266,functional
24663,functional
5509,non functional
10589,non functional
43376,non functional
40736,functional
26504,functional
15120,non functional
66032,functional
61558,functional
31799,functional
40289,non functional
58419,functional
43391,functional
4032,functional
68761,functional
63146,functional
6305,functional
4833,functional
74146,non functional
24600,functional
7960,functional
17239,functional
17580,functional
36323,non functional
12356,functional
56583,non functional
28867,functional
33289,functional
36314,non functional
41871,non functional
13016,functional
21506,non functional
11513,functional
30416,functional
19335,functional
11975,non functional
13876,non functional
17012,functional
31487,functional
6219,non functional
62812,non functional
66823,functional
20239,non functional
29639,functional
21394,non functional
41184,functional
66411,non functional
23354,non functional
71157,functional
14812,functional
68196,non functional
33454,functional
54020,functional
34359,functional
45362,functional
44366,functional
48039,non functional
8418,non functional
6421,functional
33880,functional
20546,functional
8858,functional
39882,functional
53574,functional needs repair
58062,functional needs repair
36758,functional
66352,functional
47381,functional needs repair
25446,functional
31512,non functional
10050,non functional
20528,functional
59150,functional
2149,non functional
58704,functional
44657,functional
2554,functional
2972,non functional
36440,functional
53606,non functional
64500,functional
54382,non functional
38867,non functional
60338,functional
64923,functional
42201,functional
36656,non functional
48914,functional
37988,functional
40784,non functional
66777,non functional
55353,functional
53516,functional
61578,functional
54146,non functional
41059,non functional
8775,non functional
36438,functional
27957,non functional
73495,non functional
34562,functional
39606,functional
28582,functional
30200,functional
19578,non functional
30944,functional
36676,functional
18044,functional
48577,functional
28213,non functional
57252,non functional
18801,non functional
24635,functional
40361,functional needs repair
33241,functional
30152,functional
30296,non functional
48912,non functional
42553,non functional
9284,functional
60265,functional
29113,non functional
37259,functional
23736,functional
68844,non functional
60311,functional
36962,functional
59563,functional
42704,functional
72811,non functional
41072,non functional
47641,non functional
31102,functional
29700,functional
69548,non functional
758,functional
28527,functional
4145,functional
23430,non functional
71896,functional
7656,non functional
73635,non functional
55123,non functional
67369,functional
48136,functional
46997,functional
12749,non functional
28196,functional
6892,functional
26405,functional
18169,functional
69786,functional
51025,functional
17979,non functional
53118,functional
13338,functional
11467,non functional
57715,non functional
40380,functional
59696,non functional
31755,functional
23519,functional needs repair
29763,non functional
68789,functional
60628,functional
7523,functional needs repair
42383,functional
62339,non functional
38973,functional needs repair
71236,functional
38918,functional
22197,non functional
71966,functional
17816,non functional
63026,functional
35527,functional
40139,functional needs repair
71525,functional
50685,functional needs repair
52486,non functional
23429,functional
47030,functional
20353,non functional
30545,non functional
2048,functional
51645,functional
7124,functional
18983,functional needs repair
23124,functional
72125,functional
36356,functional
60031,functional
17263,functional needs repair
39209,non functional
66383,non functional
8202,functional
30765,functional
3411,non functional
38095,functional
35974,non functional
36493,non functional
68329,functional
37046,functional
59923,non functional
25086,non functional
43296,non functional
13249,functional
67389,functional needs repair
54909,non functional
32700,functional
18835,non functional
24182,non functional
54,non functional
14883,functional
65819,functional needs repair
42862,non functional
6552,functional
48654,functional
17128,non functional
22103,functional
39873,functional
24618,non functional
30508,non functional
32439,non functional
53461,functional
5519,functional
45013,functional
20848,non functional
7568,non functional
52706,non functional
64569,functional
59640,functional
42342,non functional
3748,non functional
9742,functional
47035,functional
41766,functional
46532,non functional
8533,non functional
22968,non functional
65077,non functional
27947,functional
18942,non functional
15379,non functional
52202,non functional
29798,functional
57175,functional
52970,functional
57233,non functional
47870,functional
40129,functional
3367,functional
66748,non functional
42136,non functional
15263,non functional
47627,functional needs repair
55243,functional
68188,non functional
57168,non functional
59410,functional
54693,non functional
30564,functional needs repair
49356,functional
59194,non functional
65620,functional
28630,functional
37732,functional
52129,functional
23990,functional
20525,functional
55101,functional
35439,functional
42593,functional
31972,functional
41942,functional
9354,functional
10079,non functional
43881,non functional
29666,functional
28384,functional
8912,functional
28948,functional
73111,functional
11603,non functional
28044,functional
444,functional
26173,non functional
24161,functional
50147,functional
7148,functional
27799,functional
59268,functional
73271,functional
3529,functional
59880,functional needs repair
58879,functional
62420,functional needs repair
60989,functional
46269,non functional
12055,functional
65244,functional
7185,non functional
7661,functional
49923,non functional
57284,functional
7524,functional
14501,functional
49917,functional
61386,functional
17592,non functional
61732,functional
21713,functional
43895,functional
12538,functional
26988,non functional
66846,functional
45675,non functional
26717,functional
55527,functional
62769,non functional
33237,functional
48364,non functional
53736,non functional
23617,functional
64495,functional
32705,non functional
37766,non functional
25405,functional
65747,non functional
23983,functional
26252,functional
14346,functional
9943,non functional
50894,functional
62610,non functional
18524,functional
13408,non functional
49571,non functional
22523,non functional
33764,functional
28127,functional
1966,functional
43753,functional
73089,non functional
10124,non functional
36773,functional
10334,functional
68637,non functional
39559,non functional
26094,functional
31840,non functional
3073,functional
7548,functional
36901,functional
60504,non functional
47470,functional
42265,non functional
30248,non functional
40872,non functional
47029,non functional
72183,non functional
72457,functional
22741,non functional
73996,non functional
29137,functional
18509,functional
11423,functional
18276,functional
29702,functional
27533,functional
65491,functional
6748,non functional
18572,non functional
40971,functional
61761,functional
31225,functional
53956,non functional
66359,non functional
13978,functional
43696,non functional
50233,non functional
52073,functional
68139,non functional
89,non functional
972,non functional
54525,functional
14004,non functional
65159,functional
29905,functional
10392,functional
57986,non functional
16342,functional
16874,functional
4534,non functional
60155,functional
72615,non functional
34748,non functional
44869,functional
1652,functional needs repair
73542,functional
2472,non functional
344,functional
24858,non functional
36250,functional
9307,non functional
52225,functional
72017,functional
7770,functional
37554,functional
34354,functional
128,functional
66890,functional
13811,functional
68839,non functional
17148,functional
42387,non functional
51986,functional
20173,functional
45901,functional
54365,functional needs repair
73139,functional
13376,functional
13677,functional
48366,non functional
27426,non functional
11663,functional
59475,functional
1735,non functional
71447,non functional
1323,functional
67345,non functional
47484,functional
56476,non functional
49170,functional
64850,non functional
3282,non functional
2641,non functional
54353,functional
31619,functional
33504,functional
34855,functional needs repair
31930,non functional
25588,non functional
14633,functional
69320,functional
49270,functional
60980,functional needs repair
52871,non functional
57741,functional
19632,functional
40961,functional
56851,functional
14334,functional
36725,functional
70207,non functional
3392,non functional
8728,functional
16831,functional
53494,functional
70240,non functional
53697,functional
10588,functional
13258,non functional
9404,functional
1264,functional
58341,functional
28182,functional
13769,functional
71561,functional
40934,functional
72927,non functional
62181,non functional
35124,functional
15782,functional
1616,functional needs repair
16514,non functional
40065,functional
13470,non functional
31112,functional
32732,functional needs repair
24418,non functional
29947,functional
44232,functional
46394,functional needs repair
61261,functional
28976,non functional
6047,non functional
69804,functional
58160,functional
24656,functional
12718,non functional
68012,non functional
13133,functional
7761,functional needs repair
11998,non functional
31138,functional
67110,non functional
55188,non functional
31087,functional needs repair
31903,functional
5457,functional
32225,functional
51868,non functional
52691,non functional
29791,non functional
42203,functional
59075,functional
10247,non functional
27457,non functional
19778,non functional
36533,non functional
65042,functional
35679,non functional
43648,non functional
20025,functional
70103,functional
65371,non functional
27281,non functional
48204,functional
61991,functional
35589,functional
3528,functional
30985,non functional
42875,functional
40222,functional
18758,functional
41342,functional
40311,functional
1783,functional needs repair
22922,functional
73208,non functional
23486,functional
48212,functional
14538,functional
65347,non functional
55656,non functional
17094,functional
37969,non functional
42724,functional
35291,functional
56139,functional
21947,non functional
56400,non functional
58469,non functional
73154,functional
8487,functional
6643,functional
25096,non functional
69551,functional needs repair
18383,functional
47044,functional
30396,functional
51694,functional
64044,functional
12875,functional
25296,functional
48755,non functional
69279,functional
3531,functional
65032,functional
39594,functional needs repair
27897,functional needs repair
257,non functional
35326,non functional
36881,non functional
39217,functional needs repair
61121,functional
50720,non functional
11110,non functional
27643,functional
32820,non functional
20152,non functional
18071,functional
25947,functional
17855,functional
43206,non functional
69540,non functional
18842,functional needs repair
40248,non functional
18118,functional
38763,functional
10691,non functional
4311,non functional
15690,functional
41225,non functional
6979,non functional
59085,functional
50121,non functional
49586,non functional
58860,functional
26639,non functional
19854,non functional
3524,functional
25708,functional needs repair
12317,functional
10614,functional
63985,functional
10700,non functional
70872,functional
51790,functional
47067,non functional
6413,functional
63360,functional needs repair
49035,non functional
38704,non functional
29497,functional
50829,functional
545,functional
19261,functional
44183,functional
39144,functional needs repair
35769,non functional
31145,non functional
12593,functional
32793,functional
67923,non functional
31181,non functional
18135,non functional
37127,functional
65266,functional
8199,functional
46874,non functional
33687,non functional
2364,functional
60714,functional
15416,non functional
54983,functional
61016,functional needs repair
37066,functional
41525,functional
68504,functional
20053,non functional
25556,functional
15635,non functional
42330,functional needs repair
13420,non functional
64511,functional
9736,functional
44974,functional
8469,functional
9412,functional
6251,non functional
38178,non functional
50565,non functional
26033,non functional
42602,non functional
20486,functional
44679,non functional
38096,functional
55650,functional
61237,functional
72583,functional
51791,functional
61475,functional
27798,non functional
66395,functional needs repair
63979,non functional
29873,functional
66696,functional needs repair
55339,functional
35434,functional
8680,functional
25703,non functional
17625,functional
16486,non functional
7844,functional
9809,functional needs repair
27863,functional
27266,non functional
31323,functional
26040,functional
41747,non functional
58257,functional needs repair
19899,functional
36996,functional
41992,functional
27498,functional needs repair
51214,non functional
49302,non functional
49439,functional
22618,functional
17655,functional needs repair
5627,functional
14092,functional
69069,functional
19468,functional needs repair
51810,functional
73244,functional
62542,functional
70122,non functional
37307,functional
61805,non functional
61916,functional
6385,functional
14383,functional
43148,functional
44865,functional
56628,non functional
25460,functional
12459,non functional
37344,functional
16541,non functional
34669,functional
25374,functional
19458,functional
6883,functional needs repair
36200,functional
2919,functional
56839,functional
66152,non functional
8982,functional
17527,functional
25221,functional
67989,functional
13839,functional needs repair
31781,functional
34692,functional
31090,functional
5693,functional
5000,non functional
45058,functional needs repair
28718,non functional
19510,non functional
19763,non functional
58034,functional
60007,non functional
19709,functional needs repair
6123,non functional
13424,non functional
46570,functional
9374,functional
34617,functional
73012,non functional
38538,functional
31260,non functional
23179,functional
37694,functional
30874,functional
4083,functional
9100,functional
52710,functional
16381,functional
8012,functional
72984,functional
1411,functional
67756,functional
480,functional needs repair
5419,functional
41937,non functional
16644,functional
45153,functional
22590,functional
36128,functional
73358,functional
5905,functional needs repair
69241,functional needs repair
47142,non functional
38785,functional
22865,functional
66874,functional
17451,functional
50994,functional
15937,non functional
60626,functional
52585,non functional
39999,functional
45845,functional
2004,functional
31550,non functional
16196,non functional
31885,non functional
71216,non functional
26458,non functional
38644,non functional
456,functional
18616,non functional
46051,functional
54013,non functional
57201,non functional
52539,non functional
43012,functional
40368,functional
28425,functional
25194,functional
52191,non functional
64524,functional
4937,non functional
72948,non functional
73076,non functional
64441,functional
40363,non functional
28702,functional
51331,functional
26529,functional
61497,functional
42788,functional
48532,functional
2485,functional needs repair
33874,functional
47104,non functional
67496,functional
269,functional
71930,non functional
65356,functional
10928,functional
21257,non functional
42085,non functional
17164,functional needs repair
67558,functional needs repair
63429,non functional
45113,functional
31220,non functional
55460,non functional
32204,functional needs repair
10122,non functional
23207,non functional
54918,functional
12504,non functional
41718,functional
39847,non functional
28885,non functional
45062,functional
31942,functional
43947,functional
63828,functional needs repair
62453,non functional
9491,functional
3207,functional needs repair
44986,non functional
27000,non functional
70212,non functional
35669,non functional
35298,non functional
26632,functional
53958,functional
44011,non functional
17221,non functional
26490,functional needs repair
45522,functional
59247,non functional
26331,non functional
56533,non functional
43677,non functional
73773,functional
46238,functional
58906,functional
53320,functional
37618,non functional
24396,non functional
16061,non functional
68259,non functional
11634,non functional
18740,functional
59064,functional
38317,functional
9939,non functional
18018,functional needs repair
61243,non functional
2920,functional
55744,functional
58895,non functional
18078,functional
17306,non functional
49054,non functional
63403,functional
52266,functional
72731,non functional
4435,functional
66596,functional
67372,functional
54199,functional
41436,non functional
64584,functional
3183,functional
2194,functional needs repair
30699,functional
37270,functional
32003,non functional
36575,functional
10398,non functional
18750,functional
40857,functional needs repair
68808,functional
19043,non functional
29428,functional needs repair
28241,non functional
43126,functional
44575,functional
14293,functional
45416,functional
18712,functional
60723,functional
5351,functional
68103,functional
2123,functional
65732,functional
36190,functional
121,functional
14267,non functional
21597,non functional
58357,functional
72880,functional
23004,functional
50839,non functional
49483,functional
13097,functional
70512,functional
63558,non functional
24137,functional needs repair
18963,functional
9517,functional needs repair
67189,functional needs repair
65170,functional
11573,non functional
8524,non functional
3827,functional
31445,functional
68574,functional
5820,non functional
5239,functional
43428,non functional
29074,non functional
72642,functional
52085,functional
3626,non functional
74126,non functional
20041,non functional
14292,functional
24036,functional needs repair
10500,non functional
12135,functional
61181,functional
63897,functional
61526,non functional
5788,functional
15395,functional
63187,functional
13263,functional
25592,functional
25181,functional
69060,functional
50443,non functional
36945,functional
6662,functional
43642,functional
18389,non functional
53888,functional
72745,functional
32186,functional
14326,functional
51023,functional
33985,functional needs repair
40258,functional needs repair
44446,functional
47283,functional
73163,non functional
66524,functional needs repair
39429,functional
44936,functional
64233,non functional
3772,non functional
23221,functional
31963,non functional
32869,functional
32253,functional
64041,non functional
57212,functional
34314,functional
68302,non functional
54910,functional
70831,functional
28202,functional needs repair
54527,non functional
9705,functional
32597,non functional
40778,non functional
64140,functional
7355,non functional
36541,non functional
42407,functional needs repair
13114,functional
15762,functional needs repair
71057,non functional
9516,functional
65386,non functional
1388,non functional
51805,non functional
14729,non functional
4325,functional
28546,non functional
13465,functional
22088,functional needs repair
8926,non functional
15499,non functional
1382,functional needs repair
46370,non functional
66168,functional needs repair
10018,functional
42761,functional
40275,non functional
60678,non functional
10906,functional needs repair
17162,functional
29078,functional
68836,functional
73253,functional
1754,functional
31405,functional
27268,functional
9144,non functional
71099,non functional
53542,non functional
15689,non functional
34223,non functional
59191,functional needs repair
59200,functional
64856,functional needs repair
31177,non functional
14898,non functional
67162,functional
6461,functional
70135,non functional
67121,functional
19301,non functional
55033,functional
10752,functional
60884,functional
62679,functional
61161,functional
31543,functional needs repair
32446,non functional
11733,functional
50859,functional
54883,functional
59995,non functional
5539,functional
32556,non functional
64523,functional
1232,non functional
9712,functional needs repair
63373,functional
46328,non functional
27821,non functional
67656,functional
8411,functional
50580,functional
20440,non functional
25472,functional needs repair
31245,non functional
70674,functional
57408,functional
32911,functional
53991,functional needs repair
16294,functional
66012,functional
42305,functional
44444,non functional
33844,non functional
28496,functional
16586,functional
18845,functional needs repair
7429,functional
40980,functional
64467,non functional
9997,non functional
7676,non functional
36719,non functional
54718,functional
46973,non functional
20927,functional
60116,non functional
24940,functional
5396,functional
28724,non functional
74187,functional
42535,functional
70360,non functional
41901,functional
51613,functional
66803,non functional
67588,non functional
73112,non functional
71687,non functional
53858,non functional
72959,non functional
30679,functional
28233,functional
12032,non functional
38088,functional
29159,functional
55457,functional
27324,non functional
50409,functional
44850,non functional
70427,non functional
18902,non functional
700,functional
47707,non functional
18796,non functional
30736,non functional
55451,functional
42001,functional
16952,functional
13887,functional
31986,functional
46689,functional
29540,non functional
25866,functional
65818,functional
43149,non functional
57640,functional
71284,functional
9245,non functional
19472,functional needs repair
12098,non functional
15062,functional
68515,functional
24706,non functional
66024,functional needs repair
36602,non functional
48949,non functional
15582,non functional
45580,non functional
21847,functional
52229,non functional
70921,functional
29515,functional
22037,functional
2847,functional
7288,functional
15875,functional
49709,non functional
50905,functional
12441,non functional
23788,non functional
10749,functional
13900,functional
53152,functional
32046,non functional
4185,non functional
65154,functional
21406,non functional
58453,functional
59726,non functional
25372,functional
42285,non functional
30573,functional
35729,non functional
44485,functional
16672,functional
4745,non functional
24118,functional needs repair
60862,non functional
17250,functional
5407,functional
70152,non functional
1140,functional
47088,non functional
57142,functional
54479,functional
58699,functional
12164,non functional
67386,functional
1395,functional
10735,functional
73198,non functional
17953,functional
72899,functional
70942,functional
28217,non functional
50391,functional
48404,functional
54414,non functional
30031,functional
40434,functional
16894,functional
55973,functional
42674,non functional
62484,non functional
41314,functional
54142,functional
9673,non functional
29411,functional
41195,non functional
6956,functional
22939,functional
41969,functional
65496,non functional
41716,non functional
35473,non functional
16057,functional
4328,functional
1773,non functional
62838,functional
35281,functional
19314,functional
1362,functional
56043,non functional
50475,functional
19436,non functional
45337,non functional
51420,functional
44848,non functional
68401,non functional
56751,non functional
15289,functional
65503,non functional
46967,non functional
58358,functional
50471,functional
25045,functional
34434,non functional
3005,non functional
25440,non functional
3601,functional
60478,functional
24763,non functional
48421,functional
68603,functional
65487,functional
53217,functional
68605,non functional
28597,functional
15519,functional needs repair
39360,functional
8688,functional
67548,functional
73624,functional
42014,functional
65391,functional
33978,non functional
68710,functional
39272,non functional
29039,functional
19948,non functional
52586,non functional
33724,functional
60485,functional
41246,functional
38231,functional
21856,functional
45821,functional needs repair
23137,functional
1175,functional
12210,non functional
39032,functional
35078,non functional
56009,non functional
58040,functional
72818,non functional
989,functional needs repair
46260,functional
32069,functional
71061,functional
1750,functional
23818,functional
36175,non functional
56823,functional
32022,functional
51681,functional
59519,functional
29154,non functional
10185,functional
39600,functional
22355,functional
65927,non functional
8123,non functional
64699,non functional
52346,functional
40899,functional
20740,non functional
38228,functional
58958,functional
38383,functional
38676,non functional
4580,non functional
65059,functional
71162,functional
22476,non functional
49384,non functional
21089,functional
33722,functional
6095,functional
11500,functional
53586,functional
58665,functional
68817,functional
45507,non functional
45402,functional
69143,non functional
43796,non functional
12998,non functional
4459,functional
49905,functional
20510,functional
65538,functional needs repair
19163,functional
42609,non functional
51036,non functional
34262,functional
46104,functional
63021,non functional
51687,functional
65192,functional
6742,functional
70585,functional
6264,functional
47143,functional
14589,functional
56531,functional
3726,functional
55073,functional
58881,non functional
71563,functional
26294,functional
51341,non functional
33608,functional
6009,functional
8031,functional
19596,functional
1167,functional needs repair
46262,functional needs repair
47665,non functional
33739,functional
32710,functional needs repair
40958,non functional
52561,functional
46837,functional
29761,functional
12734,non functional
63729,functional
62172,non functional
68996,functional
66651,functional
51136,non functional
44754,functional
18355,functional
33306,non functional
71804,functional needs repair
25841,non functional
27437,functional
14620,non functional
34263,functional
53667,functional
64705,non functional
36812,functional
15728,non functional
4910,non functional
73337,functional needs repair
54518,functional
47555,functional
72343,functional
58629,non functional
36010,functional
38081,functional
43256,non functional
40218,non functional
69354,functional
22681,functional needs repair
16691,functional
64471,functional needs repair
65441,functional
57717,non functional
21905,non functional
32652,functional
24553,functional
16548,non functional
63416,functional
45066,functional
53639,functional needs repair
36762,functional
45963,functional
59926,functional
3597,non functional
55764,functional
56378,functional
8459,functional needs repair
24793,non functional
9919,non functional
45837,non functional
41783,non functional
16608,non functional
41445,functional
14257,non functional
65827,functional
46047,non functional
61687,non functional
48010,functional needs repair
2031,functional
30100,functional
74041,functional
71665,non functional
19346,functional
35596,functional
12065,functional
52035,functional
67778,non functional
45851,functional
62451,functional
7230,functional
61596,non functional
17585,functional
11249,functional
40202,non functional
65271,functional
14304,functional
25584,non functional
54152,non functional
21809,non functional
40909,functional
58168,non functional
69839,functional
52461,non functional
72459,non functional
30704,non functional
70414,functional
16243,functional
22003,non functional
29375,non functional
15931,functional
60979,functional
61508,non functional
42294,functional
30914,non functional
33219,non functional
71647,non functional
49258,functional
57070,non functional
69344,non functional
4634,functional
41808,functional
11179,non functional
18039,functional
66513,non functional
57415,functional needs repair
56207,functional needs repair
70366,functional
74168,functional needs repair
37316,functional needs repair
42394,non functional
49667,functional
9244,non functional
51597,non functional
51691,non functional
63579,functional
12331,non functional
50843,non functional
53219,non functional
17351,non functional
69552,non functional
69556,non functional
61705,functional
66854,non functional
23545,functional needs repair
69226,functional
26098,non functional
49546,non functional
53873,non functional
25062,functional
15670,functional needs repair
47708,functional
44677,non functional
17,functional
2120,non functional
24521,non functional
28448,non functional
11696,non functional
41768,non functional
26224,non functional
49994,functional needs repair
43245,functional
69439,functional
47179,functional
27524,non functional
37533,functional
70341,non functional
46249,functional
70329,functional
73428,functional
6410,non functional
56641,functional
55272,functional needs repair
51446,non functional
26259,non functional
61907,functional
69173,functional
17276,functional
28543,functional
52832,functional
1318,functional needs repair
67394,non functional
33926,functional
4964,functional
55315,non functional
15002,non functional
42757,functional
21834,functional
52315,functional
73582,non functional
28856,functional
53033,non functional
59673,functional needs repair
7842,non functional
58082,functional
60432,functional
41882,non functional
47347,non functional
27725,functional
2332,functional
54076,functional
47117,non functional
5334,functional
11654,non functional
10995,functional
42290,functional
52852,functional
42744,functional
26379,non functional
18104,functional needs repair
13553,functional needs repair
64180,non functional
36309,non functional
66086,functional
24983,non functional
70045,functional
40910,functional
27591,non functional
64679,functional
56038,functional
11587,functional
9826,functional
37593,non functional
34389,non functional
70635,functional
48009,functional
5314,non functional
17490,functional
36016,non functional
71378,functional
3768,functional
21334,non functional
36543,functional
4170,functional
71540,functional
60656,functional needs repair
21266,functional
1738,functional
40832,non functional
60964,functional
40954,functional
68723,functional needs repair
12587,functional needs repair
5689,non functional
19754,non functional
8654,non functional
36245,non functional
36466,functional
52998,non functional
6301,non functional
1492,functional
57987,functional
43860,functional
1689,functional
7946,functional
58926,functional
5649,non functional
50659,functional
51647,functional
53070,functional
30491,non functional
47311,functional
14139,non functional
44756,functional
27166,non functional
63073,functional
2420,functional needs repair
23759,functional needs repair
60845,functional needs repair
9521,functional
43106,non functional
7464,non functional
42269,non functional
21974,functional
29026,non functional
43876,functional
39414,functional needs repair
45471,functional
24243,functional needs repair
33259,functional
36545,functional
52003,functional
55036,non functional
2639,functional
63104,non functional
43037,functional
30930,functional
55352,non functional
17125,non functional
65940,non functional
40867,non functional
29146,functional
8286,functional
67391,functional
31687,functional
39034,functional
37583,functional
30349,functional
22745,functional
24996,functional
46327,non functional
41440,functional
34066,functional
26887,non functional
24005,functional
38986,non functional
40000,functional
33626,functional
70517,non functional
65236,functional
39746,non functional
64875,functional
31484,functional
32634,non functional
6939,functional
67994,functional needs repair
54233,functional
41963,functional
36322,functional
49454,non functional
46187,non functional
48477,functional
33929,functional
53811,functional
9977,functional
16510,non functional
38283,non functional
49363,functional
62014,functional
43264,non functional
30363,functional
72132,functional
16263,functional
47617,non functional
61449,functional needs repair
5737,non functional
64805,non functional
60330,functional
27336,functional
45928,functional
23833,functional
46590,non functional
33835,non functional
34773,functional
17775,non functional
31621,functional
68597,functional
35911,non functional
72362,non functional
54579,functional
45794,functional
22672,functional needs repair
34338,functional
4667,non functional
50456,functional
2425,functional
27258,functional
25741,functional
5015,functional needs repair
51215,functional
52197,functional
29403,functional
33322,functional
19568,functional
36244,functional
55163,non functional
47920,functional
41235,functional
57390,non functional
57003,functional needs repair
59844,non functional
54503,functional
42801,non functional
3545,non functional
59366,functional
33873,functional
48269,non functional
54297,functional
58815,functional
62168,functional needs repair
58723,functional
18688,functional
36940,functional
48277,non functional
39724,non functional
200,functional
45251,non functional
46037,functional needs repair
20305,functional
24289,functional
49868,non functional
22539,functional needs repair
41037,functional
56368,functional
53060,functional
17388,functional
42745,functional
57565,non functional
17786,non functional
71654,functional needs repair
62464,functional
13829,functional needs repair
23782,non functional
69477,non functional
21505,functional
13293,functional
48820,functional
31196,functional
39682,non functional
1079,functional
32617,non functional
41397,functional
24089,functional
49720,non functional
27183,non functional
47531,non functional
16521,non functional
9188,non functional
27359,functional needs repair
43531,non functional
58802,functional
15484,functional
49786,functional
44049,functional
35025,functional
62947,functional
14681,functional
2144,non functional
62882,non functional
49225,functional
49139,functional needs repair
9466,functional needs repair
59403,functional
22191,functional
38140,non functional
65874,non functional
2440,non functional
6389,non functional
9265,functional
6727,non functional
64932,non functional
71032,functional
51559,functional
24831,functional
20919,functional
53127,functional
45182,non functional
44702,functional
69005,non functional
16976,non functional
39515,functional
73805,functional
12695,functional
26419,functional
29915,non functional
49410,non functional
18168,non functional
12151,non functional
18273,non functional
13105,functional
53778,non functional
72819,functional
70478,functional
21997,functional needs repair
68101,non functional
1206,functional
5201,functional
10420,non functional
1510,functional
69255,functional
64628,functional
48788,non functional
18213,functional
43990,functional
66183,functional needs repair
13522,non functional
8296,non functional
14393,non functional
35960,functional
73512,non functional
61363,functional
60259,functional
40051,functional
50534,functional
44313,functional
24178,functional
46078,non functional
40555,functional
29479,non functional
2510,functional
35909,non functional
11065,functional
58192,functional
24495,functional
19201,functional needs repair
42220,non functional
35990,non functional
27891,functional
36534,functional
61862,functional
61487,functional
23239,functional
25155,non functional
5587,functional needs repair
12408,functional
46840,functional
56878,non functional
338,non functional
44987,non functional
70996,functional
8413,functional
39505,non functional
61917,functional needs repair
589,functional
47999,non functional
9178,functional
32655,functional
27151,functional needs repair
72320,functional
1335,functional needs repair
25005,functional
71423,functional
67399,functional
15474,non functional
4244,functional
18105,functional
4536,functional needs repair
48586,functional
65027,non functional
66626,non functional
68499,functional
11632,functional
33511,functional
15893,non functional
13141,non functional
18551,functional needs repair
17147,non functional
58053,non functional
49772,functional
30657,non functional
73744,functional
62268,functional
67680,non functional
43766,functional
56319,non functional
28758,functional needs repair
70720,functional
67570,functional
69156,non functional
31679,functional
25692,functional
12330,functional
54044,functional
49420,non functional
45714,non functional
67701,functional needs repair
56863,non functional
3079,functional
26239,functional needs repair
34749,functional needs repair
31749,functional
45672,functional
51895,functional
20467,functional
71989,functional
23618,functional
30921,functional
49473,functional
32257,non functional
62677,non functional
27786,functional
45894,non functional
70769,functional
63216,functional
66492,functional
30274,functional
41239,functional
63316,functional
38171,non functional
24074,non functional
35839,non functional
54533,functional
63856,non functional
4299,non functional
61410,functional
61219,non functional
27321,functional
26197,non functional
352,functional
13947,non functional
36495,non functional
54458,functional
16332,functional
57831,functional
55290,non functional
50101,non functional
66100,non functional
10633,non functional
50943,non functional
52850,functional
36593,functional
72606,functional
11343,non functional
19601,non functional
18086,functional needs repair
25000,functional
1489,non functional
16036,functional
10979,non functional
13926,functional
19988,non functional
43130,non functional
48298,functional
26506,functional needs repair
21897,functional
26375,non functional
12052,functional
7871,functional
53180,functional
47502,non functional
32754,functional
43309,functional
19177,functional
18823,functional
7725,functional
52928,non functional
47363,non functional
66871,functional
23036,functional
65281,functional
33502,functional
17485,functional
3707,functional
64990,non functional
59254,non functional
50539,functional
11840,functional
62202,functional
71801,functional
33911,non functional
40528,functional
14155,functional
12445,non functional
9232,functional needs repair
61574,functional
32229,non functional
1881,functional
15882,non functional
61360,functional
43603,functional needs repair
2111,functional
68643,non functional
6555,functional
71739,functional
3614,functional needs repair
37967,non functional
12162,non functional
73623,non functional
12684,non functional
46442,non functional
16809,non functional
15307,functional
4112,functional
20739,functional
46059,functional
36544,functional
40478,non functional
14320,non functional
770,functional
31154,non functional
54456,non functional
54837,non functional
7255,functional
3057,functional
30372,functional
29718,functional
69787,functional needs repair
73942,non functional
25698,functional
27662,functional
31077,functional
3162,functional
21204,non functional
61359,non functional
57256,functional
39150,functional
61460,functional
27474,non functional
70016,non functional
9211,functional
5675,functional
37355,functional
24122,functional
42397,non functional
30514,functional
8935,functional
27914,non functional
30059,non functional
57500,non functional
10418,functional
36124,non functional
12728,non functional
31355,functional
63479,non functional
29626,functional
54391,functional
37870,functional
38872,non functional
62785,functional
49684,functional
69862,non functional
19403,functional
36233,functional
60650,functional
11580,functional
19933,functional
750,non functional
48765,functional
72735,functional
54703,functional
31837,functional
11792,functional
52865,functional
33559,functional
46794,functional
8470,non functional
40194,functional needs repair
3063,non functional
63213,functional
25485,functional
63849,functional
51746,functional
69712,functional
59788,non functional
9959,functional
25525,functional
59359,non functional
7032,functional
72486,functional
3910,non functional
70120,functional
18170,non functional
62046,non functional
47703,functional
52196,non functional
44880,non functional
15963,non functional
9017,non functional
15705,functional
62049,non functional
41704,functional
27833,non functional
18496,functional needs repair
42279,functional
14172,functional
26206,non functional
21771,functional
55844,functional
33406,functional needs repair
29771,functional
47807,functional needs repair
72317,non functional
25466,non functional
66779,non functional
24909,functional
4251,non functional
15521,functional
67904,functional
69038,functional
27256,functional needs repair
52445,non functional
19804,non functional
73599,non functional
29998,functional
22576,functional
21396,functional
72468,functional
19612,non functional
62174,non functional
64447,functional
37904,non functional
62772,non functional
1872,functional
47588,functional
9649,functional
65014,functional
1527,functional
9334,functional
11149,functional
70639,functional
7172,non functional
24298,functional
771,functional
46018,functional
67735,non functional
910,functional
16829,functional
20090,functional
33565,functional
46710,functional
27044,functional
18547,functional
40862,non functional
17103,functional
53198,functional
13091,functional
37121,functional
8064,non functional
38410,non functional
45419,non functional
22312,non functional
51132,non functional
49584,functional
11473,functional
67093,functional
13705,non functional
27247,non functional
65785,functional
55974,functional
55658,non functional
35926,functional needs repair
60214,functional needs repair
34808,functional
45790,functional needs repair
24631,functional
18301,non functional
26721,non functional
2515,functional
61177,non functional
24968,functional
54955,functional
26696,non functional
468,non functional
25151,functional
827,non functional
3606,non functional
13998,non functional
11261,functional
54871,non functional
25057,functional
26274,functional
24331,functional
8751,non functional
60283,functional
12248,non functional
31562,non functional
7663,non functional
66245,functional
73184,non functional
41317,functional
9669,functional
50403,functional
21940,functional
60269,functional
256,functional
22724,functional
49264,functional
1833,non functional
399,functional
22413,functional needs repair
42057,non functional
45344,non functional
49145,functional
58767,non functional
57794,functional
54393,non functional
64062,non functional
63180,non functional
73821,non functional
5861,functional
21862,non functional
33010,functional
10930,functional needs repair
21995,non functional
62918,non functional
67867,functional
20110,functional
48243,functional
68590,non functional
36904,non functional
34274,non functional
5981,functional needs repair
19037,non functional
14128,functional
70309,non functional
31471,functional
25078,functional
49628,non functional
38804,functional
64570,functional
144,non functional
25671,non functional
68429,functional
19009,functional
59629,functional
70239,functional
43730,non functional
30235,functional
61684,non functional
62855,functional
28572,functional
21205,functional needs repair
20215,functional needs repair
32604,non functional
31389,functional
47449,non functional
41909,functional
4511,non functional
2081,functional
28560,non functional
38887,functional
37778,functional
31035,functional
55644,non functional
16231,non functional
38092,functional
31172,non functional
58263,non functional
8966,non functional
22927,non functional
50397,non functional
65228,non functional
40702,functional
8884,functional
60406,functional needs repair
23010,functional
65121,non functional
52881,functional
42774,functional
2640,functional
20265,non functional
13177,functional
55449,non functional
71123,non functional
58779,non functional
16546,functional
60746,functional
40926,functional
53467,functional needs repair
39028,functional
31821,non functional
54888,functional needs repair
9754,functional
44359,non functional
129,functional needs repair
44884,non functional
25591,non functional
59888,non functional
38348,functional
65476,functional needs repair
8384,non functional
42491,functional
71870,non functional
59461,non functional
11072,non functional
70022,non functional
46324,functional
48648,functional needs repair
61633,non functional
68638,non functional
50982,functional
62518,functional needs repair
67410,non functional
13669,functional
40799,functional
22007,functional
62983,non functional
61549,non functional
43282,non functional
49211,functional
33710,functional
64943,functional
35325,functional
23902,functional
68469,non functional
62874,non functional
55809,functional
73679,functional
55234,functional
38754,non functional
71878,non functional
9346,functional needs repair
68228,functional
11748,functional
67012,functional
22479,functional
35566,functional
60936,non functional
52071,functional needs repair
34024,non functional
24025,non functional
1747,non functional
41151,non functional
32480,functional
22531,non functional
22507,functional
60500,non functional
46126,non functional
53582,functional
17865,non functional
49654,functional
20313,functional
18177,functional
18455,functional
22284,functional
25963,functional needs repair
7308,functional
27417,non functional
72018,non functional
66808,non functional
22519,non functional
15724,functional
38162,non functional
11038,functional needs repair
38204,non functional
14212,non functional
62134,non functional
29543,functional
67387,non functional
21271,functional
18955,functional
5160,functional
20193,functional
73385,non functional
65172,non functional
46562,non functional
31197,functional
43395,functional
43179,functional
45777,non functional
36498,non functional
2632,functional
18994,functional
71597,functional
50311,functional
41355,non functional
56403,functional needs repair
40018,functional
69523,non functional
31832,non functional
595,functional needs repair
26096,non functional
34071,functional
16685,functional
10153,non functional
49141,functional
34932,functional needs repair
43918,functional
19976,functional
51970,functional
12414,functional
12120,functional
7630,functional
68223,functional
7908,functional
6359,functional
8764,non functional
13332,functional
17378,non functional
62781,functional
35999,non functional
11405,functional
64318,non functional
63890,functional
54770,functional
60439,non functional
34148,functional
69157,functional
2870,functional
50609,non functional
38017,functional
42312,functional
69171,functional
58064,functional
64338,functional
52697,functional
63480,functional
71518,functional
5679,non functional
11229,functional
55608,functional needs repair
10369,non functional
53138,functional needs repair
44731,non functional
61681,non functional
73780,functional
20885,functional
55823,non functional
28914,non functional
32538,non functional
42653,non functional
16935,functional
46006,non functional
13631,functional needs repair
22575,non functional
46026,functional
15311,non functional
43417,non functional
64150,functional needs repair
3355,functional
73872,functional
54744,functional
30052,functional
45527,functional
58336,non functional
53573,functional
64649,functional
21239,non functional
2469,non functional
63247,functional
17021,non functional
614,non functional
22536,non functional
25683,non functional
65486,functional
69913,non functional
43360,functional
50093,functional needs repair
25191,functional
10076,functional
39072,non functional
31457,non functional
46644,functional
19406,functional
10660,non functional
72567,functional
50011,non functional
26959,non functional
4957,functional
4314,non functional
67185,functional
66264,functional
17932,non functional
1358,functional
14714,non functional
32551,functional
66149,functional needs repair
53176,functional
45020,functional
49471,functional needs repair
35157,non functional
71396,non functional
3016,non functional
10667,non functional
34301,functional
34979,functional
29043,non functional
40940,non functional
64725,functional needs repair
24594,non functional
23903,functional
29097,functional
13776,functional
3849,functional
54746,non functional
29232,non functional
3277,non functional
48789,non functional
32865,functional
42462,non functional
34802,non functional
64396,functional
57369,non functional
49437,functional needs repair
36879,functional
35079,non functional
70036,functional
42402,non functional
34589,functional
40060,functional
23398,functional
23537,functional
8856,non functional
7926,functional
37299,functional
6044,non functional
57541,non functional
18341,non functional
56501,functional
14940,functional
8632,non functional
30032,functional
43401,functional
50288,functional
70780,functional
21841,non functional
66196,non functional
4684,non functional
38324,functional
5858,non functional
42696,non functional
27015,non functional
29445,non functional
12546,functional needs repair
19452,non functional
990,functional
53431,functional
60949,functional
11957,functional needs repair
38443,non functional
41662,functional
13269,functional
46032,non functional
17344,non functional
33885,non functional
18269,non functional
25810,functional
73434,non functional
2136,functional
65261,non functional
45090,non functional
72123,non functional
43536,functional
66674,non functional
31514,functional needs repair
14863,functional
32543,functional
37534,functional
56677,functional
72078,functional needs repair
60664,functional
47280,non functional
33816,functional
49913,functional
11333,functional
18618,functional needs repair
5569,functional
28407,non functional
61024,non functional
21993,functional
40230,functional
13796,functional
62736,functional
68271,non functional
60851,functional
37297,non functional
51851,non functional
42486,functional needs repair
74098,non functional
73692,non functional
61055,non functional
39573,functional
59062,functional
38149,functional
47795,functional
59812,functional
51909,functional
36344,functional
16112,non functional
33593,functional
48739,functional
21283,functional
27386,functional
19105,non functional
61734,functional
44065,functional
48748,non functional
69243,functional
3357,functional
19008,functional
68692,functional
15777,functional
37056,non functional
43465,functional needs repair
65500,functional
42638,functional needs repair
69561,functional
43789,functional
46127,functional needs repair
32402,functional
35829,functional
41639,non functional
61776,functional
40337,functional
13717,non functional
15751,functional needs repair
31896,functional
45335,non functional
13662,non functional
73516,functional
2863,functional
857,non functional
30038,functional needs repair
20328,non functional
4571,non functional
25824,functional
63410,functional
43644,non functional
5579,functional
4544,non functional
61175,functional
6263,non functional
56944,non functional
51067,functional
70671,functional needs repair
38515,functional
61773,non functional
37939,functional
41534,functional
65795,non functional
18141,functional
69667,non functional
3307,non functional
70548,non functional
73851,functional
35633,functional
40691,functional
73376,non functional
39824,functional
24581,non functional
36114,non functional
6149,functional needs repair
66247,functional
18193,functional
70587,non functional
44301,functional
627,functional
3437,non functional
4817,functional
26391,functional
13486,functional
27264,non functional
13327,non functional
25065,non functional
28908,functional
48100,functional
15468,non functional
19394,non functional
57205,functional
31528,non functional
40606,non functional
68086,functional
62140,functional
7364,functional
3548,functional
57398,functional needs repair
60599,non functional
10593,non functional
13187,functional
13329,non functional
37101,functional
65739,functional
5938,functional
62845,functional
72404,non functional
32422,non functional
70494,functional
59764,functional
44463,functional
31834,non functional
14875,non functional
33743,functional
53183,functional
29513,functional
17548,functional
69781,non functional
66010,functional
13639,functional
24860,non functional
1324,functional
46072,functional
67542,functional
72083,functional needs repair
33922,functional
73882,functional
2085,non functional
41711,functional
20903,functional
72627,functional
58251,functional
43878,functional
44013,non functional
45519,functional needs repair
31860,functional
18435,functional
34471,non functional
57232,functional needs repair
48834,functional
40149,non functional
58698,functional
31269,non functional
64525,non functional
15130,functional
64847,non functional
21564,functional
63677,functional
60668,functional
52361,functional
68668,functional
42719,non functional
61912,functional
56267,functional needs repair
41543,functional
64315,functional
47622,non functional
8502,functional needs repair
40532,non functional
61674,non functional
32665,functional
21589,functional
47587,non functional
40976,non functional
52564,functional
46475,functional
35355,non functional
39466,non functional
30577,non functional
28595,non functional
26565,functional
4160,non functional
55531,functional
9539,non functional
34728,non functional
70754,non functional
63255,non functional
63427,non functional
24952,non functional
43142,functional
16727,non functional
55204,functional
57371,non functional
55706,functional needs repair
30635,non functional
60617,non functional
23046,functional
8952,functional
42426,functional
53717,non functional
24007,functional
17186,functional
17674,functional
73771,non functional
8158,non functional
28632,functional
66124,functional
50193,functional
46565,non functional
66419,functional
2654,functional
5262,functional
35465,functional
71541,functional
69300,non functional
5077,non functional
62004,non functional
15457,non functional
66954,non functional
48294,non functional
54481,non functional
16244,functional
34635,functional
44821,non functional
26664,non functional
9634,functional
30062,functional
61874,functional
27196,non functional
26042,functional
66972,functional
12876,non functional
3028,functional
48546,non functional
23717,non functional
60447,functional
34559,functional
49598,functional
40765,functional
36850,functional
72319,functional
34926,non functional
55056,non functional
51309,non functional
48316,functional
68218,functional
54317,non functional
50976,functional
44688,functional
48173,non functional
20741,functional
17705,non functional
56429,functional
53292,functional
34556,functional
72365,non functional
19425,functional
71983,non functional
30806,functional needs repair
51769,functional
6812,functional
16764,non functional
30649,functional
42926,functional
29292,functional
72576,functional
44738,non functional
56794,functional
37312,functional
22053,non functional
28700,functional
60784,functional
2213,functional
59483,non functional
34977,non functional
59373,functional
17346,non functional
42595,functional
41461,non functional
52690,functional
58869,functional
27956,functional
68910,non functional
71653,functional
13489,functional
43326,non functional
63799,non functional
72901,functional
1560,functional needs repair
22075,non functional
33087,functional
11444,non functional
54290,non functional
47557,functional needs repair
17520,non functional
41713,functional
43809,functional
29996,functional
34520,functional
70783,non functional
64803,non functional
66409,functional
69650,functional
37889,functional
55159,non functional
16666,non functional
62254,functional
23459,non functional
55856,functional
30775,non functional
41400,functional
31013,non functional
43421,functional
4724,functional
56885,functional
8530,functional
39086,non functional
433,non functional
28082,non functional
40729,non functional
3361,functional
56230,functional
26329,functional
24879,non functional
36540,functional
69751,functional
7628,non functional
13090,non functional
68104,non functional
73349,non functional
66382,functional
31629,non functional
40690,non functional
64411,functional
41822,non functional
39633,functional
22409,functional
20180,functional
35774,non functional
14655,functional
19864,non functional
43557,non functional
4491,functional
43475,non functional
4977,functional
28224,non functional
41443,functional needs repair
21716,non functional
28177,functional
11366,functional needs repair
21220,non functional
40391,non functional
42190,functional needs repair
57573,functional
13773,non functional
43738,functional
41934,non functional
62180,non functional
30550,functional
50492,non functional
4945,non functional
63278,non functional
67269,non functional
47232,functional needs repair
70945,functional
2216,functional needs repair
62052,functional
62913,non functional
18561,non functional
66040,functional
15570,non functional
36371,functional
51504,non functional
546,non functional
15763,functional needs repair
60281,non functional
5202,non functional
43014,non functional
51105,functional
50718,non functional
12216,non functional
10897,functional
39260,non functional
2096,non functional
39426,functional
34552,non functional
44122,functional
37849,functional
29176,functional
42095,functional
32667,functional
33421,functional
31554,functional
15415,functional
59280,functional
64479,non functional
20460,functional needs repair
38354,functional needs repair
70940,non functional
29212,non functional
21379,functional
33958,functional
37134,functional
70282,non functional
38174,non functional
19327,non functional
36755,functional
51618,non functional
4793,functional
60786,functional
7067,functional
12923,functional
54209,functional
50333,non functional
2740,non functional
55987,non functional
4220,functional
23219,functional
30707,functional
21929,functional
54736,functional
68888,functional
21912,functional
57455,functional
6417,functional needs repair
20583,non functional
41593,non functional
73699,functional
23361,functional
41453,non functional
12630,non functional
30344,non functional
56786,functional
62158,functional
14744,functional
61362,functional
15199,non functional
38159,functional
40527,non functional
18417,functional
48857,functional needs repair
3495,functional
58012,non functional
9628,functional
8881,non functional
18624,non functional
48453,functional
39745,non functional
29062,functional
61995,non functional
31455,functional
22755,functional
69609,non functional
1450,non functional
25227,functional
6619,functional
25503,non functional
23509,non functional
42765,non functional
9349,functional
11401,functional
61163,functional
48629,non functional
18060,functional
21657,non functional
69420,functional
10281,non functional
31628,functional
63303,functional
8318,functional
62188,functional
33939,non functional
73141,functional
37262,functional needs repair
16812,non functional
48155,non functional
31782,functional
56241,functional
32440,functional
28666,functional
26263,non functional
66134,functional
52505,functional
9780,functional needs repair
24788,functional
33467,non functional
2539,functional
25088,non functional
4653,functional
53819,functional
60190,functional
19536,functional
40188,functional
13253,functional
28629,functional
25111,functional
68190,non functional
66658,functional
1284,non functional
51141,functional
67626,functional
57714,non functional
37303,non functional
18221,functional
13797,functional
34706,non functional
24773,non functional
47093,functional needs repair
2475,functional
70787,functional
56111,non functional
67299,non functional
54153,functional
48237,functional
58458,functional
64811,non functional
72945,non functional
1251,functional
54471,functional
55211,functional
22369,functional
9249,functional
25571,functional
62492,non functional
13088,non functional
13204,functional
54824,non functional
70935,functional needs repair
21376,functional
54358,functional
12444,functional
50776,non functional
13898,non functional
60132,functional
66048,functional
43329,non functional
41393,non functional
1363,functional
65103,functional
29584,non functional
30535,non functional
8377,functional
55113,functional
5619,non functional
53221,non functional
72942,non functional
16273,functional
7585,functional
73205,functional
27887,non functional
25354,functional
10304,functional
13729,non functional
33170,functional
6416,non functional
47238,functional
47208,non functional
14211,functional
35128,non functional
24485,non functional
38276,non functional
65291,functional
28321,functional
64271,functional
66218,non functional
42596,non functional
57760,non functional
35323,functional
64861,functional
60564,non functional
35632,functional
63987,non functional
71585,non functional
38285,non functional
16154,non functional
10274,functional
53865,functional
48530,functional
51859,non functional
31171,non functional
10890,functional
36840,functional
64213,non functional
36707,non functional
51973,functional
67964,functional
14303,functional
964,functional
36484,functional
51349,non functional
44932,functional
65382,functional
31046,non functional
68824,functional
45548,functional
43817,non functional
46859,non functional
18814,non functional
48903,functional
15561,functional
11490,non functional
8406,functional
33166,non functional
61284,functional
31409,functional
27824,functional
35631,non functional
70513,functional
13254,non functional
29841,functional
21756,functional
11355,functional
9794,functional
26836,non functional
56902,non functional
17264,non functional
69103,non functional
51284,functional
23038,functional
13043,functional needs repair
9486,functional
69284,functional
72192,functional
12790,functional
58326,functional
3054,functional
2121,non functional
45779,functional
21397,non functional
3770,functional
39815,non functional
46374,functional
19489,non functional
19204,functional
25986,functional
42158,functional
12785,functional
24397,functional
22164,functional needs repair
12942,functional
58584,functional
12234,functional
68815,functional
4010,non functional
7167,non functional
63254,functional
4642,non functional
22132,functional
16308,functional
5699,functional
53901,functional
31080,functional
29456,functional
67384,non functional
73186,functional
22781,functional
18444,functional needs repair
5455,functional
52740,functional needs repair
14787,functional
63138,functional
67408,functional
26278,functional
33789,functional
21085,functional
51723,functional
43325,non functional
63251,non functional
33774,functional
33487,non functional
6844,functional needs repair
40680,non functional
18220,functional needs repair
9454,functional
15837,functional needs repair
56539,functional
14105,functional
37581,functional
23225,functional needs repair
69513,non functional
49578,non functional
28918,functional
1904,non functional
70603,functional
15791,non functional
11198,non functional
58834,non functional
38646,functional
52089,non functional
45826,functional
50716,non functional
67156,non functional
70108,functional
50422,functional
44926,non functional
56334,functional
70518,functional
41820,non functional
33256,functional
62616,functional
20367,non functional
42754,functional
15058,functional
15122,functional
59309,functional
5875,non functional
58000,functional
50002,functional
8575,non functional
19929,functional
69578,non functional
35985,functional needs repair
48890,non functional
61713,non functional
57781,non functional
1910,non functional
7287,functional
4738,non functional
14995,non functional
50241,functional
27428,non functional
70496,non functional
71806,functional
27704,functional
30224,functional
42792,functional
20056,functional
60810,non functional
4060,non functional
12624,functional
11403,functional
30770,functional
38508,non functional
12472,functional
48855,functional
16098,functional
26323,functional
45240,non functional
10337,functional
37483,functional
7410,non functional
63599,functional
13860,non functional
71167,functional
63997,functional
9929,non functional
32646,functional
25562,non functional
71090,functional
17283,functional
44514,functional needs repair
19141,non functional
33737,non functional
50779,non functional
63876,functional needs repair
53948,non functional
2415,functional needs repair
35154,functional
41038,functional
43750,non functional
8849,non functional
72493,functional
578,non functional
28281,functional
64305,functional
402,non functional
69965,non functional
65015,non functional
19231,non functional
62665,functional
31587,functional
58556,functional
50388,non functional
45882,functional
59051,functional
51256,functional
41268,non functional
54439,non functional
58692,functional
206,functional
37909,functional
2210,functional
56136,non functional
25129,non functional
30624,non functional
69708,non functional
44319,functional needs repair
70888,non functional
57461,functional
14062,functional needs repair
36728,functional
32056,functional
59078,functional
47471,non functional
39862,functional
55069,non functional
18200,non functional
55104,functional
8742,functional needs repair
70118,non functional
21140,non functional
66606,functional
9429,non functional
33271,non functional
25040,non functional
30075,non functional
6404,functional
40189,functional
70171,non functional
29830,functional
22311,functional
57738,functional needs repair
45997,functional
24563,functional
45046,functional
63022,functional
4669,non functional
9266,functional
2497,functional
53424,non functional
12379,functional needs repair
65378,non functional
12517,non functional
40078,functional
31758,non functional
72940,functional
9573,functional
30376,functional
45785,functional
70028,functional
9542,functional
8472,non functional
24827,functional
43342,functional
50774,non functional
40125,functional needs repair
71826,non functional
59425,functional
60559,non functional
27921,non functional
417,non functional
71782,non functional
40846,functional
38483,functional
61059,functional
11976,functional
16174,functional
38693,functional
25543,non functional
70656,non functional
72770,functional
60212,functional
21430,non functional
68335,non functional
37857,functional
64123,functional
39822,functional needs repair
28251,functional
73716,non functional
64184,non functional
6508,non functional
37384,non functional
1204,non functional
56551,non functional
4974,functional
66659,functional
50270,functional
57872,non functional
50197,functional
48671,functional
5375,non functional
32955,non functional
59595,functional needs repair
21952,non functional
64478,non functional
32686,functional
38034,functional
12564,non functional
44977,functional
65956,non functional
52453,non functional
2355,functional
20496,non functional
17138,functional
9195,non functional
71286,non functional
16360,non functional
31622,functional
4421,functional
23560,functional
17685,functional
52550,functional
3175,functional
36455,non functional
33731,functional
50972,functional
32645,functional needs repair
47369,non functional
5209,functional
14882,functional
56503,functional
25624,non functional
58560,non functional
44299,non functional
70744,functional
26075,functional
35831,functional
13549,non functional
6989,non functional
40245,non functional
48382,functional
37409,functional needs repair
1524,functional needs repair
28470,functional
20872,functional
25911,non functional
14529,functional
22456,functional
33621,functional
6827,non functional
30338,functional
56833,functional
20501,non functional
26003,functional
65677,functional
60716,functional
37959,non functional
5272,non functional
16335,functional
957,functional
26011,functional
11528,functional
30960,functional
63053,functional needs repair
53866,non functional
12590,functional
57293,functional
8216,non functional
12073,functional
11246,non functional
12404,functional
69745,functional
21287,non functional
55568,functional
38528,functional
57529,non functional
18264,functional
1236,functional
1027,functional needs repair
20114,functional needs repair
36989,functional needs repair
44524,non functional
4644,functional
40225,functional
19934,functional
63571,functional
60353,functional
26167,non functional
30762,functional needs repair
55228,functional
73655,functional
42218,non functional
16520,functional
33142,functional
47147,functional
44753,non functional
72082,non functional
47237,functional
53487,non functional
35169,non functional
60672,functional
38592,non functional
13606,functional
8023,functional
27396,functional
14009,functional
63561,functional
69242,non functional
71879,non functional
26421,functional
64688,non functional
47213,non functional
11799,functional
25783,non functional
15604,functional
55751,non functional
32945,functional needs repair
33839,functional
48892,functional
51531,functional
45565,functional
28092,non functional
66210,functional
56408,non functional
60004,functional
10570,functional
50833,functional
32837,functional
51252,functional
71965,functional
15954,non functional
72674,functional needs repair
11079,non functional
4028,non functional
18462,non functional
37090,non functional
63576,functional
58250,non functional
33961,functional
37874,non functional
45207,functional
43724,functional
33910,non functional
36060,functional
18953,functional
71046,non functional
4934,functional
14496,functional
18189,functional
19279,non functional
13642,functional
26060,non functional
59048,functional
25033,non functional
62878,functional
23469,functional
18987,functional
50279,non functional
34081,non functional
44937,functional
43062,functional
17060,non functional
36637,non functional
7296,functional
34327,non functional
30719,non functional
50717,functional
29289,functional
9972,functional
8895,functional needs repair
46340,functional
41112,non functional
68828,non functional
68235,functional
19154,functional
3891,functional
24314,functional
30520,non functional
65338,non functional
42259,functional
51062,functional
65757,functional
45430,functional
6119,functional
60376,functional
21630,functional
47436,functional
45867,functional
43519,non functional
18386,non functional
32842,functional
10757,functional
57347,non functional
48859,functional
21878,functional
3276,functional
72962,functional
69085,functional
67857,non functional
20279,functional needs repair
35095,functional
11416,non functional
5011,non functional
50727,non functional
20374,non functional
12382,non functional
52962,non functional
72308,non functional
61485,functional
65796,functional
61928,non functional
74086,non functional
40326,functional
2926,functional
29997,non functional
25357,non functional
71384,non functional
17888,non functional
58181,non functional
68084,non functional
28613,non functional
24990,functional
5803,non functional
69717,non functional
46634,non functional
17118,functional
60429,non functional
27785,functional
66994,functional
44644,non functional
53034,non functional
17650,functional
13821,functional
64529,functional needs repair
59279,functional
11669,functional
9227,non functional
15571,non functional
35851,non functional
27487,functional
53188,functional needs repair
22033,non functional
61371,functional
28828,functional
21567,non functional
69201,functional
49712,functional
14332,non functional
61910,functional
6308,non functional
43338,non functional
17843,functional needs repair
10569,functional
25997,non functional
17856,functional
43524,functional needs repair
8623,functional
9901,functional
17053,functional
35722,non functional
25247,functional
4427,functional
27830,non functional
59277,functional
36399,functional
27121,non functional
61096,functional
24622,functional
18274,functional
46667,non functional
61810,functional
71060,non functional
23875,non functional
5945,functional
32228,functional needs repair
14068,non functional
16707,functional
27750,non functional
50870,functional
68361,functional
35906,non functional
46225,functional
19430,functional
70785,non functional
67607,functional
48810,functional
61724,functional
31683,non functional
43819,functional
11773,functional
28074,functional
66567,functional
67555,functional
20784,functional needs repair
51184,functional
54107,non functional
6291,functional
32062,non functional
47606,functional needs repair
10310,functional
13468,functional
67309,functional
48444,non functional
50290,functional
70300,functional
47078,non functional
43020,functional
56118,functional
36929,functional
16166,functional needs repair
73034,functional
51869,functional
24818,functional
30878,non functional
16817,functional
17358,non functional
46331,functional
45405,functional
34077,non functional
35712,functional
59250,functional
35372,non functional
5544,non functional
2226,functional
12387,functional
24617,non functional
27441,functional
23590,functional
10601,functional
61223,functional
67676,functional
52389,functional
49184,functional
68721,functional
3776,functional
47788,functional
48028,non functional
40553,functional
20346,non functional
26951,non functional
4127,non functional
5653,functional needs repair
37833,functional
15322,functional
63178,functional
63732,functional
32468,functional needs repair
39282,functional
32513,functional
39333,functional
39230,functional
57383,functional
61939,non functional
69875,non functional
38074,functional needs repair
5720,functional
56967,functional
64201,non functional
73030,functional
40589,non functional
43674,functional needs repair
26118,functional
25953,non functional
42523,functional
34949,non functional
4983,non functional
60631,functional
33278,functional
38987,functional
42062,functional
49004,functional
31729,functional
1022,non functional
65240,functional
68967,functional
50619,non functional
43532,functional
46337,non functional
59685,non functional
74189,functional
23136,functional
67691,functional
49253,functional
54664,functional
72823,functional
27973,functional
7312,functional
16303,functional
17599,functional
69414,non functional
54069,functional needs repair
59884,non functional
3894,non functional
48537,non functional
34741,functional
284,non functional
42278,functional
18950,non functional
43250,functional needs repair
45325,functional
32581,functional
63843,functional
17522,functional needs repair
31109,non functional
64020,functional
20980,functional
30386,functional
53684,non functional
8993,non functional
33390,non functional
4524,non functional
19729,functional
1380,non functional
70332,functional needs repair
70559,non functional
30663,non functional
2947,functional
57933,functional
65412,functional
11391,functional
14761,functional
11475,functional
3738,non functional
2238,non functional
27345,functional
66549,functional
61535,functional
10480,non functional
38210,non functional
8398,non functional
63801,non functional
53440,functional
35212,non functional
35085,non functional
33468,functional
21197,non functional
20989,functional
10650,functional
51839,non functional
42037,non functional
46569,non functional
43631,non functional
6059,functional
72675,functional needs repair
30005,functional
36267,functional needs repair
30046,non functional
25346,functional
57840,functional
26879,non functional
20172,non functional
36558,non functional
13560,functional
18676,functional
25183,functional
22010,non functional
26211,non functional
29005,functional
4556,non functional
37550,functional
67821,functional
30239,functional
54023,functional
71869,functional
52662,non functional
45940,non functional
29398,functional
30751,functional
46160,functional
27096,non functional
31704,functional
8053,non functional
734,functional
49614,functional
54205,non functional
58267,non functional
63747,functional
42160,functional
65920,non functional
14806,functional
60422,functional needs repair
51386,functional needs repair
61783,non functional
20448,non functional
15192,functional
26008,functional
7777,non functional
27583,functional needs repair
7949,functional
66844,non functional
50294,non functional
8485,functional
24984,non functional
29769,non functional
44481,non functional
52642,functional
5578,non functional
70904,non functional
21462,functional
54219,functional
12354,non functional
27,non functional
50358,functional
59580,non functional
28149,functional
70298,functional
57658,functional needs repair
37875,functional
12478,non functional
53611,functional
14782,non functional
9626,non functional
35908,non functional
45874,functional needs repair
56152,non functional
28977,functional needs repair
61345,functional
22137,functional
63705,non functional
25513,functional needs repair
11470,functional
64379,non functional
40576,functional
67,functional
22202,non functional
38805,functional
35557,functional
9730,functional
14855,functional
73737,non functional
40791,functional
67347,non functional
73519,functional
63277,functional needs repair
12616,functional
7612,functional
4295,functional
58513,functional
43047,functional
66307,functional
50912,functional
27245,non functional
48336,non functional
16269,functional
2790,functional
49263,functional
26484,functional
7107,non functional
61737,functional
45588,non functional
37451,functional
11049,functional
51053,functional
47274,functional
69847,non functional
39530,non functional
21727,non functional
51808,functional
44336,functional
21540,functional
68230,functional
3094,functional
38240,functional
23231,functional
67461,functional
33453,functional
62362,functional
33551,functional
62770,functional
4280,functional
27346,functional
55854,functional needs repair
23806,non functional
48038,non functional
23045,functional
48660,functional
65183,functional needs repair
38795,functional
65788,functional
59080,non functional
22982,non functional
20382,non functional
45137,non functional
26542,functional
57771,non functional
10856,functional
4857,functional
48352,functional
16524,functional
71127,functional
58032,non functional
51941,non functional
73256,functional
29776,non functional
39861,functional
45452,functional
39329,functional
60821,functional needs repair
52987,functional
12711,functional
33706,functional
4755,non functional
66133,non functional
22056,non functional
70794,non functional
45424,non functional
58091,non functional
17302,functional
20714,functional
24207,non functional
32683,non functional
71819,functional
10676,non functional
20709,non functional
2281,functional needs repair
7743,non functional
36969,functional
57138,functional
68056,functional
29505,functional
3255,functional
1614,functional
22487,functional
55116,functional
10654,functional
48786,non functional
36606,functional
16598,non functional
69668,functional
2719,non functional
13867,functional
20586,functional
15616,non functional
68287,functional
58583,functional needs repair
45423,functional
12697,functional needs repair
39370,non functional
69307,non functional
73019,functional
43956,functional
22611,functional
61860,functional
27567,functional
55253,functional
19152,functional
72923,functional
72229,functional
7279,functional
60776,non functional
2173,functional needs repair
15381,non functional
11618,non functional
65432,functional
72531,functional needs repair
37680,non functional
54739,functional
40500,functional
36573,functional
52396,functional
20492,non functional
53564,functional
51692,non functional
3387,functional
50000,functional
14927,non functional
54713,non functional
30141,non functional
20866,functional
72585,functional
71958,non functional
48463,functional
5319,functional
60958,functional
31235,functional
23994,non functional
36537,functional
68755,functional
43912,functional
25842,functional
64087,functional
44521,functional needs repair
42361,functional
36596,non functional
35287,functional
45188,functional
34769,functional
64497,functional
37396,functional
6278,functional
43164,non functional
49191,functional
57395,functional
62933,functional
56849,functional
37707,functional
55330,functional
58992,functional
26755,non functional
598,functional
48906,non functional
2138,non functional
46210,non functional
20703,functional
12004,non functional
36689,functional needs repair
66672,functional
9811,non functional
21113,functional
20495,functional
71363,non functional
68169,non functional
20301,functional
24992,non functional
68462,functional
38897,functional
18568,non functional
3736,non functional
12245,functional
39939,functional
21764,non functional
27387,functional needs repair
64125,functional
73289,functional
10180,non functional
60904,non functional
63451,non functional
54298,non functional
58655,functional
61229,non functional
18915,non functional
52823,functional
7493,non functional
25822,functional
56990,functional
71370,functional
10424,functional needs repair
17769,functional
33480,functional needs repair
53949,non functional
45850,functional
1444,non functional
27260,functional needs repair
47045,functional
35664,functional needs repair
39852,functional
14434,non functional
67292,functional
8638,functional
11526,functional
44470,functional
71732,non functional
52874,functional
1823,functional
7488,functional
71265,functional
47745,functional needs repair
33399,non functional
62805,functional
30221,functional
28434,non functional
17073,non functional
12659,non functional
29946,functional
73367,functional
61940,functional
54830,functional
15839,functional
36162,functional needs repair
29943,functional needs repair
26766,functional
73658,functional
15618,non functional
29535,functional
40106,non functional
30748,functional
48312,functional
73669,functional
11688,functional
61300,functional
73787,functional
55947,functional
4925,non functional
48293,functional
29661,non functional
335,non functional
23009,functional
5111,functional needs repair
25651,non functional
21592,non functional
9745,functional
42822,non functional
65553,functional
28258,non functional
34722,functional
47115,non functional
63204,functional needs repair
34255,functional
35304,functional
63090,non functional
10276,functional
64199,non functional
69261,functional
55653,functional
71070,non functional
72137,functional
861,functional
5344,functional
27299,functional
73600,functional
65714,functional needs repair
69811,non functional
2507,functional
28137,non functional
48829,functional needs repair
41491,non functional
34513,non functional
32309,functional
38215,non functional
54095,non functional
64755,functional
6370,functional
53924,non functional
1410,functional
45662,non functional
6,non functional
43258,non functional
47797,non functional
29294,non functional
54581,functional
43065,functional
67779,non functional
51018,functional
69237,non functional
29859,functional
30324,functional
52698,functional
41688,non functional
70911,functional
73297,functional
33798,non functional
72180,functional
1668,functional
25467,non functional
27107,functional needs repair
63526,functional
21726,functional
19548,functional
1165,functional
4743,non functional
44609,functional
63768,functional
56843,functional
34063,non functional
25391,non functional
5950,functional
13611,non functional
19278,functional
35090,functional
64714,non functional
17795,functional
9359,functional needs repair
69283,functional
6575,functional
4205,functional
67609,functional needs repair
19486,non functional
29333,non functional
59671,functional
71288,functional
34572,functional
56775,functional
7986,non functional
37411,non functional
43565,functional
21512,non functional
43424,non functional
26733,non functional
62617,non functional
55427,functional
2726,functional
17593,non functional
32120,functional
21290,functional
10494,functional
21898,functional needs repair
64346,functional
49397,non functional
37862,functional
8062,functional
35500,functional
64214,functional
58764,functional
53128,functional
53277,functional needs repair
68441,non functional
51779,non functional
32136,functional needs repair
33181,non functional
61375,non functional
1568,functional
58657,non functional
10138,functional
28485,functional
29396,functional
20256,functional
67859,non functional
12291,functional
8910,non functional
4849,functional
68749,functional
51353,functional
12268,functional
72725,functional needs repair
60618,non functional
46069,functional
13691,functional
28210,functional
9161,non functional
65293,non functional
30306,non functional
59159,non functional
8494,functional
48871,non functional
73282,functional
46798,functional
50214,functional
47446,non functional
32934,functional
14066,non functional
69273,non functional
37653,non functional
36366,functional
12389,functional
69973,non functional
48354,functional
14405,functional needs repair
59052,functional
62602,functional
1437,functional
71133,functional
51171,functional
58874,non functional
60990,non functional
35230,non functional
71885,non functional
48314,functional
65093,functional
42972,non functional
38807,functional
67428,functional needs repair
55087,functional
63334,non functional
19957,non functional
33944,non functional
2489,functional
22933,functional
39435,functional
37472,non functional
48005,functional
23893,functional
72917,non functional
26207,non functional
25596,functional needs repair
43356,non functional
21050,functional
26613,functional needs repair
9371,non functional
48992,functional
69904,functional
20154,functional
23115,functional
15427,functional
9384,non functional
47329,non functional
31345,non functional
61283,functional
24808,non functional
26646,functional
4223,non functional
40121,functional
24775,functional
19881,functional
28532,functional
65963,functional
68908,functional
29874,functional
10987,functional
5283,functional
45074,functional
55329,non functional
19414,functional
33224,functional
62695,functional
59453,functional needs repair
16850,functional
52731,functional
34993,functional
23768,functional
6686,non functional
55453,functional
12731,non functional
70308,functional needs repair
29663,non functional
1962,non functional
14748,functional
33298,non functional
41105,functional
45448,functional
71201,non functional
42644,functional
21664,non functional
35430,functional needs repair
35284,functional needs repair
6763,non functional
49231,functional
59027,non functional
32498,functional
36332,non functional
24568,non functional
67992,functional
62205,non functional
1191,functional
26110,non functional
19367,functional
5069,functional
42263,functional
59031,non functional
19072,non functional
67350,non functional
7809,functional needs repair
58204,non functional
31766,functional needs repair
62608,non functional
48263,non functional
11372,non functional
59799,non functional
64671,functional
50045,functional needs repair
73331,functional
14919,functional
11174,functional needs repair
31286,functional
48210,functional
39256,non functional
39192,functional
40419,functional
67698,functional
66006,non functional
33308,non functional
5100,functional
11199,functional
16663,functional
57185,non functional
15411,functional
57057,non functional
67044,functional
22614,functional
32486,functional
22729,functional
11735,non functional
52688,non functional
53872,functional
37468,functional
14277,functional
13812,functional
66394,non functional
20182,non functional
70051,functional
37693,functional
10720,non functional
2309,functional
45262,functional
31675,functional
41301,functional
14121,functional
34221,functional
34924,functional
57442,non functional
65308,non functional
46014,functional needs repair
41911,non functional
55331,functional needs repair
55915,functional needs repair
7102,functional
14061,functional
48920,functional
44153,functional
10547,functional
18439,functional
29023,functional
1759,functional
42477,non functional
34421,functional
10341,non functional
73659,functional
16432,non functional
67092,functional
63446,functional needs repair
15217,functional
40807,functional needs repair
27800,non functional
3471,functional
60764,functional needs repair
25473,functional
14275,non functional
16007,functional
44750,non functional
5313,non functional
56520,functional
42627,non functional
2604,functional
66695,functional
13334,functional needs repair
7128,non functional
24715,functional needs repair
73892,non functional
374,functional
22176,functional
72410,non functional
13487,non functional
2051,functional
31847,functional
18951,functional
57749,non functional
70149,functional
34108,functional
71612,functional
1267,functional
36103,non functional
44182,functional
61543,non functional
40524,functional
8388,functional
10677,non functional
53336,functional
52568,functional
63675,functional
34674,functional
54195,functional needs repair
10793,non functional
5871,functional
61624,functional
38352,functional
49557,functional
50210,functional
35166,functional
61408,non functional
40488,functional
66110,non functional
62647,functional
5275,functional
44105,functional
14654,non functional
40562,functional
3566,non functional
46586,non functional
23698,functional
25333,functional
6777,functional needs repair
6041,non functional
63641,non functional
36998,non functional
59603,functional
22030,functional needs repair
34822,functional
59509,non functional
61448,functional
38190,functional
6803,functional
32403,non functional
57241,functional
38027,functional
23035,functional
51120,functional
72801,non functional
69735,functional
45256,functional
68978,non functional
20790,functional
28338,functional
18703,non functional
53883,functional
72982,non functional
25869,non functional
4330,functional
19953,functional
40965,non functional
65493,functional
66640,non functional
51962,functional
39403,functional needs repair
23291,functional
25582,non functional
53962,non functional
73390,functional
7196,functional
46635,functional
73470,non functional
55563,non functional
23178,functional
36076,non functional
66723,functional
9760,non functional
73159,non functional
16026,non functional
5362,non functional
72207,functional
7782,non functional
60167,functional
28973,non functional
65174,functional
73316,non functional
24141,functional
8710,non functional
9385,functional
18603,functional
71742,non functional
54165,functional
44920,functional needs repair
49594,non functional
73577,functional
34573,functional
12810,functional
34488,non functional
53103,functional
33568,non functional
51183,non functional
20424,non functional
66925,functional
28940,non functional
70150,non functional
45909,non functional
46577,functional
12573,functional
51240,non functional
28796,functional
40674,functional
69019,functional
28878,functional
34029,functional needs repair
40884,non functional
75,non functional
10698,non functional
45912,non functional
72228,functional
52803,functional
46221,non functional
4645,functional
14447,non functional
46628,functional
54043,non functional
54623,non functional
51182,functional
14182,non functional
22825,non functional
26056,non functional
48390,non functional
49318,non functional
30451,functional
40449,functional
37392,non functional
25732,non functional
49766,functional
5168,functional
26213,functional
22852,functional
2503,functional
61863,non functional
71536,functional needs repair
48684,non functional
12261,functional
52237,non functional
64256,non functional
71515,functional
36160,functional
65345,functional needs repair
27705,functional
31669,non functional
27343,non functional
16455,functional
39838,non functional
71132,functional
57698,non functional
59758,non functional
42340,functional
12889,functional
46633,non functional
7010,functional
29736,functional
51164,functional
19069,functional
61118,non functional
71326,functional
15422,non functional
12620,functional
6961,functional needs repair
72564,non functional
47405,functional
16271,functional needs repair
73136,non functional
33980,functional
8971,functional
55121,non functional
63344,non functional
11692,functional
1753,functional
67511,non functional
17216,non functional
33975,functional
61513,functional
20264,non functional
5959,non functional
62966,non functional
62416,non functional
11592,functional
2956,non functional
41,functional
64860,non functional
63697,functional
30741,functional
63778,non functional
22229,functional needs repair
47310,non functional
44979,non functional
22212,functional
28927,non functional
33198,functional
18239,functional
41412,non functional
15367,non functional
45428,non functional
48913,functional
26433,functional
7038,functional
11706,functional
8266,non functional
13160,non functional
52208,non functional
50922,non functional
55729,functional needs repair
6612,functional
53512,non functional
16640,functional
62669,non functional
13584,non functional
10771,non functional
52737,non functional
23307,non functional
18918,non functional
72454,functional
18850,functional
14916,functional
11807,functional
12713,non functional
17724,functional
65069,non functional
41066,non functional
13976,non functional
69655,non functional
69984,functional
8761,functional
38278,non functional
5989,functional
63744,functional
62715,functional
25650,non functional
28798,functional
65555,functional
18262,functional
26915,functional
15472,functional
71435,non functional
46928,functional needs repair
67770,non functional
39233,functional needs repair
50338,functional
56667,non functional
70155,functional needs repair
34931,functional
31609,non functional
72520,functional
10325,non functional
32245,functional
46675,non functional
4203,non functional
45495,functional
6701,functional
44382,functional
16000,non functional
41561,functional
21724,functional
38788,non functional
59834,functional
49795,non functional
46167,functional
51935,functional
19058,functional needs repair
14700,non functional
47050,functional
48076,functional
1911,functional needs repair
23726,functional
26445,non functional
40997,functional
5119,non functional
60498,functional
6907,functional
71763,functional
74052,functional
40758,functional
54668,functional
45907,functional needs repair
12102,functional
54031,functional
15079,functional
34581,functional
39433,functional
2304,non functional
2945,functional
23346,non functional
44828,functional
49721,non functional
71033,non functional
47384,functional
44601,functional
68092,functional
42154,functional
52164,functional
74199,non functional
12941,functional
60375,non functional
11137,functional
65336,functional
65205,non functional
17946,functional
325,functional
34069,functional
74158,functional
43300,functional
18084,functional
42056,functional
63482,functional
26998,functional
3786,non functional
20984,non functional
44185,functional
42953,non functional
29532,non functional
59116,functional
54548,non functional
7434,non functional
52954,functional
48290,non functional
7005,non functional
30986,functional
30804,functional
47599,functional
23158,functional
27882,functional
60597,functional
16209,functional
71799,non functional
55200,non functional
49695,non functional
55936,non functional
55007,functional
58956,non functional
33940,functional
27302,functional
15643,functional
19865,functional needs repair
14934,functional
42827,non functional
6021,functional
20827,functional
66083,functional
67582,non functional
70691,functional
8817,non functional
46728,functional
14678,non functional
8981,non functional
47125,functional
24045,functional
14286,functional
6122,non functional
23214,functional
4608,non functional
15574,non functional
26410,functional
70218,functional
9558,functional
61097,non functional
1300,functional
12059,functional
1147,non functional
71030,functional
23419,functional
30845,non functional
44592,non functional
28261,functional
19893,non functional
19397,functional
48138,functional
60640,functional
62789,functional
56516,non functional
73999,functional
35129,functional
12835,non functional
58285,non functional
139,functional
52079,functional
57666,non functional
9419,non functional
19884,non functional
1959,functional
5933,non functional
31232,functional
35564,functional
59169,functional
60533,functional
40773,functional
12855,functional
7679,functional
35814,non functional
30866,functional
6801,functional
62637,functional
69360,functional
5728,functional
6286,non functional
33284,functional
56496,functional needs repair
3532,functional
38065,functional
17223,functional
4044,functional
64257,non functional
6430,functional
15709,functional
29362,non functional
24605,non functional
24655,functional
40233,functional
24840,functional
11521,non functional
4598,non functional
30313,functional
15461,non functional
34008,functional needs repair
62836,non functional
21752,functional
60755,non functional
62231,non functional
53141,functional
30082,functional
43183,functional
22335,functional
38192,functional
30864,functional
22682,non functional
59681,functional
68209,functional
50794,non functional
49602,non functional
23576,functional
71712,non functional
43379,non functional
21907,non functional
34701,functional
47757,non functional
32505,non functional
23243,non functional
50425,functional
10472,functional
31898,non functional
57184,functional
58510,functional
61881,functional
40598,functional
51532,non functional
49427,functional
2302,functional
36508,functional
45152,non functional
53952,functional
7477,non functional
29277,non functional
58769,functional
35714,functional
53585,non functional
47250,functional
4543,functional needs repair
2668,functional
62778,non functional
8951,non functional
72297,functional
56175,non functional
5299,functional needs repair
6640,functional
36552,functional needs repair
67177,functional
16851,non functional
29937,functional
17536,functional
13711,functional needs repair
49847,non functional
67816,functional
14358,functional
43686,non functional
4269,non functional
71324,non functional
18975,non functional
53242,functional
55815,functional
18644,functional
3084,functional
20319,functional needs repair
34933,functional
33091,functional
49583,functional
71314,functional
60099,non functional
37156,functional
21568,functional
64302,functional
30885,functional needs repair
39205,functional
5614,non functional
73224,functional
5736,functional
33474,functional
11809,functional
54354,functional
2762,functional
63943,non functional
26894,non functional
17087,functional needs repair
72512,functional
2602,functional
21935,non functional
21799,functional
46853,functional
57366,functional
50590,functional
49068,non functional
39127,non functional
29860,non functional
28789,functional
46384,functional
59207,functional
38118,non functional
33372,functional
24545,functional
56171,functional
6350,non functional
11131,functional
24778,non functional
65729,functional
59034,functional
15859,non functional
60741,non functional
28579,non functional
34884,functional needs repair
21853,functional
49033,non functional
32427,functional
73469,functional
18076,functional
41642,non functional
72482,functional
69932,functional
56286,non functional
57320,functional needs repair
50066,functional
32640,non functional
19641,functional
16771,non functional
6558,functional
60495,functional
22404,functional
66805,functional
34697,non functional
65466,functional
29583,functional
45615,functional
73278,functional
65068,functional
52343,non functional
46359,non functional
46989,non functional
2517,functional needs repair
26596,functional
62596,functional
64532,functional
29857,functional
13303,non functional
3690,non functional
71385,functional
45119,functional
72671,functional
16901,non functional
16868,functional
13586,functional
14015,functional
44000,non functional
37710,functional
16447,functional
1973,non functional
53143,functional
15841,functional
7023,non functional
28774,functional
46286,non functional
20369,non functional
20018,functional
59061,non functional
13856,non functional
36992,non functional
54928,non functional
8392,non functional
51037,non functional
46463,non functional
29017,non functional
38842,non functional
48581,non functional
9818,non functional
65090,non functional
48185,non functional
25380,non functional
49392,non functional
57784,non functional
73838,non functional
20620,functional needs repair
68127,non functional
4169,functional
24091,non functional
21685,non functional
34600,functional
28730,non functional
214,non functional
30922,functional
49637,non functional
53239,functional
35223,functional
14611,functional
42421,functional needs repair
66697,non functional
21599,functional
35789,non functional
21518,functional
30916,functional needs repair
13803,functional
22091,functional
17252,non functional
27190,non functional
9699,functional
52113,non functional
58634,non functional
50125,functional
20517,functional needs repair
46846,non functional
59930,functional
73081,non functional
50756,functional needs repair
72049,non functional
71509,functional
34605,functional
46706,functional
58100,functional needs repair
46099,non functional
9992,functional
21615,non functional
58519,non functional
50449,functional
70030,functional
35252,functional
60856,functional needs repair
9724,functional
62890,functional
66348,non functional
68273,functional
23344,functional needs repair
61669,functional
18205,non functional
14597,non functional
52501,non functional
59932,functional
67864,functional needs repair
19529,functional
41983,functional
48854,functional
40780,functional
5388,functional needs repair
27915,non functional
35053,non functional
2348,non functional
15250,non functional
35581,functional
24215,non functional
71296,functional needs repair
69724,functional
32768,functional needs repair
31916,functional
25527,functional
36554,non functional
62625,non functional
39966,non functional
25219,non functional
28027,functional
72960,non functional
11635,functional
47346,non functional
11890,non functional
24273,functional needs repair
17177,functional
72885,functional
31413,non functional
42311,functional needs repair
14183,functional
33299,functional
43746,non functional
24000,non functional
31883,non functional
23439,functional
48849,non functional
26065,functional
58688,non functional
35038,functional
6646,non functional
13466,non functional
54630,functional
336,non functional
16441,functional
9778,functional
12581,non functional
67597,functional
48688,functional
16922,functional
14989,functional
38992,functional needs repair
14018,non functional
49949,functional
14906,non functional
46461,functional
67559,non functional
51335,non functional
23367,functional
6814,functional
477,non functional
72514,functional
52215,non functional
14407,functional
13858,functional needs repair
27067,functional
44555,functional
63824,functional
280,non functional
57325,functional
5990,functional
30580,functional
28300,functional
46835,functional
6004,functional
33460,functional
21468,functional
16218,non functional
12403,functional
27530,functional
50144,functional
59928,functional
14440,functional
65286,functional needs repair
55447,non functional
2885,functional
66607,non functional
72401,functional
1609,functional
71954,non functional
55602,functional
73509,functional
33967,functional
12937,functional
49697,non functional
39763,functional
17501,functional
51426,non functional
67760,functional
9435,non functional
23675,non functional
553,functional
6360,functional
73071,functional
5213,non functional
55910,non functional
15338,non functional
35936,non functional
49209,functional
15084,functional
63114,non functional
18880,non functional
33558,functional
46264,functional
56364,functional
51111,functional
49828,non functional
61701,non functional
6057,functional
61313,non functional
17885,functional
63101,functional
53986,functional
40596,functional
47630,functional
53520,functional
2300,non functional
73055,functional needs repair
68565,functional
69441,non functional
52200,functional
69087,non functional
43224,functional
68776,functional needs repair
55649,non functional
29656,functional
1592,non functional
8265,non functional
22971,non functional
43774,functional
19555,functional needs repair
34848,non functional
5126,non functional
17391,functional
30602,non functional
6626,functional
65766,non functional
60009,non functional
23922,non functional
16459,functional
36555,functional
8122,non functional
11410,functional
46726,functional
27987,non functional
53106,functional
65264,functional
71588,non functional
16677,functional
22541,functional
57926,functional
6484,functional
70778,functional
69966,functional
8667,non functional
60874,functional
3980,non functional
44530,functional
36611,functional
45215,functional
40953,functional needs repair
62904,functional
47839,non functional
54145,functional
68019,functional needs repair
58986,functional
45993,functional
60677,non functional
44039,functional
36264,functional
35659,functional needs repair
71587,non functional
66131,non functional
69044,functional
64580,functional
55724,functional needs repair
53194,functional
28386,functional
24624,non functional
17324,non functional
32185,functional needs repair
23799,non functional
34500,non functional
61402,non functional
72599,functional
30533,functional
37698,functional
42323,functional
34134,functional needs repair
53659,non functional
40597,non functional
35043,non functional
19005,functional needs repair
43105,non functional
35907,functional
28787,functional
35864,functional
24718,functional
35957,non functional
46867,functional needs repair
30161,non functional
46677,functional
9107,functional
14885,functional
55740,functional
70502,functional
62288,non functional
62449,functional
34158,functional
41129,functional needs repair
18481,functional
3850,non functional
30823,non functional
35707,functional
5088,functional
25080,functional needs repair
52226,functional
5972,functional
64390,functional
1058,functional
57754,non functional
68080,functional
57985,non functional
21404,functional
9808,functional
6358,non functional
47983,functional
43864,functional needs repair
36615,functional
51967,non functional
37584,non functional
52415,non functional
69408,non functional
35979,functional
9025,functional
32007,functional
59096,non functional
17354,functional
14049,non functional
61301,non functional
54488,functional
69295,functional needs repair
72215,functional
33576,non functional
43477,functional
23106,functional needs repair
71087,non functional
17921,functional
38260,functional
18973,functional
3435,functional
61403,non functional
42296,functional
71100,non functional
66344,non functional
53712,non functional
42944,functional
50546,functional
62415,non functional
33676,functional
44411,functional
51391,non functional
22162,functional
24302,functional
15102,functional
33898,functional
5478,non functional
73182,non functional
7061,functional needs repair
71616,non functional
30511,functional
6628,functional
15390,functional
4573,non functional
2397,functional
21312,non functional
47570,functional
65099,non functional
6288,functional
63682,non functional
54853,functional
5054,non functional
16421,functional
71548,non functional
69827,non functional
66600,non functional
17265,functional
368,functional
19683,functional
62903,functional
55257,functional
17218,functional
52996,non functional
64821,non functional
10934,functional
55262,non functional
38022,non functional
8285,functional
12230,functional
56354,non functional
30393,functional needs repair
11910,non functional
51556,functional
9413,functional
71505,functional
43152,functional needs repair
14136,non functional
52937,functional
49715,functional
49716,functional
28012,non functional
67823,functional
60858,non functional
58667,functional
19307,functional
17032,non functional
36396,functional
26622,functional
20384,non functional
35583,non functional
35788,non functional
27510,functional
38730,functional
35179,non functional
51871,functional
1142,non functional
45063,functional
64404,functional
22796,functional
29760,functional needs repair
28689,functional
16754,non functional
58353,functional
32239,functional
32193,functional needs repair
13268,functional
46282,non functional
12202,functional
65458,functional
37282,non functional
38132,functional
67624,functional
35335,functional
3567,non functional
62824,functional
26608,functional
71757,functional
28084,functional
24740,non functional
12635,functional needs repair
33253,non functional
12601,functional
33281,functional
23162,functional needs repair
69970,functional
10655,functional
58319,non functional
13984,non functional
10254,functional
10156,functional
70156,functional
32938,non functional
73937,non functional
25776,non functional
4470,functional
70032,non functional
47055,non functional
2646,functional needs repair
13328,non functional
10214,functional
58867,non functional
65760,functional
42142,functional
436,functional needs repair
67375,functional
5787,non functional
41784,non functional
37195,non functional
56151,functional
6455,non functional
18760,functional
46617,functional
33729,functional
45764,non functional
2496,non functional
43529,functional
43691,functional
70690,non functional
41785,functional
48971,non functional
13406,functional
72153,functional
10048,non functional
53864,non functional
28122,functional
29053,functional
25540,functional
56963,non functional
74226,functional
18487,functional needs repair
22447,functional
20930,functional
57869,non functional
28898,functional
38200,functional
50085,non functional
72046,functional
64630,non functional
69977,functional
15272,functional
17499,functional
53049,non functional
63798,functional
46173,functional
69898,functional
4449,functional needs repair
15973,functional
850,functional
12689,functional
7803,functional
28831,functional
29534,non functional
20672,non functional
10282,non functional
64193,functional
28687,functional
